Bomdila,,Sub Post Office,Delivery,North Eastern,West Kameng,Arunachal Pradesh,Shillong HQ,Bomdila,Arunachal Pradesh,India,790001
Nafra,,Branch Post Office,Delivery,North Eastern,West Kameng,Arunachal Pradesh,Shillong HQ,Nafra,Arunachal Pradesh,India,790001
Rahung,,Branch Post Office,Delivery,North Eastern,Papum Pare,Arunachal Pradesh,Shillong HQ,NA,Arunachal Pradesh,India,790001
Salari,,Branch Post Office,Delivery,North Eastern,West Kameng,Arunachal Pradesh,Shillong HQ,Salari,Arunachal Pradesh,India,790001
Balemu,,Branch Post Office,Delivery,North Eastern,West Kameng,Arunachal Pradesh,Shillong HQ,Kalaktang,Arunachal Pradesh,India,790002
Kalaktang,,Sub Post Office,Delivery,North Eastern,West Kameng,Arunachal Pradesh,Shillong HQ,Kalaktang,Arunachal Pradesh,India,790002
Tenzingaon,,Branch Post Office,Delivery,North Eastern,West Kameng,Arunachal Pradesh,Shillong HQ,Kalaktang,Arunachal Pradesh,India,790002
Rupa,,Sub Post Office,Delivery,North Eastern,West Kameng,Arunachal Pradesh,Shillong HQ,Rupa,Arunachal Pradesh,India,790003
Shergaon,,Branch Post Office,Delivery,North Eastern,West Kameng,Arunachal Pradesh,Shillong HQ,Rupa,Arunachal Pradesh,India,790003
Dirang,,Sub Post Office,Delivery,North Eastern,West Kameng,Arunachal Pradesh,Shillong HQ,Dirang,Arunachal Pradesh,India,790101
Dirang Basti,,Branch Post Office,Delivery,North Eastern,West Kameng,Arunachal Pradesh,Shillong HQ,Dirang Basti,Arunachal Pradesh,India,790101
Lish,,Branch Post Office,Delivery,North Eastern,West Kameng,Arunachal Pradesh,Shillong HQ,Lish,Arunachal Pradesh,India,790101
Munna Camp,,Branch Post Office,Delivery,North Eastern,West Kameng,Arunachal Pradesh,Shillong HQ,Munna Camp,Arunachal Pradesh,India,790101
Sangti,,Branch Post Office,Delivery,North Eastern,West Kameng,Arunachal Pradesh,Shillong HQ,Sangti,Arunachal Pradesh,India,790101
Senge,,Branch Post Office,Delivery,North Eastern,West Kameng,Arunachal Pradesh,Shillong HQ,Senge,Arunachal Pradesh,India,790101
Bameng,,Branch Post Office,Delivery,North Eastern,East Kameng,Arunachal Pradesh,Shillong HQ,Seppa,Arunachal Pradesh,India,790102
Bana,,Branch Post Office,Delivery,North Eastern,East Kameng,Arunachal Pradesh,Shillong HQ,Seppa,Arunachal Pradesh,India,790102
Chyangtajo,,Branch Post Office,Delivery,North Eastern,East Kameng,Arunachal Pradesh,Shillong HQ,Seppa,Arunachal Pradesh,India,790102
Khenewa,,Branch Post Office,Delivery,North Eastern,East Kameng,Arunachal Pradesh,Shillong HQ,Seppa,Arunachal Pradesh,India,790102
Lada,,Branch Post Office,Delivery,North Eastern,East Kameng,Arunachal Pradesh,Shillong HQ,Seppa,Arunachal Pradesh,India,790102
P.Kessang,,Branch Post Office,Delivery,North Eastern,East Kameng,Arunachal Pradesh,Shillong HQ,Seppa,Arunachal Pradesh,India,790102
Palizi,,Branch Post Office,Delivery,North Eastern,West Kameng,Arunachal Pradesh,Shillong HQ,Seppa,Arunachal Pradesh,India,790102
Pipu-dipu,,Branch Post Office,Delivery,North Eastern,East Kameng,Arunachal Pradesh,Shillong HQ,Seppa,Arunachal Pradesh,India,790102
Seppa,,Sub Post Office,Delivery,North Eastern,East Kameng,Arunachal Pradesh,Shillong HQ,Seppa,Arunachal Pradesh,India,790102
Thrizino,,Branch Post Office,Delivery,North Eastern,West Kameng,Arunachal Pradesh,Shillong HQ,Seppa,Arunachal Pradesh,India,790102
Veo,,Branch Post Office,Delivery,North Eastern,East Kameng,Arunachal Pradesh,Shillong HQ,Seppa,Arunachal Pradesh,India,790102
Seijosa,,Sub Post Office,Delivery,North Eastern,East Kameng,Arunachal Pradesh,Shillong HQ,Seijosa,Arunachal Pradesh,India,790103
B.Supply,,Branch Post Office,Delivery,North Eastern,Tawang,Arunachal Pradesh,Shillong HQ,Tawang,Arunachal Pradesh,India,790104
Kitpi,,Branch Post Office,Delivery,North Eastern,Tawang,Arunachal Pradesh,Shillong HQ,Tawang,Arunachal Pradesh,India,790104
Lumberdung,,Branch Post Office,Delivery,North Eastern,Tawang,Arunachal Pradesh,Shillong HQ,Tawang,Arunachal Pradesh,India,790104
Sakpret,,Branch Post Office,Delivery,North Eastern,Tawang,Arunachal Pradesh,Shillong HQ,Tawang,Arunachal Pradesh,India,790104
Tawang,,Sub Post Office,Delivery,North Eastern,Tawang,Arunachal Pradesh,Shillong HQ,Tawang,Arunachal Pradesh,India,790104
Temple Gompa,,Branch Post Office,Delivery,North Eastern,Tawang,Arunachal Pradesh,Shillong HQ,Tawang,Arunachal Pradesh,India,790104
Jang,,Sub Post Office,Delivery,North Eastern,Tawang,Arunachal Pradesh,Shillong HQ,Tang,Arunachal Pradesh,India,790105
Lhou,,Branch Post Office,Delivery,North Eastern,Tawang,Arunachal Pradesh,Shillong HQ,Jang,Arunachal Pradesh,India,790105
Mukto,,Branch Post Office,Delivery,North Eastern,Tawang,Arunachal Pradesh,Shillong HQ,Jang,Arunachal Pradesh,India,790105
Thingbu,,Branch Post Office,Delivery,North Eastern,Tawang,Arunachal Pradesh,Shillong HQ,Jang,Arunachal Pradesh,India,790105
Gispu,,Branch Post Office,Delivery,North Eastern,Tawang,Arunachal Pradesh,Shillong HQ,Lumla,Arunachal Pradesh,India,790106
Lumla,,Sub Post Office,Delivery,North Eastern,Tawang,Arunachal Pradesh,Shillong HQ,Lumla,Arunachal Pradesh,India,790106
Zimithang,,Branch Post Office,Delivery,North Eastern,Tawang,Arunachal Pradesh,Shillong HQ,Lumla,Arunachal Pradesh,India,790106
Bhalukpong,,Sub Post Office,Delivery,North Eastern,West Kameng,Arunachal Pradesh,Shillong HQ,Bhalukpong,Arunachal Pradesh,India,790114
Khellong,,Branch Post Office,Delivery,North Eastern,West Kameng,Arunachal Pradesh,Shillong HQ,Khellong,Arunachal Pradesh,India,790114
Tippi,,Branch Post Office,Delivery,North Eastern,West Kameng,Arunachal Pradesh,Shillong HQ,Tippi,Arunachal Pradesh,India,790114
Dahung,,Branch Post Office,Delivery,North Eastern,West Kameng,Arunachal Pradesh,Shillong HQ,Tenga Market,Arunachal Pradesh,India,790116
Dedza,,Branch Post Office,Delivery,North Eastern,West Kameng,Arunachal Pradesh,Shillong HQ,Tenga Market,Arunachal Pradesh,India,790116
Singchung,,Branch Post Office,Delivery,North Eastern,West Kameng,Arunachal Pradesh,Shillong HQ,Tenga Market,Arunachal Pradesh,India,790116
Tenga Market,,Sub Post Office,Delivery,North Eastern,West Kameng,Arunachal Pradesh,Shillong HQ,Tengaf Market,Arunachal Pradesh,India,790116
Along,,Sub Post Office,Delivery,North Eastern,West Siang,Arunachal Pradesh,Shillong HQ,Bordumsa Circle,Arunachal Pradesh,India,791001
Bagra,,Branch Post Office,Delivery,North Eastern,West Siang,Arunachal Pradesh,Shillong HQ,Bagra,Arunachal Pradesh,India,791001
Bene,,Branch Post Office,Delivery,North Eastern,West Siang,Arunachal Pradesh,Shillong HQ,Bene,Arunachal Pradesh,India,791001
Darak,,Branch Post Office,Delivery,North Eastern,West Siang,Arunachal Pradesh,Shillong HQ,Darak,Arunachal Pradesh,India,791001
Darka,,Branch Post Office,Delivery,North Eastern,West Siang,Arunachal Pradesh,Shillong HQ,Darka,Arunachal Pradesh,India,791001
Kambang,,Branch Post Office,Delivery,North Eastern,West Siang,Arunachal Pradesh,Shillong HQ,Kambang,Arunachal Pradesh,India,791001
Kaying,,Branch Post Office,Delivery,North Eastern,West Siang,Arunachal Pradesh,Shillong HQ,Kaying,Arunachal Pradesh,India,791001
Kombo,,Branch Post Office,Delivery,North Eastern,West Siang,Arunachal Pradesh,Shillong HQ,Kombo,Arunachal Pradesh,India,791001
Logum Jining,,Branch Post Office,Delivery,North Eastern,West Siang,Arunachal Pradesh,Shillong HQ,Logum Jining,Arunachal Pradesh,India,791001
Monigong,,Branch Post Office,Delivery,North Eastern,West Siang,Arunachal Pradesh,Shillong HQ,Monigong,Arunachal Pradesh,India,791001
Nikte,,Branch Post Office,Delivery,North Eastern,West Siang,Arunachal Pradesh,Shillong HQ,Nikte,Arunachal Pradesh,India,791001
Payum,,Branch Post Office,Delivery,North Eastern,West Siang,Arunachal Pradesh,Shillong HQ,Payum,Arunachal Pradesh,India,791001
Pessing,,Branch Post Office,Delivery,North Eastern,Papum Pare,Arunachal Pradesh,Shillong HQ,NA,Arunachal Pradesh,India,791001
Rumgong,,Branch Post Office,Delivery,North Eastern,West Siang,Arunachal Pradesh,Shillong HQ,Gumgong,Arunachal Pradesh,India,791001
Tato,,Branch Post Office,Delivery,North Eastern,West Siang,Arunachal Pradesh,Shillong HQ,Tato,Arunachal Pradesh,India,791001
Vivek Nagar,,Branch Post Office,Delivery,North Eastern,West Siang,Arunachal Pradesh,Shillong HQ,Vivek Nagar,Arunachal Pradesh,India,791001
Yoji Yora,,Branch Post Office,Delivery,North Eastern,West Siang,Arunachal Pradesh,Shillong HQ,Yoji Yora,Arunachal Pradesh,India,791001
Yomcha,,Branch Post Office,Delivery,North Eastern,West Siang,Arunachal Pradesh,Shillong HQ,Yomcha,Arunachal Pradesh,India,791001
Geku,,Branch Post Office,Delivery,North Eastern,Upper Siang,Arunachal Pradesh,Shillong HQ,Yingkiong,Arunachal Pradesh,India,791002
Karko,,Branch Post Office,Delivery,North Eastern,Upper Siang,Arunachal Pradesh,Shillong HQ,Yingkiong,Arunachal Pradesh,India,791002
Mariyang,,Branch Post Office,Delivery,North Eastern,Upper Siang,Arunachal Pradesh,Shillong HQ,Yingkiong,Arunachal Pradesh,India,791002
Shimong,,Branch Post Office,Delivery,North Eastern,Upper Siang,Arunachal Pradesh,Shillong HQ,Yingkiong,Arunachal Pradesh,India,791002
Yingkiong,,Sub Post Office,Delivery,North Eastern,Upper Siang,Arunachal Pradesh,Shillong HQ,Yingkiong,Arunachal Pradesh,India,791002
Mechuka,,Sub Post Office,Delivery,North Eastern,West Siang,Arunachal Pradesh,Shillong HQ,Mechuka,Arunachal Pradesh,India,791003
Bame,,Branch Post Office,Delivery,North Eastern,West Siang,Arunachal Pradesh,Shillong HQ,Bame,Arunachal Pradesh,India,791101
Basar (West Siang),,Sub Post Office,Delivery,North Eastern,West Siang,Arunachal Pradesh,Shillong HQ,Basar,Arunachal Pradesh,India,791101
Dali,,Branch Post Office,Delivery,North Eastern,West Siang,Arunachal Pradesh,Shillong HQ,Dali,Arunachal Pradesh,India,791101
Daring,,Branch Post Office,Delivery,North Eastern,West Siang,Arunachal Pradesh,Shillong HQ,Daring,Arunachal Pradesh,India,791101
Liromoba,,Branch Post Office,Delivery,North Eastern,West Siang,Arunachal Pradesh,Shillong HQ,Liromoba,Arunachal Pradesh,India,791101
Tirbin,,Branch Post Office,Delivery,North Eastern,West Siang,Arunachal Pradesh,Shillong HQ,Tirbin,Arunachal Pradesh,India,791101
Adipasi,,Branch Post Office,Delivery,North Eastern,East Siang,Arunachal Pradesh,Shillong HQ,Pasighat,Arunachal Pradesh,India,791102
Balek,,Branch Post Office,Delivery,North Eastern,East Siang,Arunachal Pradesh,Shillong HQ,Pasighat,Arunachal Pradesh,India,791102
Bilat,,Branch Post Office,Delivery,North Eastern,East Siang,Arunachal Pradesh,Shillong HQ,Pasighat,Arunachal Pradesh,India,791102
Boleng,,Branch Post Office,Delivery,North Eastern,East Siang,Arunachal Pradesh,Shillong HQ,Pasighat,Arunachal Pradesh,India,791102
Dalbing,,Branch Post Office,Delivery,North Eastern,Upper Siang,Arunachal Pradesh,Shillong HQ,Pasighat,Arunachal Pradesh,India,791102
Damro,,Branch Post Office,Delivery,North Eastern,East Siang,Arunachal Pradesh,Shillong HQ,Pasighat,Arunachal Pradesh,India,791102
Debing,,Branch Post Office,Delivery,North Eastern,East Siang,Arunachal Pradesh,Shillong HQ,Pasighat,Arunachal Pradesh,India,791102
GTC,,Branch Post Office,Delivery,North Eastern,East Siang,Arunachal Pradesh,Shillong HQ,Pasight,Arunachal Pradesh,India,791102
Kebang,,Branch Post Office,Delivery,North Eastern,East Siang,Arunachal Pradesh,Shillong HQ,Pasighat,Arunachal Pradesh,India,791102
Korang,,Branch Post Office,Delivery,North Eastern,East Siang,Arunachal Pradesh,Shillong HQ,Pasighat,Arunachal Pradesh,India,791102
Koyu,,Branch Post Office,Delivery,North Eastern,East Siang,Arunachal Pradesh,Shillong HQ,Pasighat,Arunachal Pradesh,India,791102
Ledum,,Branch Post Office,Delivery,North Eastern,East Siang,Arunachal Pradesh,Shillong HQ,Pasighat,Arunachal Pradesh,India,791102
Nari,,Branch Post Office,Delivery,North Eastern,East Siang,Arunachal Pradesh,Shillong HQ,Pasighat,Arunachal Pradesh,India,791102
Oyan,,Branch Post Office,Delivery,North Eastern,East Siang,Arunachal Pradesh,Shillong HQ,Pasighat,Arunachal Pradesh,India,791102
Pangin,,Branch Post Office,Delivery,North Eastern,East Siang,Arunachal Pradesh,Shillong HQ,Pasighat,Arunachal Pradesh,India,791102
Pasighat,,Sub Post Office,Delivery,North Eastern,East Siang,Arunachal Pradesh,Shillong HQ,Pasighat,Arunachal Pradesh,India,791102
Rani,,Branch Post Office,Delivery,North Eastern,East Siang,Arunachal Pradesh,Shillong HQ,Pasighat,Arunachal Pradesh,India,791102
Renging,,Branch Post Office,Delivery,North Eastern,East Siang,Arunachal Pradesh,Shillong HQ,Pasighat,Arunachal Pradesh,India,791102
Riga,,Branch Post Office,Delivery,North Eastern,East Siang,Arunachal Pradesh,Shillong HQ,Pasighat,Arunachal Pradesh,India,791102
Ruksin,,Branch Post Office,Delivery,North Eastern,East Siang,Arunachal Pradesh,Shillong HQ,Pasighat,Arunachal Pradesh,India,791102
Sille,,Branch Post Office,Delivery,North Eastern,East Siang,Arunachal Pradesh,Shillong HQ,Pasighat,Arunachal Pradesh,India,791102
Yagrung,,Branch Post Office,Delivery,North Eastern,East Siang,Arunachal Pradesh,Shillong HQ,Pasighat,Arunachal Pradesh,India,791102
Hill Top,,Sub Post Office,Delivery,North Eastern,East Siang,Arunachal Pradesh,Shillong HQ,Pasighat,Arunachal Pradesh,India,791103
Ayeng,,Branch Post Office,Delivery,North Eastern,East Siang,Arunachal Pradesh,Shillong HQ,Mebo,Arunachal Pradesh,India,791104
Borguli,,Branch Post Office,Delivery,North Eastern,East Siang,Arunachal Pradesh,Shillong HQ,Mebo,Arunachal Pradesh,India,791104
Mebo,,Sub Post Office,Delivery,North Eastern,East Siang,Arunachal Pradesh,Shillong HQ,Mebo,Arunachal Pradesh,India,791104
Namsing,,Branch Post Office,Delivery,North Eastern,East Siang,Arunachal Pradesh,Shillong HQ,Mebo,Arunachal Pradesh,India,791104
Ngopok,,Branch Post Office,Delivery,North Eastern,East Siang,Arunachal Pradesh,Shillong HQ,Mebo,Arunachal Pradesh,India,791104
Silluk,,Branch Post Office,Delivery,North Eastern,East Siang,Arunachal Pradesh,Shillong HQ,Mebo,Arunachal Pradesh,India,791104
Sirem,,Branch Post Office,Delivery,North Eastern,East Siang,Arunachal Pradesh,Shillong HQ,Mebo,Arunachal Pradesh,India,791104
Gelling,,Branch Post Office,Delivery,North Eastern,Upper Siang,Arunachal Pradesh,Shillong HQ,Tuting,Arunachal Pradesh,India,791105
Migging,,Branch Post Office,Delivery,North Eastern,Upper Siang,Arunachal Pradesh,Shillong HQ,Tuting,Arunachal Pradesh,India,791105
Singa,,Branch Post Office,Delivery,North Eastern,Upper Siang,Arunachal Pradesh,Shillong HQ,Tuting,Arunachal Pradesh,India,791105
Tuting,,Sub Post Office,Delivery,North Eastern,Upper Siang,Arunachal Pradesh,Shillong HQ,Tuting,Arunachal Pradesh,India,791105
Nirjuli,,Sub Post Office,Delivery,North Eastern,Papum Pare,Arunachal Pradesh,Shillong HQ,Nirjuli,Arunachal Pradesh,India,791109
Model Village,,Branch Post Office,Delivery,North Eastern,Papum Pare,Arunachal Pradesh,Shillong HQ,Naharlagun,Arunachal Pradesh,India,791110
Naharlagun,,Sub Post Office,Delivery,North Eastern,Papum Pare,Arunachal Pradesh,Shillong HQ,Naharlagun,Arunachal Pradesh,India,791110
Yupia,,Branch Post Office,Delivery,North Eastern,Papum Pare,Arunachal Pradesh,Shillong HQ,Yupia,Arunachal Pradesh,India,791110
Arunachal Pradesh Secretariat,,Sub Post Office,Non-Delivery,North Eastern,Papum Pare,Arunachal Pradesh,Shillong HQ,Itanagar,Arunachal Pradesh,India,791111
Itanagar,,Head Post Office,Delivery,North Eastern,Papum Pare,Arunachal Pradesh,Shillong HQ,Itanagar,Arunachal Pradesh,India,791111
Arunachal University,,Branch Post Office,Delivery,North Eastern,Papum Pare,Arunachal Pradesh,Shillong HQ,Yupia,Arunachal Pradesh,India,791112
Doimukh,,Sub Post Office,Delivery,North Eastern,Papum Pare,Arunachal Pradesh,Shillong HQ,Diomukh,Arunachal Pradesh,India,791112
Kheel,,Branch Post Office,Delivery,North Eastern,Papum Pare,Arunachal Pradesh,Shillong HQ,Doimukh,Arunachal Pradesh,India,791112
Midpu,,Branch Post Office,Delivery,North Eastern,Papum Pare,Arunachal Pradesh,Shillong HQ,Doimukh,Arunachal Pradesh,India,791112
Saglee,,Branch Post Office,Delivery,North Eastern,Papum Pare,Arunachal Pradesh,Shillong HQ,Saglee,Arunachal Pradesh,India,791112
Chimpu,,Branch Post Office,Delivery,North Eastern,Lower Subansiri,Arunachal Pradesh,Shillong HQ,Itanagar,Arunachal Pradesh,India,791113
Donyi Polo,,Branch Post Office,Delivery,North Eastern,Papum Pare,Arunachal Pradesh,Shillong HQ,Itanagar,Arunachal Pradesh,India,791113
Ram Krishna Mission,,Sub Post Office,Delivery,North Eastern,Papum Pare,Arunachal Pradesh,Shillong HQ,Itanagar,Arunachal Pradesh,India,791113
Suchana Nagar,,Branch Post Office,Delivery,North Eastern,Papum Pare,Arunachal Pradesh,Shillong HQ,NA,Arunachal Pradesh,India,791113
Vivek Vihar,,Branch Post Office,Delivery,North Eastern,Papum Pare,Arunachal Pradesh,Shillong HQ,Itanagar,Arunachal Pradesh,India,791113
Chambang,,Branch Post Office,Delivery,North Eastern,Kurung Kumey,Arunachal Pradesh,Shillong HQ,Chambang,Arunachal Pradesh,India,791118
Damin,,Branch Post Office,Delivery,North Eastern,Kurung Kumey,Arunachal Pradesh,Shillong HQ,Damin,Arunachal Pradesh,India,791118
Hiya,,Branch Post Office,Delivery,North Eastern,Kurung Kumey,Arunachal Pradesh,Shillong HQ,Nyapin,Arunachal Pradesh,India,791118
Koloriang,,Branch Post Office,Delivery,North Eastern,Kurung Kumey,Arunachal Pradesh,Shillong HQ,Koloriang,Arunachal Pradesh,India,791118
Nyapin,,Branch Post Office,Delivery,North Eastern,Kurung Kumey,Arunachal Pradesh,Shillong HQ,Nyapin,Arunachal Pradesh,India,791118
Palin,,Sub Post Office,Delivery,North Eastern,Kurung Kumey,Arunachal Pradesh,Shillong HQ,Palin,Arunachal Pradesh,India,791118
Sangram,,Branch Post Office,Delivery,North Eastern,Kurung Kumey,Arunachal Pradesh,Shillong HQ,Koloriang,Arunachal Pradesh,India,791118
Sarli,,Branch Post Office,Delivery,North Eastern,Kurung Kumey,Arunachal Pradesh,Shillong HQ,Koloriang,Arunachal Pradesh,India,791118
Tali,,Branch Post Office,Delivery,North Eastern,Kurung Kumey,Arunachal Pradesh,Shillong HQ,Tali,Arunachal Pradesh,India,791118
Mengio,,Branch Post Office,Delivery,North Eastern,Papum Pare,Arunachal Pradesh,Shillong HQ,Ziro,Arunachal Pradesh,India,791119
Ranga Nadi Project,,Sub Post Office,Delivery,North Eastern,Lower Subansiri,Arunachal Pradesh,Shillong HQ,R N Project,Arunachal Pradesh,India,791119
Yazali,,Branch Post Office,Delivery,North Eastern,Lower Subansiri,Arunachal Pradesh,Shillong HQ,Ziro,Arunachal Pradesh,India,791119
Boasimla,,Branch Post Office,Delivery,North Eastern,Lower Subansiri,Arunachal Pradesh,Shillong HQ,Ziro,Arunachal Pradesh,India,791120
Deed,,Branch Post Office,Delivery,North Eastern,Lower Subansiri,Arunachal Pradesh,Shillong HQ,Ziro,Arunachal Pradesh,India,791120
Godak,,Branch Post Office,Delivery,North Eastern,Lower Subansiri,Arunachal Pradesh,Shillong HQ,Ziro,Arunachal Pradesh,India,791120
Hija,,Branch Post Office,Delivery,North Eastern,Lower Subansiri,Arunachal Pradesh,Shillong HQ,Ziro,Arunachal Pradesh,India,791120
Joram,,Branch Post Office,Delivery,North Eastern,Lower Subansiri,Arunachal Pradesh,Shillong HQ,Ziro,Arunachal Pradesh,India,791120
Old Ziro,,Branch Post Office,Delivery,North Eastern,Lower Subansiri,Arunachal Pradesh,Shillong HQ,Ziro,Arunachal Pradesh,India,791120
Raga,,Branch Post Office,Delivery,North Eastern,Lower Subansiri,Arunachal Pradesh,Shillong HQ,Ziro,Arunachal Pradesh,India,791120
Talo,,Branch Post Office,Delivery,North Eastern,Lower Subansiri,Arunachal Pradesh,Shillong HQ,Ziro,Arunachal Pradesh,India,791120
Yachuli,,Branch Post Office,Delivery,North Eastern,Lower Subansiri,Arunachal Pradesh,Shillong HQ,Ziro,Arunachal Pradesh,India,791120
Ziro,,Sub Post Office,Delivery,North Eastern,Lower Subansiri,Arunachal Pradesh,Shillong HQ,Ziro,Arunachal Pradesh,India,791120
Hawa Camp,,Branch Post Office,Delivery,North Eastern,Papum Pare,Arunachal Pradesh,Shillong HQ,Kimin,Arunachal Pradesh,India,791121
Kimin,,Sub Post Office,Delivery,North Eastern,Papum Pare,Arunachal Pradesh,Shillong HQ,Kimin,Arunachal Pradesh,India,791121
Daporijo,,Sub Post Office,Delivery,North Eastern,Upper Subansiri,Arunachal Pradesh,Shillong HQ,Daporijo,Arunachal Pradesh,India,791122
Dumporijo,,Branch Post Office,Delivery,North Eastern,Upper Subansiri,Arunachal Pradesh,Shillong HQ,Dumporijo,Arunachal Pradesh,India,791122
Giba,,Branch Post Office,Delivery,North Eastern,Upper Subansiri,Arunachal Pradesh,Shillong HQ,Giba,Arunachal Pradesh,India,791122
Lemiking,,Branch Post Office,Delivery,North Eastern,Upper Subansiri,Arunachal Pradesh,Shillong HQ,Lemiking,Arunachal Pradesh,India,791122
Lepajaring,,Branch Post Office,Delivery,North Eastern,Upper Subansiri,Arunachal Pradesh,Shillong HQ,Lepajaring,Arunachal Pradesh,India,791122
Maro,,Branch Post Office,Delivery,North Eastern,Upper Subansiri,Arunachal Pradesh,Shillong HQ,Maro,Arunachal Pradesh,India,791122
Muri,,Branch Post Office,Delivery,North Eastern,Upper Subansiri,Arunachal Pradesh,Shillong HQ,Muri,Arunachal Pradesh,India,791122
Nacho,,Branch Post Office,Delivery,North Eastern,Upper Subansiri,Arunachal Pradesh,Shillong HQ,Nacho,Arunachal Pradesh,India,791122
Sippi,,Branch Post Office,Delivery,North Eastern,Upper Subansiri,Arunachal Pradesh,Shillong HQ,Sippi,Arunachal Pradesh,India,791122
Siyum,,Branch Post Office,Delivery,North Eastern,Upper Subansiri,Arunachal Pradesh,Shillong HQ,Siyum,Arunachal Pradesh,India,791122
Tabarijo,,Branch Post Office,Delivery,North Eastern,Upper Subansiri,Arunachal Pradesh,Shillong HQ,Tabarijo,Arunachal Pradesh,India,791122
Taksing,,Branch Post Office,Delivery,North Eastern,Upper Subansiri,Arunachal Pradesh,Shillong HQ,Taksing,Arunachal Pradesh,India,791122
Taliha,,Branch Post Office,Delivery,North Eastern,Upper Subansiri,Arunachal Pradesh,Shillong HQ,Taliha,Arunachal Pradesh,India,791122
Balijan,,Branch Post Office,Delivery,North Eastern,Papum Pare,Arunachal Pradesh,Shillong HQ,Balijan,Arunachal Pradesh,India,791123
Banderdewa,,Sub Post Office,Delivery,North Eastern,Papum Pare,Arunachal Pradesh,Shillong HQ,Banderdewa,Arunachal Pradesh,India,791123
Kokila,,Branch Post Office,Delivery,North Eastern,Papum Pare,Arunachal Pradesh,Shillong HQ,Kokila,Arunachal Pradesh,India,791123
Sonajuli,,Branch Post Office,Delivery,North Eastern,Papum Pare,Arunachal Pradesh,Shillong HQ,Sonajuli,Arunachal Pradesh,India,791123
Garu,,Branch Post Office,Delivery,North Eastern,West Siang,Arunachal Pradesh,Shillong HQ,Likabali,Arunachal Pradesh,India,791125
Gensi,,Branch Post Office,Delivery,North Eastern,West Siang,Arunachal Pradesh,Shillong HQ,Likabali,Arunachal Pradesh,India,791125
Likabali,,Sub Post Office,Delivery,North Eastern,West Siang,Arunachal Pradesh,Shillong HQ,Likabali,Arunachal Pradesh,India,791125
Changliang,,Branch Post Office,Delivery,North Eastern,Lohit,Arunachal Pradesh,Shillong HQ,Tezu,Arunachal Pradesh,India,792001
Danglat,,Branch Post Office,Delivery,North Eastern,Lohit,Arunachal Pradesh,Shillong HQ,Tezu,Arunachal Pradesh,India,792001
Gohaingaon,,Branch Post Office,Delivery,North Eastern,Lohit,Arunachal Pradesh,Shillong HQ,Tezu,Arunachal Pradesh,India,792001
Lohitpur,,Branch Post Office,Delivery,North Eastern,Lohit,Arunachal Pradesh,Shillong HQ,Tezu,Arunachal Pradesh,India,792001
Loiliang,,Branch Post Office,Delivery,North Eastern,Lohit,Arunachal Pradesh,Shillong HQ,Tezu,Arunachal Pradesh,India,792001
Tafragram,,Branch Post Office,Delivery,North Eastern,Lohit,Arunachal Pradesh,Shillong HQ,Tezu,Arunachal Pradesh,India,792001
Tezu,,Sub Post Office,Delivery,North Eastern,Lohit,Arunachal Pradesh,Shillong HQ,Tezu,Arunachal Pradesh,India,792001
Tezu Covt.College,,Branch Post Office,Delivery,North Eastern,Lohit,Arunachal Pradesh,Shillong HQ,Tezu,Arunachal Pradesh,India,792001
Tindolong,,Branch Post Office,Delivery,North Eastern,Lohit,Arunachal Pradesh,Shillong HQ,Tezu,Arunachal Pradesh,India,792001
Gandhigram,,Branch Post Office,Delivery,North Eastern,Changlang,Arunachal Pradesh,Shillong HQ,Vijoynagar,Arunachal Pradesh,India,792055
Two-hat,,Branch Post Office,Delivery,North Eastern,Changlang,Arunachal Pradesh,Shillong HQ,Vijoynagar,Arunachal Pradesh,India,792055
Vijoynagar,,Sub Post Office,Delivery,North Eastern,Changlang,Arunachal Pradesh,Shillong HQ,Vijoynagar,Arunachal Pradesh,India,792055
Bordumsa,,Sub Post Office,Delivery,North Eastern,Changlang,Arunachal Pradesh,Shillong HQ,Bordumsa,Arunachal Pradesh,India,792056
Kherem Bisa,,Branch Post Office,Delivery,North Eastern,Changlang,Arunachal Pradesh,Shillong HQ,Kherem Bisa,Arunachal Pradesh,India,792056
Lallung,,Branch Post Office,Delivery,North Eastern,Changlang,Arunachal Pradesh,Shillong HQ,Lallung,Arunachal Pradesh,India,792056
New Mohang,,Branch Post Office,Delivery,North Eastern,Changlang,Arunachal Pradesh,Shillong HQ,New Mohang,Arunachal Pradesh,India,792056
Rajanagar,,Branch Post Office,Delivery,North Eastern,Changlang,Arunachal Pradesh,Shillong HQ,Rajanagar,Arunachal Pradesh,India,792056
Vijoypur,,Branch Post Office,Delivery,North Eastern,Changlang,Arunachal Pradesh,Shillong HQ,Vijoypur,Arunachal Pradesh,India,792056
Alinye,,Branch Post Office,Delivery,North Eastern,Dibang Valley,Arunachal Pradesh,Shillong HQ,Alinye,Arunachal Pradesh,India,792101
Anelih,,Branch Post Office,Delivery,North Eastern,Dibang Valley,Arunachal Pradesh,Shillong HQ,Anelih,Arunachal Pradesh,India,792101
Anini,,Sub Post Office,Delivery,North Eastern,Dibang Valley,Arunachal Pradesh,Shillong HQ,NA,Arunachal Pradesh,India,792101
Alubari,,Branch Post Office,Delivery,North Eastern,Lohit,Arunachal Pradesh,Shillong HQ,Chowkham,Arunachal Pradesh,India,792102
Chakma,,Branch Post Office,Delivery,North Eastern,Lohit,Arunachal Pradesh,Shillong HQ,Chowkham,Arunachal Pradesh,India,792102
Chowkham,,Sub Post Office,Delivery,North Eastern,Lohit,Arunachal Pradesh,Shillong HQ,Chowkham,Arunachal Pradesh,India,792102
Kamlang Nagar,,Branch Post Office,Delivery,North Eastern,Lohit,Arunachal Pradesh,Shillong HQ,Kamlang Nagar,Arunachal Pradesh,India,792102
Kherem,,Branch Post Office,Delivery,North Eastern,Lohit,Arunachal Pradesh,Shillong HQ,Chowkham,Arunachal Pradesh,India,792102
Medo,,Branch Post Office,Delivery,North Eastern,Lohit,Arunachal Pradesh,Shillong HQ,Medo,Arunachal Pradesh,India,792102
Momong,,Branch Post Office,Delivery,North Eastern,Lohit,Arunachal Pradesh,Shillong HQ,Momong,Arunachal Pradesh,India,792102
Wakro,,Branch Post Office,Delivery,North Eastern,Lohit,Arunachal Pradesh,Shillong HQ,Wakro,Arunachal Pradesh,India,792102
Diyun,,Branch Post Office,Delivery,North Eastern,Lohit,Arunachal Pradesh,Shillong HQ,Namsai,Arunachal Pradesh,India,792103
Innao,,Branch Post Office,Delivery,North Eastern,Changlang,Arunachal Pradesh,Shillong HQ,Namsai,Arunachal Pradesh,India,792103
Jaipur,,Branch Post Office,Delivery,North Eastern,Lohit,Arunachal Pradesh,Shillong HQ,Namsai,Arunachal Pradesh,India,792103
Kumsai,,Branch Post Office,Delivery,North Eastern,Lohit,Arunachal Pradesh,Shillong HQ,Namsai,Arunachal Pradesh,India,792103
Lathao,,Branch Post Office,Delivery,North Eastern,Lohit,Arunachal Pradesh,Shillong HQ,Namsai,Arunachal Pradesh,India,792103
Manmao,,Branch Post Office,Delivery,North Eastern,Lohit,Arunachal Pradesh,Shillong HQ,Namsai,Arunachal Pradesh,India,792103
Nampong,,Branch Post Office,Delivery,North Eastern,Lohit,Arunachal Pradesh,Shillong HQ,Namsai,Arunachal Pradesh,India,792103
Namsai,,Sub Post Office,Delivery,North Eastern,Lohit,Arunachal Pradesh,Shillong HQ,Namsai,Arunachal Pradesh,India,792103
Nanam,,Branch Post Office,Delivery,North Eastern,Lohit,Arunachal Pradesh,Shillong HQ,Namsai,Arunachal Pradesh,India,792103
Peyong,,Branch Post Office,Delivery,North Eastern,Lohit,Arunachal Pradesh,Shillong HQ,Namsai,Arunachal Pradesh,India,792103
Udaipur,,Branch Post Office,Delivery,North Eastern,Changlang,Arunachal Pradesh,Shillong HQ,Namsai,Arunachal Pradesh,India,792103
Wingko,,Branch Post Office,Delivery,North Eastern,Lohit,Arunachal Pradesh,Shillong HQ,Namsai,Arunachal Pradesh,India,792103
Chaglagam,,Branch Post Office,Delivery,North Eastern,Papum Pare,Arunachal Pradesh,Shillong HQ,Hayuliang,Arunachal Pradesh,India,792104
Goiliang,,Branch Post Office,Delivery,North Eastern,Papum Pare,Arunachal Pradesh,Shillong HQ,Hayuliang,Arunachal Pradesh,India,792104
Hawai,,Branch Post Office,Delivery,North Eastern,Papum Pare,Arunachal Pradesh,Shillong HQ,Hayuliang,Arunachal Pradesh,India,792104
Hayuliang,,Sub Post Office,Delivery,North Eastern,Lohit,Arunachal Pradesh,Shillong HQ,Hayuliang,Arunachal Pradesh,India,792104
Khopa,,Branch Post Office,Delivery,North Eastern,Papum Pare,Arunachal Pradesh,Shillong HQ,Hayulinag,Arunachal Pradesh,India,792104
Kibitho,,Branch Post Office,Delivery,North Eastern,Papum Pare,Arunachal Pradesh,Shillong HQ,Hayuliang,Arunachal Pradesh,India,792104
Meteliang,,Branch Post Office,Delivery,North Eastern,Papum Pare,Arunachal Pradesh,Shillong HQ,Hayuliang,Arunachal Pradesh,India,792104
Wallong,,Branch Post Office,Delivery,North Eastern,Papum Pare,Arunachal Pradesh,Shillong HQ,Hayuliang,Arunachal Pradesh,India,792104
Yatong,,Branch Post Office,Delivery,North Eastern,Papum Pare,Arunachal Pradesh,Shillong HQ,Hayuliang,Arunachal Pradesh,India,792104
Kumari Kachari,,Branch Post Office,Delivery,North Eastern,Lohit,Arunachal Pradesh,Shillong HQ,Mahadevpur,Arunachal Pradesh,India,792105
Mahadevpur (Lohit),,Sub Post Office,Delivery,North Eastern,Lohit,Arunachal Pradesh,Shillong HQ,Mahadevpur,Arunachal Pradesh,India,792105
Podumani,,Branch Post Office,Delivery,North Eastern,Lohit,Arunachal Pradesh,Shillong HQ,Mahadevpur,Arunachal Pradesh,India,792105
Abango,,Branch Post Office,Delivery,North Eastern,Lower Dibang Valley,Arunachal Pradesh,Shillong HQ,Roing,Arunachal Pradesh,India,792110
Anupam,,Branch Post Office,Delivery,North Eastern,Lower Dibang Valley,Arunachal Pradesh,Shillong HQ,Roing,Arunachal Pradesh,India,792110
Bijari,,Branch Post Office,Delivery,North Eastern,Lower Dibang Valley,Arunachal Pradesh,Shillong HQ,Roing,Arunachal Pradesh,India,792110
Bolung,,Branch Post Office,Delivery,North Eastern,Lower Dibang Valley,Arunachal Pradesh,Shillong HQ,Roing,Arunachal Pradesh,India,792110
Bomjir,,Branch Post Office,Delivery,North Eastern,Lower Dibang Valley,Arunachal Pradesh,Shillong HQ,Roing,Arunachal Pradesh,India,792110
Dambuk,,Branch Post Office,Delivery,North Eastern,Lower Dibang Valley,Arunachal Pradesh,Shillong HQ,Roing,Arunachal Pradesh,India,792110
Desali,,Branch Post Office,Delivery,North Eastern,Lower Dibang Valley,Arunachal Pradesh,Shillong HQ,Roing,Arunachal Pradesh,India,792110
Elopa,,Branch Post Office,Delivery,North Eastern,Lower Dibang Valley,Arunachal Pradesh,Shillong HQ,Roing,Arunachal Pradesh,India,792110
Etalin,,Branch Post Office,Delivery,North Eastern,Lower Dibang Valley,Arunachal Pradesh,Shillong HQ,Roing,Arunachal Pradesh,India,792110
Hunli,,Branch Post Office,Delivery,North Eastern,Lower Dibang Valley,Arunachal Pradesh,Shillong HQ,Roing,Arunachal Pradesh,India,792110
Iduli,,Branch Post Office,Delivery,North Eastern,Lower Dibang Valley,Arunachal Pradesh,Shillong HQ,Roing,Arunachal Pradesh,India,792110
Jia,,Branch Post Office,Delivery,North Eastern,Lower Dibang Valley,Arunachal Pradesh,Shillong HQ,Roing,Arunachal Pradesh,India,792110
Koranu,,Branch Post Office,Delivery,North Eastern,Lower Dibang Valley,Arunachal Pradesh,Shillong HQ,Roing,Arunachal Pradesh,India,792110
Kronli,,Branch Post Office,Delivery,North Eastern,Lower Dibang Valley,Arunachal Pradesh,Shillong HQ,Roing,Arunachal Pradesh,India,792110
Meka,,Branch Post Office,Delivery,North Eastern,Lower Dibang Valley,Arunachal Pradesh,Shillong HQ,Roing,Arunachal Pradesh,India,792110
Paglam,,Branch Post Office,Delivery,North Eastern,Lower Dibang Valley,Arunachal Pradesh,Shillong HQ,Roing,Arunachal Pradesh,India,792110
Parbuk,,Branch Post Office,Delivery,North Eastern,Lower Dibang Valley,Arunachal Pradesh,Shillong HQ,Roing,Arunachal Pradesh,India,792110
Roing,,Sub Post Office,Delivery,North Eastern,Dibang Valley,Arunachal Pradesh,Shillong HQ,Roing,Arunachal Pradesh,India,792110
Santipur,,Branch Post Office,Delivery,North Eastern,Lower Dibang Valley,Arunachal Pradesh,Shillong HQ,Roing,Arunachal Pradesh,India,792110
Sunpura,,Sub Post Office,Delivery,North Eastern,Lohit,Arunachal Pradesh,Shillong HQ,Sunpura,Arunachal Pradesh,India,792111
Yealing,,Branch Post Office,Delivery,North Eastern,Lohit,Arunachal Pradesh,Shillong HQ,Sunpura,Arunachal Pradesh,India,792111
Bubang,,Branch Post Office,Delivery,North Eastern,Changlang,Arunachal Pradesh,Shillong HQ,Bubang,Arunachal Pradesh,India,792120
Changlang,,Sub Post Office,Delivery,North Eastern,Changlang,Arunachal Pradesh,Shillong HQ,Changlang,Arunachal Pradesh,India,792120
Khemiyong,,Branch Post Office,Delivery,North Eastern,Changlang,Arunachal Pradesh,Shillong HQ,Khemiyong,Arunachal Pradesh,India,792120
Namdang,,Branch Post Office,Delivery,North Eastern,Changlang,Arunachal Pradesh,Shillong HQ,Namdang,Arunachal Pradesh,India,792120
Namtok,,Branch Post Office,Delivery,North Eastern,Changlang,Arunachal Pradesh,Shillong HQ,Namtok,Arunachal Pradesh,India,792120
Rangfrah Covt College,,Branch Post Office,Delivery,North Eastern,Changlang,Arunachal Pradesh,Shillong HQ,Changlang,Arunachal Pradesh,India,792120
Ranglum,,Branch Post Office,Delivery,North Eastern,Changlang,Arunachal Pradesh,Shillong HQ,Ranglum,Arunachal Pradesh,India,792120
Yangkang,,Branch Post Office,Delivery,North Eastern,Changlang,Arunachal Pradesh,Shillong HQ,Yangkang,Arunachal Pradesh,India,792120
Jairampur (Changlang),,Sub Post Office,Delivery,North Eastern,Changlang,Arunachal Pradesh,Shillong HQ,Jairampur,Arunachal Pradesh,India,792121
Manmao,,Branch Post Office,Delivery,North Eastern,Changlang,Arunachal Pradesh,Shillong HQ,Jairampur,Arunachal Pradesh,India,792121
Chopelling,,Branch Post Office,Delivery,North Eastern,Changlang,Arunachal Pradesh,Shillong HQ,Miao,Arunachal Pradesh,India,792122
Deban,,Branch Post Office,Delivery,North Eastern,Changlang,Arunachal Pradesh,Shillong HQ,Miao,Arunachal Pradesh,India,792122
Dharampur,,Branch Post Office,Delivery,North Eastern,Changlang,Arunachal Pradesh,Shillong HQ,Miao,Arunachal Pradesh,India,792122
Kharsang,,Branch Post Office,Delivery,North Eastern,Changlang,Arunachal Pradesh,Shillong HQ,Miao,Arunachal Pradesh,India,792122
Kutum Basti,,Branch Post Office,Delivery,North Eastern,Changlang,Arunachal Pradesh,Shillong HQ,Miao,Arunachal Pradesh,India,792122
Manabhum,,Branch Post Office,Delivery,North Eastern,Changlang,Arunachal Pradesh,Shillong HQ,Miao,Arunachal Pradesh,India,792122
Miao,,Sub Post Office,Delivery,North Eastern,Changlang,Arunachal Pradesh,Shillong HQ,Miao,Arunachal Pradesh,India,792122
Namchik,,Branch Post Office,Delivery,North Eastern,Changlang,Arunachal Pradesh,Shillong HQ,Miao,Arunachal Pradesh,India,792122
Namphai,,Branch Post Office,Delivery,North Eastern,Changlang,Arunachal Pradesh,Shillong HQ,Miao,Arunachal Pradesh,India,792122
Nampong,,Sub Post Office,Delivery,North Eastern,Changlang,Arunachal Pradesh,Shillong HQ,Nampong,Arunachal Pradesh,India,792123
Deomali,,Sub Post Office,Delivery,North Eastern,Tirap,Arunachal Pradesh,Shillong HQ,Deomali,Arunachal Pradesh,India,792129
Hukanjuri,,Branch Post Office,Delivery,North Eastern,Tirap,Arunachal Pradesh,Shillong HQ,Deomali,Arunachal Pradesh,India,792129
Namsang,,Branch Post Office,Delivery,North Eastern,Tirap,Arunachal Pradesh,Shillong HQ,Namsang,Arunachal Pradesh,India,792129
Namsang Mukh,,Branch Post Office,Delivery,North Eastern,Tirap,Arunachal Pradesh,Shillong HQ,Namsang Mukh,Arunachal Pradesh,India,792129
Narottam Nagar,,Branch Post Office,Delivery,North Eastern,Tirap,Arunachal Pradesh,Shillong HQ,Narottam Nagar,Arunachal Pradesh,India,792129
Soha,,Branch Post Office,Delivery,North Eastern,Tirap,Arunachal Pradesh,Shillong HQ,Soha,Arunachal Pradesh,India,792129
Borduria,,Branch Post Office,Delivery,North Eastern,Tirap,Arunachal Pradesh,Shillong HQ,Khonsa,Arunachal Pradesh,India,792130
Dadam,,Branch Post Office,Delivery,North Eastern,Tirap,Arunachal Pradesh,Shillong HQ,Khonsa,Arunachal Pradesh,India,792130
Kaimai,,Branch Post Office,Delivery,North Eastern,Tirap,Arunachal Pradesh,Shillong HQ,Khonsa,Arunachal Pradesh,India,792130
Kanubari,,Branch Post Office,Delivery,North Eastern,Tirap,Arunachal Pradesh,Shillong HQ,Kanubari,Arunachal Pradesh,India,792130
Kapu,,Branch Post Office,Delivery,North Eastern,Tirap,Arunachal Pradesh,Shillong HQ,Khonsa,Arunachal Pradesh,India,792130
Khela,,Branch Post Office,Delivery,North Eastern,Tirap,Arunachal Pradesh,Shillong HQ,Khonsa,Arunachal Pradesh,India,792130
Kheti,,Branch Post Office,Delivery,North Eastern,Tirap,Arunachal Pradesh,Shillong HQ,Khonsa,Arunachal Pradesh,India,792130
Khonsa,,Sub Post Office,Delivery,North Eastern,Tirap,Arunachal Pradesh,Shillong HQ,Khonsa,Arunachal Pradesh,India,792130
Khonsa Basti,,Branch Post Office,Delivery,North Eastern,Tirap,Arunachal Pradesh,Shillong HQ,Khonsa,Arunachal Pradesh,India,792130
Lazu,,Branch Post Office,Delivery,North Eastern,Tirap,Arunachal Pradesh,Shillong HQ,Khonsa,Arunachal Pradesh,India,792130
Thinsa,,Branch Post Office,Delivery,North Eastern,Tirap,Arunachal Pradesh,Shillong HQ,Khonsa,Arunachal Pradesh,India,792130
Tupi,,Branch Post Office,Delivery,North Eastern,Tirap,Arunachal Pradesh,Shillong HQ,Khonsa,Arunachal Pradesh,India,792130
Vally View,,Branch Post Office,Delivery,North Eastern,Tirap,Arunachal Pradesh,Shillong HQ,Khonsa,Arunachal Pradesh,India,792130
K/nokno,,Branch Post Office,Delivery,North Eastern,Tirap,Arunachal Pradesh,Shillong HQ,Longding,Arunachal Pradesh,India,792131
Khotnu,,Branch Post Office,Delivery,North Eastern,Tirap,Arunachal Pradesh,Shillong HQ,Longding,Arunachal Pradesh,India,792131
Longding,,Sub Post Office,Delivery,North Eastern,Tirap,Arunachal Pradesh,Shillong HQ,Longding,Arunachal Pradesh,India,792131
Longfong,,Branch Post Office,Delivery,North Eastern,Tirap,Arunachal Pradesh,Shillong HQ,Longding,Arunachal Pradesh,India,792131
Minthong,,Branch Post Office,Delivery,North Eastern,Tirap,Arunachal Pradesh,Shillong HQ,Longding,Arunachal Pradesh,India,792131
Nginu,,Branch Post Office,Delivery,North Eastern,Tirap,Arunachal Pradesh,Shillong HQ,Longding,Arunachal Pradesh,India,792131
Niausa,,Branch Post Office,Delivery,North Eastern,Tirap,Arunachal Pradesh,Shillong HQ,Longding,Arunachal Pradesh,India,792131
Panchou,,Branch Post Office,Delivery,North Eastern,Tirap,Arunachal Pradesh,Shillong HQ,Longding,Arunachal Pradesh,India,792131
Senewa,,Branch Post Office,Delivery,North Eastern,Tirap,Arunachal Pradesh,Shillong HQ,Longding,Arunachal Pradesh,India,792131
Tissa,,Branch Post Office,Delivery,North Eastern,Tirap,Arunachal Pradesh,Shillong HQ,Longding,Arunachal Pradesh,India,792131
Wakka,,Branch Post Office,Delivery,North Eastern,Tirap,Arunachal Pradesh,Shillong HQ,Longding,Arunachal Pradesh,India,792131
Diyun,,Branch Post Office,Delivery,North Eastern,Lohit,Arunachal Pradesh,Shillong HQ,Namsai,Arunachal Pradesh,India,792103
Innao,,Branch Post Office,Delivery,North Eastern,Changlang,Arunachal Pradesh,Shillong HQ,Namsai,Arunachal Pradesh,India,792103
Jaipur,,Branch Post Office,Delivery,North Eastern,Lohit,Arunachal Pradesh,Shillong HQ,Namsai,Arunachal Pradesh,India,792103
Kumsai,,Branch Post Office,Delivery,North Eastern,Lohit,Arunachal Pradesh,Shillong HQ,Namsai,Arunachal Pradesh,India,792103
Lathao,,Branch Post Office,Delivery,North Eastern,Lohit,Arunachal Pradesh,Shillong HQ,Namsai,Arunachal Pradesh,India,792103
Manmao,,Branch Post Office,Delivery,North Eastern,Lohit,Arunachal Pradesh,Shillong HQ,Namsai,Arunachal Pradesh,India,792103
Nampong,,Branch Post Office,Delivery,North Eastern,Lohit,Arunachal Pradesh,Shillong HQ,Namsai,Arunachal Pradesh,India,792103
Namsai,,Sub Post Office,Delivery,North Eastern,Lohit,Arunachal Pradesh,Shillong HQ,Namsai,Arunachal Pradesh,India,792103
Nanam,,Branch Post Office,Delivery,North Eastern,Lohit,Arunachal Pradesh,Shillong HQ,Namsai,Arunachal Pradesh,India,792103
Peyong,,Branch Post Office,Delivery,North Eastern,Lohit,Arunachal Pradesh,Shillong HQ,Namsai,Arunachal Pradesh,India,792103
Udaipur,,Branch Post Office,Delivery,North Eastern,Changlang,Arunachal Pradesh,Shillong HQ,Namsai,Arunachal Pradesh,India,792103
Wingko,,Branch Post Office,Delivery,North Eastern,Lohit,Arunachal Pradesh,Shillong HQ,Namsai,Arunachal Pradesh,India,792103
Chaglagam,,Branch Post Office,Delivery,North Eastern,Papum Pare,Arunachal Pradesh,Shillong HQ,Hayuliang,Arunachal Pradesh,India,792104
Goiliang,,Branch Post Office,Delivery,North Eastern,Papum Pare,Arunachal Pradesh,Shillong HQ,Hayuliang,Arunachal Pradesh,India,792104
Hawai,,Branch Post Office,Delivery,North Eastern,Papum Pare,Arunachal Pradesh,Shillong HQ,Hayuliang,Arunachal Pradesh,India,792104
Hayuliang,,Sub Post Office,Delivery,North Eastern,Lohit,Arunachal Pradesh,Shillong HQ,Hayuliang,Arunachal Pradesh,India,792104
Khopa,,Branch Post Office,Delivery,North Eastern,Papum Pare,Arunachal Pradesh,Shillong HQ,Hayulinag,Arunachal Pradesh,India,792104
Kibitho,,Branch Post Office,Delivery,North Eastern,Papum Pare,Arunachal Pradesh,Shillong HQ,Hayuliang,Arunachal Pradesh,India,792104
Meteliang,,Branch Post Office,Delivery,North Eastern,Papum Pare,Arunachal Pradesh,Shillong HQ,Hayuliang,Arunachal Pradesh,India,792104
Wallong,,Branch Post Office,Delivery,North Eastern,Papum Pare,Arunachal Pradesh,Shillong HQ,Hayuliang,Arunachal Pradesh,India,792104
Yatong,,Branch Post Office,Delivery,North Eastern,Papum Pare,Arunachal Pradesh,Shillong HQ,Hayuliang,Arunachal Pradesh,India,792104
Kumari Kachari,,Branch Post Office,Delivery,North Eastern,Lohit,Arunachal Pradesh,Shillong HQ,Mahadevpur,Arunachal Pradesh,India,792105
Mahadevpur (Lohit),,Sub Post Office,Delivery,North Eastern,Lohit,Arunachal Pradesh,Shillong HQ,Mahadevpur,Arunachal Pradesh,India,792105
Podumani,,Branch Post Office,Delivery,North Eastern,Lohit,Arunachal Pradesh,Shillong HQ,Mahadevpur,Arunachal Pradesh,India,792105
Abango,,Branch Post Office,Delivery,North Eastern,Lower Dibang Valley,Arunachal Pradesh,Shillong HQ,Roing,Arunachal Pradesh,India,792110
Anupam,,Branch Post Office,Delivery,North Eastern,Lower Dibang Valley,Arunachal Pradesh,Shillong HQ,Roing,Arunachal Pradesh,India,792110
Bijari,,Branch Post Office,Delivery,North Eastern,Lower Dibang Valley,Arunachal Pradesh,Shillong HQ,Roing,Arunachal Pradesh,India,792110
Bolung,,Branch Post Office,Delivery,North Eastern,Lower Dibang Valley,Arunachal Pradesh,Shillong HQ,Roing,Arunachal Pradesh,India,792110
Bomjir,,Branch Post Office,Delivery,North Eastern,Lower Dibang Valley,Arunachal Pradesh,Shillong HQ,Roing,Arunachal Pradesh,India,792110
Dambuk,,Branch Post Office,Delivery,North Eastern,Lower Dibang Valley,Arunachal Pradesh,Shillong HQ,Roing,Arunachal Pradesh,India,792110
Desali,,Branch Post Office,Delivery,North Eastern,Lower Dibang Valley,Arunachal Pradesh,Shillong HQ,Roing,Arunachal Pradesh,India,792110
Elopa,,Branch Post Office,Delivery,North Eastern,Lower Dibang Valley,Arunachal Pradesh,Shillong HQ,Roing,Arunachal Pradesh,India,792110
Etalin,,Branch Post Office,Delivery,North Eastern,Lower Dibang Valley,Arunachal Pradesh,Shillong HQ,Roing,Arunachal Pradesh,India,792110
Hunli,,Branch Post Office,Delivery,North Eastern,Lower Dibang Valley,Arunachal Pradesh,Shillong HQ,Roing,Arunachal Pradesh,India,792110
Iduli,,Branch Post Office,Delivery,North Eastern,Lower Dibang Valley,Arunachal Pradesh,Shillong HQ,Roing,Arunachal Pradesh,India,792110
Jia,,Branch Post Office,Delivery,North Eastern,Lower Dibang Valley,Arunachal Pradesh,Shillong HQ,Roing,Arunachal Pradesh,India,792110
Koranu,,Branch Post Office,Delivery,North Eastern,Lower Dibang Valley,Arunachal Pradesh,Shillong HQ,Roing,Arunachal Pradesh,India,792110
Kronli,,Branch Post Office,Delivery,North Eastern,Lower Dibang Valley,Arunachal Pradesh,Shillong HQ,Roing,Arunachal Pradesh,India,792110
Meka,,Branch Post Office,Delivery,North Eastern,Lower Dibang Valley,Arunachal Pradesh,Shillong HQ,Roing,Arunachal Pradesh,India,792110
Paglam,,Branch Post Office,Delivery,North Eastern,Lower Dibang Valley,Arunachal Pradesh,Shillong HQ,Roing,Arunachal Pradesh,India,792110
Parbuk,,Branch Post Office,Delivery,North Eastern,Lower Dibang Valley,Arunachal Pradesh,Shillong HQ,Roing,Arunachal Pradesh,India,792110
Roing,,Sub Post Office,Delivery,North Eastern,Dibang Valley,Arunachal Pradesh,Shillong HQ,Roing,Arunachal Pradesh,India,792110
Santipur,,Branch Post Office,Delivery,North Eastern,Lower Dibang Valley,Arunachal Pradesh,Shillong HQ,Roing,Arunachal Pradesh,India,792110
Sunpura,,Sub Post Office,Delivery,North Eastern,Lohit,Arunachal Pradesh,Shillong HQ,Sunpura,Arunachal Pradesh,India,792111
Yealing,,Branch Post Office,Delivery,North Eastern,Lohit,Arunachal Pradesh,Shillong HQ,Sunpura,Arunachal Pradesh,India,792111
Bubang,,Branch Post Office,Delivery,North Eastern,Changlang,Arunachal Pradesh,Shillong HQ,Bubang,Arunachal Pradesh,India,792120
Changlang,,Sub Post Office,Delivery,North Eastern,Changlang,Arunachal Pradesh,Shillong HQ,Changlang,Arunachal Pradesh,India,792120
Khemiyong,,Branch Post Office,Delivery,North Eastern,Changlang,Arunachal Pradesh,Shillong HQ,Khemiyong,Arunachal Pradesh,India,792120
Namdang,,Branch Post Office,Delivery,North Eastern,Changlang,Arunachal Pradesh,Shillong HQ,Namdang,Arunachal Pradesh,India,792120
Namtok,,Branch Post Office,Delivery,North Eastern,Changlang,Arunachal Pradesh,Shillong HQ,Namtok,Arunachal Pradesh,India,792120
Rangfrah Covt College,,Branch Post Office,Delivery,North Eastern,Changlang,Arunachal Pradesh,Shillong HQ,Changlang,Arunachal Pradesh,India,792120
Ranglum,,Branch Post Office,Delivery,North Eastern,Changlang,Arunachal Pradesh,Shillong HQ,Ranglum,Arunachal Pradesh,India,792120
Yangkang,,Branch Post Office,Delivery,North Eastern,Changlang,Arunachal Pradesh,Shillong HQ,Yangkang,Arunachal Pradesh,India,792120
Jairampur (Changlang),,Sub Post Office,Delivery,North Eastern,Changlang,Arunachal Pradesh,Shillong HQ,Jairampur,Arunachal Pradesh,India,792121
Manmao,,Branch Post Office,Delivery,North Eastern,Changlang,Arunachal Pradesh,Shillong HQ,Jairampur,Arunachal Pradesh,India,792121
Chopelling,,Branch Post Office,Delivery,North Eastern,Changlang,Arunachal Pradesh,Shillong HQ,Miao,Arunachal Pradesh,India,792122
Deban,,Branch Post Office,Delivery,North Eastern,Changlang,Arunachal Pradesh,Shillong HQ,Miao,Arunachal Pradesh,India,792122
Dharampur,,Branch Post Office,Delivery,North Eastern,Changlang,Arunachal Pradesh,Shillong HQ,Miao,Arunachal Pradesh,India,792122
Kharsang,,Branch Post Office,Delivery,North Eastern,Changlang,Arunachal Pradesh,Shillong HQ,Miao,Arunachal Pradesh,India,792122
Kutum Basti,,Branch Post Office,Delivery,North Eastern,Changlang,Arunachal Pradesh,Shillong HQ,Miao,Arunachal Pradesh,India,792122
Manabhum,,Branch Post Office,Delivery,North Eastern,Changlang,Arunachal Pradesh,Shillong HQ,Miao,Arunachal Pradesh,India,792122
Miao,,Sub Post Office,Delivery,North Eastern,Changlang,Arunachal Pradesh,Shillong HQ,Miao,Arunachal Pradesh,India,792122
Namchik,,Branch Post Office,Delivery,North Eastern,Changlang,Arunachal Pradesh,Shillong HQ,Miao,Arunachal Pradesh,India,792122
Namphai,,Branch Post Office,Delivery,North Eastern,Changlang,Arunachal Pradesh,Shillong HQ,Miao,Arunachal Pradesh,India,792122
Nampong,,Sub Post Office,Delivery,North Eastern,Changlang,Arunachal Pradesh,Shillong HQ,Nampong,Arunachal Pradesh,India,792123
Deomali,,Sub Post Office,Delivery,North Eastern,Tirap,Arunachal Pradesh,Shillong HQ,Deomali,Arunachal Pradesh,India,792129
Hukanjuri,,Branch Post Office,Delivery,North Eastern,Tirap,Arunachal Pradesh,Shillong HQ,Deomali,Arunachal Pradesh,India,792129
Namsang,,Branch Post Office,Delivery,North Eastern,Tirap,Arunachal Pradesh,Shillong HQ,Namsang,Arunachal Pradesh,India,792129
Namsang Mukh,,Branch Post Office,Delivery,North Eastern,Tirap,Arunachal Pradesh,Shillong HQ,Namsang Mukh,Arunachal Pradesh,India,792129
Narottam Nagar,,Branch Post Office,Delivery,North Eastern,Tirap,Arunachal Pradesh,Shillong HQ,Narottam Nagar,Arunachal Pradesh,India,792129
Soha,,Branch Post Office,Delivery,North Eastern,Tirap,Arunachal Pradesh,Shillong HQ,Soha,Arunachal Pradesh,India,792129
Borduria,,Branch Post Office,Delivery,North Eastern,Tirap,Arunachal Pradesh,Shillong HQ,Khonsa,Arunachal Pradesh,India,792130
Dadam,,Branch Post Office,Delivery,North Eastern,Tirap,Arunachal Pradesh,Shillong HQ,Khonsa,Arunachal Pradesh,India,792130
Kaimai,,Branch Post Office,Delivery,North Eastern,Tirap,Arunachal Pradesh,Shillong HQ,Khonsa,Arunachal Pradesh,India,792130
Kanubari,,Branch Post Office,Delivery,North Eastern,Tirap,Arunachal Pradesh,Shillong HQ,Kanubari,Arunachal Pradesh,India,792130
Kapu,,Branch Post Office,Delivery,North Eastern,Tirap,Arunachal Pradesh,Shillong HQ,Khonsa,Arunachal Pradesh,India,792130
Khela,,Branch Post Office,Delivery,North Eastern,Tirap,Arunachal Pradesh,Shillong HQ,Khonsa,Arunachal Pradesh,India,792130
Kheti,,Branch Post Office,Delivery,North Eastern,Tirap,Arunachal Pradesh,Shillong HQ,Khonsa,Arunachal Pradesh,India,792130
Khonsa,,Sub Post Office,Delivery,North Eastern,Tirap,Arunachal Pradesh,Shillong HQ,Khonsa,Arunachal Pradesh,India,792130
Khonsa Basti,,Branch Post Office,Delivery,North Eastern,Tirap,Arunachal Pradesh,Shillong HQ,Khonsa,Arunachal Pradesh,India,792130
Lazu,,Branch Post Office,Delivery,North Eastern,Tirap,Arunachal Pradesh,Shillong HQ,Khonsa,Arunachal Pradesh,India,792130
Thinsa,,Branch Post Office,Delivery,North Eastern,Tirap,Arunachal Pradesh,Shillong HQ,Khonsa,Arunachal Pradesh,India,792130
Tupi,,Branch Post Office,Delivery,North Eastern,Tirap,Arunachal Pradesh,Shillong HQ,Khonsa,Arunachal Pradesh,India,792130
Vally View,,Branch Post Office,Delivery,North Eastern,Tirap,Arunachal Pradesh,Shillong HQ,Khonsa,Arunachal Pradesh,India,792130
K/nokno,,Branch Post Office,Delivery,North Eastern,Tirap,Arunachal Pradesh,Shillong HQ,Longding,Arunachal Pradesh,India,792131
Khotnu,,Branch Post Office,Delivery,North Eastern,Tirap,Arunachal Pradesh,Shillong HQ,Longding,Arunachal Pradesh,India,792131
Longding,,Sub Post Office,Delivery,North Eastern,Tirap,Arunachal Pradesh,Shillong HQ,Longding,Arunachal Pradesh,India,792131
Longfong,,Branch Post Office,Delivery,North Eastern,Tirap,Arunachal Pradesh,Shillong HQ,Longding,Arunachal Pradesh,India,792131
Minthong,,Branch Post Office,Delivery,North Eastern,Tirap,Arunachal Pradesh,Shillong HQ,Longding,Arunachal Pradesh,India,792131
Nginu,,Branch Post Office,Delivery,North Eastern,Tirap,Arunachal Pradesh,Shillong HQ,Longding,Arunachal Pradesh,India,792131
Niausa,,Branch Post Office,Delivery,North Eastern,Tirap,Arunachal Pradesh,Shillong HQ,Longding,Arunachal Pradesh,India,792131
Panchou,,Branch Post Office,Delivery,North Eastern,Tirap,Arunachal Pradesh,Shillong HQ,Longding,Arunachal Pradesh,India,792131
Senewa,,Branch Post Office,Delivery,North Eastern,Tirap,Arunachal Pradesh,Shillong HQ,Longding,Arunachal Pradesh,India,792131
Tissa,,Branch Post Office,Delivery,North Eastern,Tirap,Arunachal Pradesh,Shillong HQ,Longding,Arunachal Pradesh,India,792131
Wakka,,Branch Post Office,Delivery,North Eastern,Tirap,Arunachal Pradesh,Shillong HQ,Longding,Arunachal Pradesh,India,792131
