Baroda House,,Sub Post Office,Non-Delivery,Delhi,Central Delhi,New Delhi Central,Delhi,New Delhi,Delhi,India,110001
Bengali Market,,Sub Post Office,Non-Delivery,Delhi,Central Delhi,New Delhi Central,Delhi,New Delhi,Delhi,India,110001
Bhagat Singh Market,,Sub Post Office,Non-Delivery,Delhi,Central Delhi,New Delhi Central,Delhi,New Delhi,Delhi,India,110001
Connaught Place,,Sub Post Office,Non-Delivery,Delhi,Central Delhi,New Delhi Central,Delhi,New Delhi,Delhi,India,110001
Constitution House,,Sub Post Office,Non-Delivery,Delhi,Central Delhi,New Delhi Central,Delhi,New Delhi,Delhi,India,110001
Election Commission,,Sub Post Office,Non-Delivery,Delhi,Central Delhi,New Delhi Central,Delhi,New Delhi,Delhi,India,110001
Janpath,,Sub Post Office,Non-Delivery,Delhi,Central Delhi,New Delhi Central,Delhi,New Delhi,Delhi,India,110001
Krishi Bhawan,,Sub Post Office,Non-Delivery,Delhi,Central Delhi,New Delhi Central,Delhi,New Delhi,Delhi,India,110001
Lady Harding Medical College,,Sub Post Office,Non-Delivery,Delhi,Central Delhi,New Delhi Central,Delhi,New Delhi,Delhi,India,110001
New Delhi ,,Head Post Office,Delivery,Delhi,New Delhi,New Delhi GPO,Delhi,New Delhi,Delhi,India,110001
North Avenue,,Sub Post Office,Non-Delivery,Delhi,Central Delhi,New Delhi Central,Delhi,New Delhi,Delhi,India,110001
Parliament House,,Sub Post Office,Non-Delivery,Delhi,Central Delhi,New Delhi Central,Delhi,New Delhi,Delhi,India,110001
Patiala House,,Sub Post Office,Non-Delivery,Delhi,Central Delhi,New Delhi Central,Delhi,New Delhi,Delhi,India,110001
Pragati Maidan,,Sub Post Office,Non-Delivery,Delhi,Central Delhi,New Delhi Central,Delhi,New Delhi,Delhi,India,110001
Pragati Maidan Camp,,Sub Post Office,Non-Delivery,Delhi,Central Delhi,New Delhi Central,Delhi,New Delhi,Delhi,India,110001
Rail Bhawan,,Sub Post Office,Non-Delivery,Delhi,Central Delhi,New Delhi Central,Delhi,New Delhi,Delhi,India,110001
Sansad Marg,,Head Post Office,Non-Delivery,Delhi,Central Delhi,New Delhi Central,Delhi,New Delhi,Delhi,India,110001
Sansadiya Soudh,,Sub Post Office,Non-Delivery,Delhi,Central Delhi,New Delhi Central,Delhi,New Delhi,Delhi,India,110001
Secretariat North,,Sub Post Office,Non-Delivery,Delhi,Central Delhi,New Delhi Central,Delhi,New Delhi,Delhi,India,110001
Shastri Bhawan,,Sub Post Office,Non-Delivery,Delhi,Central Delhi,New Delhi Central,Delhi,New Delhi,Delhi,India,110001
Supreme Court,,Sub Post Office,Non-Delivery,Delhi,Central Delhi,New Delhi Central,Delhi,New Delhi,Delhi,India,110001
A.G.C.R.,,Sub Post Office,Non-Delivery,Delhi,Central Delhi,New Delhi Central,Delhi,New Delhi,Delhi,India,110002
Ajmeri Gate Extn.,,Sub Post Office,Non-Delivery,Delhi,Central Delhi,New Delhi Central,Delhi,New Delhi,Delhi,India,110002
Darya Ganj,,Sub Post Office,Non-Delivery,Delhi,Central Delhi,New Delhi Central,Delhi,New Delhi,Delhi,India,110002
Gandhi Smarak Nidhi,,Sub Post Office,Non-Delivery,Delhi,Central Delhi,New Delhi Central,Delhi,New Delhi,Delhi,India,110002
I.P.Estate,,Sub Post Office,Non-Delivery,Delhi,Central Delhi,New Delhi Central,Delhi,New Delhi,Delhi,India,110002
Indraprastha,,Head Post Office,Delivery,Delhi,Central Delhi,New Delhi Central,Delhi,New Delhi,Delhi,India,110002
Minto Road,,Sub Post Office,Non-Delivery,Delhi,Central Delhi,New Delhi Central,Delhi,New Delhi,Delhi,India,110002
Aliganj (South Delhi),,Sub Post Office,Non-Delivery,Delhi,South Delhi,New Delhi South,Delhi,New Delhi,Delhi,India,110003
C G O Complex,,Sub Post Office,Non-Delivery,Delhi,South Delhi,New Delhi South,Delhi,New Delhi,Delhi,India,110003
Delhi High Court,,Sub Post Office,Non-Delivery,Delhi,Central Delhi,New Delhi Central,Delhi,New Delhi,Delhi,India,110003
Delhi High Court Extension Counter,,Sub Post Office,Non-Delivery,Delhi,Central Delhi,New Delhi Central,Delhi,Delhi,Delhi,India,110003
Golf Links,,Sub Post Office,Non-Delivery,Delhi,South Delhi,New Delhi South,Delhi,New Delhi,Delhi,India,110003
Kasturba Nagar (South Delhi),,Sub Post Office,Non-Delivery,Delhi,South Delhi,New Delhi South,Delhi,New Delhi,Delhi,India,110003
Lodi Road,,Head Post Office,Delivery,Delhi,South Delhi,New Delhi South,Delhi,New Delhi,Delhi,India,110003
Pandara Road,,Sub Post Office,Non-Delivery,Delhi,Central Delhi,New Delhi Central,Delhi,New Delhi,Delhi,India,110003
Pragati Vihar,,Sub Post Office,Non-Delivery,Delhi,South Delhi,New Delhi South,Delhi,New Delhi,Delhi,India,110003
Safdarjung Air Port,,Sub Post Office,Non-Delivery,Delhi,South Delhi,New Delhi South,Delhi,New Delhi,Delhi,India,110003
Rashtrapati Bhawan,,Sub Post Office,Delivery,Delhi,Central Delhi,New Delhi Central,Delhi,New Delhi,Delhi,India,110004
Anand Parbat,,Sub Post Office,Non-Delivery,Delhi,Central Delhi,New Delhi Central,Delhi,New Delhi,Delhi,India,110005
Anand Parbat Indl. Area,,Sub Post Office,Non-Delivery,Delhi,Central Delhi,New Delhi Central,Delhi,New Delhi,Delhi,India,110005
Bank Street (Central Delhi),,Sub Post Office,Non-Delivery,Delhi,Central Delhi,New Delhi Central,Delhi,New Delhi,Delhi,India,110005
Desh Bandhu Gupta Road,,Sub Post Office,Non-Delivery,Delhi,Central Delhi,New Delhi Central,Delhi,New Delhi,Delhi,India,110005
Guru Gobind Singh Marg,,Sub Post Office,Non-Delivery,Delhi,Central Delhi,New Delhi Central,Delhi,New Delhi,Delhi,India,110005
Karol Bagh,,Sub Post Office,Delivery,Delhi,Central Delhi,New Delhi Central,Delhi,New Delhi,Delhi,India,110005
Master Prithvi Nath Marg,,Sub Post Office,Non-Delivery,Delhi,Central Delhi,New Delhi Central,Delhi,New Delhi,Delhi,India,110005
Sat Nagar,,Sub Post Office,Non-Delivery,Delhi,Central Delhi,New Delhi Central,Delhi,New Delhi,Delhi,India,110005
Baratooti,,Sub Post Office,Non-Delivery,Delhi,North Delhi,Delhi North,Delhi,NA,Delhi,India,110006
Chandni Chowk,,Sub Post Office,Non-Delivery,Delhi,North Delhi,Delhi North,Delhi,Delhi,Delhi,India,110006
Chawri Bazar,,Sub Post Office,Non-Delivery,Delhi,North Delhi,Delhi North,Delhi,Delhi,Delhi,India,110006
Dareeba,,Sub Post Office,Non-Delivery,Delhi,North Delhi,Delhi North,Delhi,Delhi,Delhi,India,110006
Delhi ,,Head Post Office,Delivery,Delhi,North Delhi,Delhi GPO,Delhi,Delhi,Delhi,India,110006
Delhi Sadar Bazar,,Sub Post Office,Non-Delivery,Delhi,North Delhi,Delhi North,Delhi,Delhi,Delhi,India,110006
Hauz Qazi,,Sub Post Office,Non-Delivery,Delhi,Central Delhi,New Delhi Central,Delhi,Delhi,Delhi,India,110006
Jama Masjid,,Sub Post Office,Non-Delivery,Delhi,Central Delhi,New Delhi Central,Delhi,Delhi,Delhi,India,110006
S.T. Road,,Sub Post Office,Non-Delivery,Delhi,North Delhi,Delhi North,Delhi,Delhi,Delhi,India,110006
C.C.I.,,Sub Post Office,Non-Delivery,Delhi,North Delhi,Delhi North,Delhi,Delhi,Delhi,India,110007
Delhi University,,Sub Post Office,Non-Delivery,Delhi,North Delhi,Delhi North,Delhi,Delhi,Delhi,India,110007
Gulabi Bagh,,Sub Post Office,Non-Delivery,Delhi,North Delhi,Delhi North,Delhi,Delhi,Delhi,India,110007
Jawahar Nagar (North Delhi),,Sub Post Office,Non-Delivery,Delhi,North Delhi,Delhi North,Delhi,NA,Delhi,India,110007
Kamla Nagar (North Delhi),,Sub Post Office,Non-Delivery,Delhi,North Delhi,Delhi North,Delhi,Delhi,Delhi,India,110007
Malka Ganj,,Sub Post Office,Delivery,Delhi,North Delhi,Delhi North,Delhi,Delhi,Delhi,India,110007
Padam Nagar (North Delhi),,Sub Post Office,Non-Delivery,Delhi,North Delhi,Delhi North,Delhi,Delhi,Delhi,India,110007
R.C.A.O.,,Sub Post Office,Non-Delivery,Delhi,North Delhi,Delhi North,Delhi,Delhi,Delhi,India,110007
Rana Pratap Bagh,,Sub Post Office,Non-Delivery,Delhi,North Delhi,Delhi North,Delhi,NA,Delhi,India,110007
Roop Nagar,,Sub Post Office,Non-Delivery,Delhi,North Delhi,Delhi North,Delhi,Delhi,Delhi,India,110007
Roshan Ara Road,,Sub Post Office,Non-Delivery,Delhi,North Delhi,Delhi North,Delhi,Delhi,Delhi,India,110007
Shakti Nagar (North Delhi),,Sub Post Office,Non-Delivery,Delhi,North Delhi,Delhi North,Delhi,Delhi,Delhi,India,110007
Dada Ghosh Bhawan,,Sub Post Office,Non-Delivery,Delhi,Central Delhi,New Delhi Central,Delhi,New Delhi,Delhi,India,110008
Patel Nagar (Central Delhi),,Sub Post Office,Delivery,Delhi,Central Delhi,New Delhi Central,Delhi,New Delhi,Delhi,India,110008
Patel Nagar East,,Sub Post Office,Non-Delivery,Delhi,Central Delhi,New Delhi Central,Delhi,New Delhi,Delhi,India,110008
Patel Nagar South,,Sub Post Office,Non-Delivery,Delhi,Central Delhi,New Delhi Central,Delhi,New Delhi,Delhi,India,110008
Patel Nagar West,,Sub Post Office,Non-Delivery,Delhi,Central Delhi,New Delhi Central,Delhi,New Delhi,Delhi,India,110008
Dr.Mukerjee Nagar,,Sub Post Office,Non-Delivery,Delhi,North West Delhi,Delhi North,Delhi,NA,Delhi,India,110009
G.T.B.Nagar,,Sub Post Office,Delivery,Delhi,North West Delhi,Delhi North,Delhi,Delhi,Delhi,India,110009
Gujranwala Colony,,Sub Post Office,Non-Delivery,Delhi,North West Delhi,Delhi North,Delhi,Delhi,Delhi,India,110009
H.S.Sangh,,Sub Post Office,Non-Delivery,Delhi,North West Delhi,Delhi North,Delhi,Delhi,Delhi,India,110009
Model Town II,,Sub Post Office,Non-Delivery,Delhi,North West Delhi,Delhi North,Delhi,Delhi,Delhi,India,110009
Model Town III,,Sub Post Office,Non-Delivery,Delhi,North West Delhi,Delhi North,Delhi,Delhi,Delhi,India,110009
Nirankari Colony,,Sub Post Office,Non-Delivery,Delhi,North West Delhi,Delhi North,Delhi,Delhi,Delhi,India,110009
505 A B Workshop,,Sub Post Office,Non-Delivery,Delhi,South West Delhi,New Delhi South West,Delhi,NA,Delhi,India,110010
A F Palam,,Sub Post Office,Non-Delivery,Delhi,South West Delhi,New Delhi South West,Delhi,NA,Delhi,India,110010
Aps Colony,,Branch Post Office,Non-Delivery,Delhi,South West Delhi,New Delhi South West,Delhi,NA,Delhi,India,110010
Bazar Road,,Sub Post Office,Non-Delivery,Delhi,South West Delhi,New Delhi South West,Delhi,NA,Delhi,India,110010
C.V.D.,,Sub Post Office,Non-Delivery,Delhi,South West Delhi,New Delhi South West,Delhi,NA,Delhi,India,110010
COD (South West Delhi),,Sub Post Office,Non-Delivery,Delhi,South West Delhi,New Delhi South West,Delhi,NA,Delhi,India,110010
Delhi Cantt,,Sub Post Office,Delivery,Delhi,South West Delhi,New Delhi South West,Delhi,NA,Delhi,India,110010
Dhaula Kuan,,Sub Post Office,Non-Delivery,Delhi,South West Delhi,New Delhi South West,Delhi,NA,Delhi,India,110010
Kirby Place,,Sub Post Office,Non-Delivery,Delhi,South West Delhi,New Delhi South West,Delhi,NA,Delhi,India,110010
Pinto Park,,Sub Post Office,Non-Delivery,Delhi,South West Delhi,New Delhi South West,Delhi,NA,Delhi,India,110010
R R Hospital,,Sub Post Office,Non-Delivery,Delhi,South West Delhi,New Delhi South West,Delhi,NA,Delhi,India,110010
Signal Enclave,,Sub Post Office,Non-Delivery,Delhi,South West Delhi,New Delhi South West,Delhi,NA,Delhi,India,110010
Station Road (South West Delhi),,Sub Post Office,Non-Delivery,Delhi,South West Delhi,New Delhi South West,Delhi,NA,Delhi,India,110010
Subroto Park,,Sub Post Office,Non-Delivery,Delhi,South West Delhi,New Delhi South West,Delhi,NA,Delhi,India,110010
Nirman Bhawan,,Sub Post Office,Delivery,Delhi,Central Delhi,New Delhi Central,Delhi,New Delhi,Delhi,India,110011
South Avenue,,Sub Post Office,Non-Delivery,Delhi,Central Delhi,New Delhi Central,Delhi,New Delhi,Delhi,India,110011
Udyog Bhawan,,Sub Post Office,Non-Delivery,Delhi,Central Delhi,New Delhi Central,Delhi,New Delhi,Delhi,India,110011
I.A.R.I.,,Sub Post Office,Delivery,Delhi,Central Delhi,New Delhi Central,Delhi,New Delhi,Delhi,India,110012
Inderpuri,,Sub Post Office,Non-Delivery,Delhi,Central Delhi,New Delhi Central,Delhi,New Delhi,Delhi,India,110012
National Physical Laboratory,,Sub Post Office,Non-Delivery,Delhi,Central Delhi,New Delhi Central,Delhi,New Delhi,Delhi,India,110012
Dargah Sharif,,Sub Post Office,Non-Delivery,Delhi,South Delhi,New Delhi South,Delhi,New Delhi,Delhi,India,110013
Hazrat Nizamuddin,,Sub Post Office,Delivery,Delhi,South Delhi,New Delhi South,Delhi,New Delhi,Delhi,India,110013
Hari Nagar Ashram,,Sub Post Office,Non-Delivery,Delhi,South Delhi,New Delhi South,Delhi,New Delhi,Delhi,India,110014
Jeevan Nagar,,Branch Post Office,Non-Delivery,Delhi,South Delhi,New Delhi South,Delhi,New Delhi,Delhi,India,110014
Jungpura,,Sub Post Office,Delivery,Delhi,South Delhi,New Delhi South,Delhi,New Delhi,Delhi,India,110014
Pratap Market,,Sub Post Office,Non-Delivery,Delhi,South Delhi,New Delhi South,Delhi,New Delhi,Delhi,India,110014
Delhi Industrial Area,,Sub Post Office,Non-Delivery,Delhi,West Delhi,New Delhi West,Delhi,New Delhi,Delhi,India,110015
ESI,,Sub Post Office,Non-Delivery,Delhi,West Delhi,New Delhi West,Delhi,New Delhi,Delhi,India,110015
Karam Pura,,Sub Post Office,Non-Delivery,Delhi,West Delhi,New Delhi West,Delhi,New Delhi,Delhi,India,110015
L. M. Nagar Indl. Area,,Sub Post Office,Non-Delivery,Delhi,West Delhi,New Delhi West,Delhi,New Delhi,Delhi,India,110015
Mansarover Garden,,Sub Post Office,Non-Delivery,Delhi,West Delhi,New Delhi West,Delhi,New Delhi,Delhi,India,110015
N.I.Area,,Sub Post Office,Non-Delivery,Delhi,West Delhi,New Delhi West,Delhi,New Delhi,Delhi,India,110015
Ramesh Nagar,,Head Post Office,Delivery,Delhi,West Delhi,New Delhi West,Delhi,New Delhi,Delhi,India,110015
Zakhira,,Sub Post Office,Non-Delivery,Delhi,West Delhi,New Delhi West,Delhi,New Delhi,Delhi,India,110015
Green Park Market,,Sub Post Office,Non-Delivery,Delhi,South West Delhi,New Delhi South West,Delhi,NA,Delhi,India,110016
Hauz Khas,,Sub Post Office,Delivery,Delhi,South West Delhi,New Delhi South West,Delhi,NA,Delhi,India,110016
Hauz Khas Market,,Sub Post Office,Non-Delivery,Delhi,South West Delhi,New Delhi South West,Delhi,NA,Delhi,India,110016
IT Hauz Khas,,Sub Post Office,Non-Delivery,Delhi,South West Delhi,New Delhi South West,Delhi,NA,Delhi,India,110016
NIE Campus,,Sub Post Office,Non-Delivery,Delhi,South West Delhi,New Delhi South West,Delhi,NA,Delhi,India,110016
Technology Bhawan,,Sub Post Office,Non-Delivery,Delhi,South West Delhi,New Delhi South West,Delhi,NA,Delhi,India,110016
"Distt. Court Complex, Saket",,Sub Post Office,Non-Delivery,Delhi,South Delhi,New Delhi South,Delhi,NA,Delhi,India,110017
Malviya Nagar (South Delhi),,Sub Post Office,Delivery,Delhi,South Delhi,New Delhi South,Delhi,New Delhi,Delhi,India,110017
MMTC/STC Colony,,Sub Post Office,Non-Delivery,Delhi,South Delhi,New Delhi South,Delhi,New Delhi,Delhi,India,110017
Panchsheel Enclave,,Sub Post Office,Non-Delivery,Delhi,South Delhi,New Delhi South,Delhi,New Delhi,Delhi,India,110017
Pushp Vihar,,Sub Post Office,Non-Delivery,Delhi,South Delhi,New Delhi South,Delhi,New Delhi,Delhi,India,110017
Saket (South Delhi),,Sub Post Office,Non-Delivery,Delhi,South Delhi,New Delhi South,Delhi,New Delhi,Delhi,India,110017
Sarvodya Enclave,,Sub Post Office,Non-Delivery,Delhi,South Delhi,New Delhi South,Delhi,New Delhi,Delhi,India,110017
South Malviya Nagar,,Sub Post Office,Non-Delivery,Delhi,South Delhi,New Delhi South,Delhi,New Delhi,Delhi,India,110017
Ashok Nagar (West Delhi),,Sub Post Office,Non-Delivery,Delhi,West Delhi,New Delhi West,Delhi,New Delhi,Delhi,India,110018
Chand Nagar,,Sub Post Office,Non-Delivery,Delhi,West Delhi,New Delhi West,Delhi,New Delhi,Delhi,India,110018
Chaukhandi,,Branch Post Office,Non-Delivery,Delhi,West Delhi,New Delhi West,Delhi,New Delhi,Delhi,India,110018
Fateh Nagar,,Sub Post Office,Non-Delivery,Delhi,West Delhi,New Delhi West,Delhi,New Delhi,Delhi,India,110018
Khyala Phase -  I,,Sub Post Office,Non-Delivery,Delhi,West Delhi,New Delhi West,Delhi,New Delhi,Delhi,India,110018
Khyala Phase - II,,Sub Post Office,Non-Delivery,Delhi,West Delhi,New Delhi West,Delhi,New Delhi,Delhi,India,110018
M.B.S. Nagar,,Sub Post Office,Non-Delivery,Delhi,West Delhi,New Delhi West,Delhi,New Delhi,Delhi,India,110018
Mahabir Nagar,,Sub Post Office,Non-Delivery,Delhi,West Delhi,New Delhi West,Delhi,New Delhi,Delhi,India,110018
Tilak Nagar (West Delhi),,Sub Post Office,Delivery,Delhi,West Delhi,New Delhi West,Delhi,New Delhi,Delhi,India,110018
Tilak Nagar East,,Sub Post Office,Non-Delivery,Delhi,West Delhi,New Delhi West,Delhi,New Delhi,Delhi,India,110018
Vikas Puri,,Sub Post Office,Non-Delivery,Delhi,West Delhi,New Delhi West,Delhi,New Delhi,Delhi,India,110018
Vishnu Garden,,Sub Post Office,Non-Delivery,Delhi,West Delhi,New Delhi West,Delhi,New Delhi,Delhi,India,110018
Alaknanda,,Sub Post Office,Non-Delivery,Delhi,South Delhi,New Delhi South,Delhi,New Delhi,Delhi,India,110019
Chittranjan Park,,Sub Post Office,Non-Delivery,Delhi,South Delhi,New Delhi South,Delhi,New Delhi,Delhi,India,110019
Kalkaji,,Head Post Office,Delivery,Delhi,South Delhi,New Delhi South,Delhi,New Delhi,Delhi,India,110019
Nehru Place,,Sub Post Office,Non-Delivery,Delhi,South Delhi,New Delhi South,Delhi,New Delhi,Delhi,India,110019
C R R I (South Delhi),,Sub Post Office,Non-Delivery,Delhi,South Delhi,New Delhi South,Delhi,New Delhi,Delhi,India,110020
F F C Okhla,,Sub Post Office,Non-Delivery,Delhi,New Delhi,New Delhi South,Delhi,New Delhi,Delhi,India,110020
Okhla Industrial Area Phase-i,,Sub Post Office,Non-Delivery,Delhi,South Delhi,New Delhi South,Delhi,New Delhi,Delhi,India,110020
Okhla Industrial Estate,,Sub Post Office,Delivery,Delhi,South Delhi,New Delhi South,Delhi,New Delhi,Delhi,India,110020
Tehkhand,,Branch Post Office,Non-Delivery,Delhi,South Delhi,New Delhi South,Delhi,New Delhi,Delhi,India,110020
Anand Niketan,,Sub Post Office,Non-Delivery,Delhi,South West Delhi,New Delhi South West,Delhi,NA,Delhi,India,110021
Chanakya Puri,,Sub Post Office,Delivery,Delhi,South West Delhi,New Delhi South West,Delhi,NA,Delhi,India,110021
Malcha Marg,,Sub Post Office,Non-Delivery,Delhi,South West Delhi,New Delhi South West,Delhi,NA,Delhi,India,110021
Moti Bagh,,Sub Post Office,Non-Delivery,Delhi,South West Delhi,New Delhi South West,Delhi,NA,Delhi,India,110021
Nanak Pura,,Sub Post Office,Non-Delivery,Delhi,South West Delhi,New Delhi South West,Delhi,NA,Delhi,India,110021
South Delhi Campus,,Sub Post Office,Non-Delivery,Delhi,South West Delhi,New Delhi South West,Delhi,NA,Delhi,India,110021
R K Puram Sect-1,,Sub Post Office,Non-Delivery,Delhi,South West Delhi,New Delhi South West,Delhi,NA,Delhi,India,110022
R K Puram Sect-12,,Sub Post Office,Non-Delivery,Delhi,South West Delhi,New Delhi South West,Delhi,NA,Delhi,India,110022
R K Puram Sect-3,,Sub Post Office,Non-Delivery,Delhi,South West Delhi,New Delhi South West,Delhi,NA,Delhi,India,110022
R K Puram Sect-4,,Sub Post Office,Non-Delivery,Delhi,South West Delhi,New Delhi South West,Delhi,NA,Delhi,India,110022
R K Puram Sect-5,,Sub Post Office,Delivery,Delhi,South West Delhi,New Delhi South West,Delhi,NA,Delhi,India,110022
R K Puram Sect-8,,Sub Post Office,Non-Delivery,Delhi,South West Delhi,New Delhi South West,Delhi,NA,Delhi,India,110022
R K Puram Sect7,,Sub Post Office,Non-Delivery,Delhi,South West Delhi,New Delhi South West,Delhi,NA,Delhi,India,110022
R K Puram Sector - 6 Postal SB,,Sub Post Office,Non-Delivery,Delhi,South West Delhi,New Delhi South West,Delhi,NA,Delhi,India,110022
Kidwai Nagar East,,Sub Post Office,Non-Delivery,Delhi,South West Delhi,New Delhi South West,Delhi,NA,Delhi,India,110023
Kidwai Nagar West,,Sub Post Office,Non-Delivery,Delhi,South West Delhi,New Delhi South West,Delhi,NA,Delhi,India,110023
Laxmi Bai Nagar,,Sub Post Office,Non-Delivery,Delhi,South West Delhi,New Delhi South West,Delhi,NA,Delhi,India,110023
Netaji Nagar (South West Delhi),,Sub Post Office,Non-Delivery,Delhi,South West Delhi,New Delhi South West,Delhi,NA,Delhi,India,110023
Sarojini Nagar,,Head Post Office,Delivery,Delhi,South West Delhi,New Delhi South West,Delhi,Delhi,Delhi,India,110023
Amar Colony,,Sub Post Office,Non-Delivery,Delhi,South Delhi,New Delhi South,Delhi,New Delhi,Delhi,India,110024
Defence Colony (South Delhi),,Sub Post Office,Non-Delivery,Delhi,South Delhi,New Delhi South,Delhi,New Delhi,Delhi,India,110024
Krishna Market,,Sub Post Office,Non-Delivery,Delhi,South Delhi,New Delhi South,Delhi,New Delhi,Delhi,India,110024
Lajpat Nagar (South Delhi),,Sub Post Office,Delivery,Delhi,South Delhi,New Delhi South,Delhi,New Delhi,Delhi,India,110024
Abul Fazal Enclave-I,,Sub Post Office,Non-Delivery,Delhi,South Delhi,New Delhi South,Delhi,NA,Delhi,India,110025
Jamia Nagar,,Sub Post Office,Non-Delivery,Delhi,South Delhi,New Delhi South,Delhi,New Delhi,Delhi,India,110025
New Friends Colony,,Sub Post Office,Delivery,Delhi,South Delhi,New Delhi South,Delhi,New Delhi,Delhi,India,110025
Sukhdev Vihar,,Sub Post Office,Non-Delivery,Delhi,South Delhi,New Delhi South,Delhi,New Delhi,Delhi,India,110025
Zakir Nagar,,Sub Post Office,Non-Delivery,Delhi,South Delhi,New Delhi South,Delhi,New Delhi,Delhi,India,110025
Ashoka Park Extn.,,Sub Post Office,Non-Delivery,Delhi,West Delhi,New Delhi West,Delhi,New Delhi,Delhi,India,110026
Punjabi Bagh,,Sub Post Office,Delivery,Delhi,West Delhi,New Delhi West,Delhi,NA,Delhi,India,110026
Punjabi Bagh Sec - III,,Sub Post Office,Non-Delivery,Delhi,West Delhi,New Delhi West,Delhi,New Delhi,Delhi,India,110026
Shivaji Park (West Delhi),,Sub Post Office,Non-Delivery,Delhi,West Delhi,New Delhi West,Delhi,New Delhi,Delhi,India,110026
Janta Market,,Sub Post Office,Non-Delivery,Delhi,West Delhi,New Delhi West,Delhi,New Delhi,Delhi,India,110027
Rajouri Garden J-6,,Sub Post Office,Non-Delivery,Delhi,West Delhi,New Delhi West,Delhi,New Delhi,Delhi,India,110027
Rajouri Market,,Sub Post Office,Non-Delivery,Delhi,West Delhi,New Delhi West,Delhi,New Delhi,Delhi,India,110027
Subhash Nagar (West Delhi),,Sub Post Office,Non-Delivery,Delhi,West Delhi,New Delhi West,Delhi,New Delhi,Delhi,India,110027
Subhash Nagar West,,Sub Post Office,Non-Delivery,Delhi,West Delhi,New Delhi West,Delhi,New Delhi,Delhi,India,110027
Tagore Garden,,Sub Post Office,Delivery,Delhi,West Delhi,New Delhi West,Delhi,New Delhi,Delhi,India,110027
Kair,,Branch Office directly a/w Head Office,Non-Delivery,Delhi,South West Delhi,New Delhi West,Delhi,New Delhi,Delhi,India,110028
Khaira,,Branch Office directly a/w Head Office,Non-Delivery,Delhi,South West Delhi,New Delhi West,Delhi,New Delhi,Delhi,India,110028
Naraina Industrial Estate,,Head Post Office,Delivery,Delhi,South West Delhi,New Delhi West,Delhi,New Delhi,Delhi,India,110028
Naraina Village,,Sub Post Office,Non-Delivery,Delhi,South West Delhi,New Delhi West,Delhi,New Delhi,Delhi,India,110028
Ansari Nagar,,Sub Post Office,Non-Delivery,Delhi,South West Delhi,New Delhi South West,Delhi,NA,Delhi,India,110029
Nauroji Nagar,,Sub Post Office,Non-Delivery,Delhi,New Delhi,New Delhi South West,Delhi,New Delhi,Delhi,India,110029
Safdarjung Enclave,,Sub Post Office,Delivery,Delhi,South West Delhi,New Delhi South West,Delhi,NA,Delhi,India,110029
Gadaipur,,Branch Post Office,Non-Delivery,Delhi,South West Delhi,New Delhi South West,Delhi,NA,Delhi,India,110030
Ghitorni,,Branch Post Office,Non-Delivery,Delhi,South West Delhi,New Delhi South West,Delhi,NA,Delhi,India,110030
Lado Sarai,,Branch Post Office,Non-Delivery,Delhi,South West Delhi,New Delhi South West,Delhi,NA,Delhi,India,110030
Mehrauli,,Sub Post Office,Delivery,Delhi,South West Delhi,New Delhi South West,Delhi,NA,Delhi,India,110030
Paryavaran Complex,,Sub Post Office,Non-Delivery,Delhi,South West Delhi,New Delhi South West,Delhi,NA,Delhi,India,110030
Sultanpur,,Branch Post Office,Non-Delivery,Delhi,South West Delhi,New Delhi South West,Delhi,NA,Delhi,India,110030
T B Hospital,,Sub Post Office,Non-Delivery,Delhi,South West Delhi,New Delhi South West,Delhi,NA,Delhi,India,110030
Gandhi Nagar (East Delhi),,Sub Post Office,Delivery,Delhi,East Delhi,Delhi East,Delhi,NA,Delhi,India,110031
Gandhi Nagar Bazar,,Sub Post Office,Non-Delivery,Delhi,East Delhi,Delhi East,Delhi,NA,Delhi,India,110031
Geeta Colony,,Sub Post Office,Non-Delivery,Delhi,East Delhi,Delhi East,Delhi,NA,Delhi,India,110031
Kailash Nagar,,Sub Post Office,Non-Delivery,Delhi,East Delhi,Delhi East,Delhi,NA,Delhi,India,110031
Raghubar Pura,,Sub Post Office,Non-Delivery,Delhi,East Delhi,Delhi East,Delhi,NA,Delhi,India,110031
Rajgarh Colony,,Sub Post Office,Non-Delivery,Delhi,East Delhi,Delhi East,Delhi,NA,Delhi,India,110031
Shastri Nagar (East Delhi),,Sub Post Office,Non-Delivery,Delhi,East Delhi,Delhi East,Delhi,NA,Delhi,India,110031
Babarpur (North East Delhi),,Sub Post Office,Non-Delivery,Delhi,North East Delhi,Delhi East,Delhi,NA,Delhi,India,110032
Balbir Nagar,,Sub Post Office,Non-Delivery,Delhi,East Delhi,Delhi East,Delhi,NA,Delhi,India,110032
Bhola Nath Nagar,,Sub Post Office,Non-Delivery,Delhi,East Delhi,Delhi East,Delhi,NA,Delhi,India,110032
Distt. Court (KKD),,Sub Post Office,Non-Delivery,Delhi,East Delhi,Delhi East,Delhi,NA,Delhi,India,110032
Goverdhan Bihari Colony,,Sub Post Office,Non-Delivery,Delhi,East Delhi,Delhi East,Delhi,NA,Delhi,India,110032
Loni Road,,Sub Post Office,Non-Delivery,Delhi,East Delhi,Delhi East,Delhi,NA,Delhi,India,110032
Man Sarovar Park,,Sub Post Office,Non-Delivery,Delhi,East Delhi,Delhi East,Delhi,NA,Delhi,India,110032
Rohtash Nagar,,Sub Post Office,Non-Delivery,Delhi,East Delhi,Delhi East,Delhi,NA,Delhi,India,110032
Shahdara,,Sub Post Office,Delivery,Delhi,East Delhi,Delhi East,Delhi,NA,Delhi,India,110032
Shahdara Mandi,,Sub Post Office,Non-Delivery,Delhi,East Delhi,Delhi East,Delhi,NA,Delhi,India,110032
Shivaji Park (East Delhi),,Sub Post Office,Non-Delivery,Delhi,East Delhi,Delhi East,Delhi,NA,Delhi,India,110032
Telewara,,Sub Post Office,Non-Delivery,Delhi,East Delhi,Delhi East,Delhi,NA,Delhi,India,110032
Vishwas Nagar,,Sub Post Office,Non-Delivery,Delhi,East Delhi,Delhi East,Delhi,NA,Delhi,India,110032
Adrash Nagar,,Sub Post Office,Non-Delivery,Delhi,North West Delhi,Delhi North,Delhi,Delhi,Delhi,India,110033
Bhalaswa,,Branch Post Office,Non-Delivery,Delhi,North West Delhi,Delhi North,Delhi,Delhi,Delhi,India,110033
Jahangir Puri A Block,,Sub Post Office,Non-Delivery,Delhi,North West Delhi,Delhi North,Delhi,Delhi,Delhi,India,110033
Jahangir Puri D Block,,Sub Post Office,Non-Delivery,Delhi,North West Delhi,Delhi North,Delhi,Delhi,Delhi,India,110033
Jahangir Puri H Block,,Sub Post Office,Non-Delivery,Delhi,North West Delhi,Delhi North,Delhi,Delhi,Delhi,India,110033
N.S.Mandi,,Sub Post Office,Delivery,Delhi,North West Delhi,Delhi North,Delhi,Delhi,Delhi,India,110033
Anandvas Shakurpur,,Sub Post Office,Non-Delivery,Delhi,North West Delhi,Delhi North,Delhi,Delhi,Delhi,India,110034
Maurya Enclave,,Sub Post Office,Non-Delivery,Delhi,North West Delhi,Delhi North,Delhi,Delhi,Delhi,India,110034
Rani Bagh,,Sub Post Office,Non-Delivery,Delhi,North West Delhi,Delhi North,Delhi,Delhi,Delhi,India,110034
Saraswati Vihar,,Sub Post Office,Delivery,Delhi,North West Delhi,Delhi North,Delhi,Delhi,Delhi,India,110034
Shakur Pur I  Block,,Sub Post Office,Non-Delivery,Delhi,North West Delhi,Delhi North,Delhi,Delhi,Delhi,India,110034
Shakurbasti Rs,,Sub Post Office,Non-Delivery,Delhi,North West Delhi,Delhi North,Delhi,Delhi,Delhi,India,110034
Sri Nagar Colony,,Sub Post Office,Non-Delivery,Delhi,North West Delhi,Delhi North,Delhi,Delhi,Delhi,India,110034
Ganeshpura,,Sub Post Office,Non-Delivery,Delhi,North West Delhi,Delhi North,Delhi,Delhi,Delhi,India,110035
Keshav Puram (North West Delhi),,Sub Post Office,Non-Delivery,Delhi,North West Delhi,Delhi North,Delhi,Delhi,Delhi,India,110035
Onkar Nagar,,Sub Post Office,Delivery,Delhi,North West Delhi,Delhi North,Delhi,Delhi,Delhi,India,110035
Power House,,Sub Post Office,Non-Delivery,Delhi,North West Delhi,Delhi North,Delhi,Delhi,Delhi,India,110035
Rampura,,Branch Post Office,Non-Delivery,Delhi,North West Delhi,Delhi North,Delhi,Delhi,Delhi,India,110035
Sarai Rohilla,,Sub Post Office,Non-Delivery,Delhi,North West Delhi,Delhi North,Delhi,Delhi,Delhi,India,110035
Alipur,,Sub Post Office,Delivery,Delhi,North West Delhi,Delhi North,Delhi,Delhi,Delhi,India,110036
Bakhtawar Pur,,Branch Post Office,Delivery,Delhi,North West Delhi,Delhi North,Delhi,Delhi,Delhi,India,110036
Bakoli,,Branch Post Office,Non-Delivery,Delhi,North West Delhi,Delhi North,Delhi,Delhi,Delhi,India,110036
Hiranki,,Branch Post Office,Non-Delivery,Delhi,North West Delhi,Delhi North,Delhi,Delhi,Delhi,India,110036
Kadipur,,Branch Post Office,Delivery,Delhi,North West Delhi,Delhi North,Delhi,Delhi,Delhi,India,110036
Khampur,,Branch Post Office,Delivery,Delhi,North West Delhi,Delhi North,Delhi,Delhi,Delhi,India,110036
Mukhmelpur,,Branch Post Office,Non-Delivery,Delhi,North West Delhi,Delhi North,Delhi,NA,Delhi,India,110036
Nangal Poona,,Branch Post Office,Non-Delivery,Delhi,North West Delhi,Delhi North,Delhi,Delhi,Delhi,India,110036
Palla,,Branch Post Office,Delivery,Delhi,North West Delhi,Delhi North,Delhi,Delhi,Delhi,India,110036
Tajpur Kalan,,Branch Post Office,Delivery,Delhi,North West Delhi,Delhi North,Delhi,Delhi,Delhi,India,110036
Gurgaon Road,,Sub Post Office,Delivery,Delhi,South West Delhi,New Delhi South West,Delhi,NA,Delhi,India,110037
IGI Airport,,Sub Post Office,Non-Delivery,Delhi,South West Delhi,New Delhi South West,Delhi,NA,Delhi,India,110037
Mahipalpur,,Branch Post Office,Non-Delivery,Delhi,South West Delhi,New Delhi South West,Delhi,NA,Delhi,India,110037
Nangal Dewat,,Branch Post Office,Non-Delivery,Delhi,South West Delhi,New Delhi South West,Delhi,NA,Delhi,India,110037
Palam Airport,,Sub Post Office,Non-Delivery,Delhi,South West Delhi,New Delhi South West,Delhi,NA,Delhi,India,110037
A F Rajokari,,Sub Post Office,Delivery,Delhi,South West Delhi,New Delhi South West,Delhi,NA,Delhi,India,110038
Rajokari,,Branch Post Office,Non-Delivery,Delhi,South West Delhi,New Delhi South West,Delhi,NA,Delhi,India,110038
Auchandi,,Branch Post Office,Delivery,Delhi,North West Delhi,Delhi North,Delhi,Delhi,Delhi,India,110039
Barwala,,Branch Post Office,Delivery,Delhi,North West Delhi,Delhi North,Delhi,Delhi,Delhi,India,110039
Bawana,,Sub Post Office,Delivery,Delhi,North West Delhi,Delhi North,Delhi,Delhi,Delhi,India,110039
Daryapur Kalan,,Branch Post Office,Delivery,Delhi,North West Delhi,Delhi North,Delhi,Delhi,Delhi,India,110039
Ghoga,,Branch Post Office,Delivery,Delhi,North West Delhi,Delhi North,Delhi,Delhi,Delhi,India,110039
Hareveli,,Branch Post Office,Delivery,Delhi,North West Delhi,Delhi North,Delhi,Delhi,Delhi,India,110039
Jat Khore,,Branch Post Office,Delivery,Delhi,North West Delhi,Delhi North,Delhi,Delhi,Delhi,India,110039
Katewara,,Branch Post Office,Delivery,Delhi,North West Delhi,Delhi North,Delhi,Delhi,Delhi,India,110039
Mungeshpur,,Branch Post Office,Delivery,Delhi,North West Delhi,Delhi North,Delhi,Delhi,Delhi,India,110039
Nangal Thakran,,Branch Post Office,Delivery,Delhi,North West Delhi,Delhi North,Delhi,Delhi,Delhi,India,110039
Pooth Khurd,,Branch Post Office,Delivery,Delhi,North West Delhi,Delhi North,Delhi,Delhi,Delhi,India,110039
Qutabagarh,,Branch Post Office,Delivery,Delhi,North West Delhi,Delhi North,Delhi,Delhi,Delhi,India,110039
Bankner,,Branch Post Office,Delivery,Delhi,North West Delhi,Delhi North,Delhi,Delhi,Delhi,India,110040
Bhorgarh,,Branch Post Office,Non-Delivery,Delhi,North West Delhi,Delhi North,Delhi,Delhi,Delhi,India,110040
Kanya Gurukul,,Branch Post Office,Delivery,Delhi,North West Delhi,Delhi North,Delhi,Delhi,Delhi,India,110040
Lampur,,Branch Post Office,Delivery,Delhi,North West Delhi,Delhi North,Delhi,Delhi,Delhi,India,110040
Narela,,Sub Post Office,Delivery,Delhi,North West Delhi,Delhi North,Delhi,Delhi,Delhi,India,110040
Sanoth,,Branch Post Office,Delivery,Delhi,North West Delhi,Delhi North,Delhi,Delhi,Delhi,India,110040
Singhu,,Branch Post Office,Delivery,Delhi,North West Delhi,Delhi North,Delhi,Delhi,Delhi,India,110040
Tikri Khurd,,Branch Post Office,Delivery,Delhi,North West Delhi,Delhi North,Delhi,Delhi,Delhi,India,110040
Bakkarwala,,Branch Post Office,Delivery,Delhi,West Delhi,New Delhi West,Delhi,New Delhi,Delhi,India,110041
Hirankudna,,Branch Post Office,Delivery,Delhi,West Delhi,New Delhi West,Delhi,New Delhi,Delhi,India,110041
Mundka,,Branch Post Office,Non-Delivery,Delhi,West Delhi,New Delhi West,Delhi,New Delhi,Delhi,India,110041
Nangloi,,Sub Post Office,Delivery,Delhi,West Delhi,New Delhi West,Delhi,New Delhi,Delhi,India,110041
Nangloi - II,,Branch Post Office,Non-Delivery,Delhi,West Delhi,New Delhi West,Delhi,New Delhi,Delhi,India,110041
Nangloi - III,,Sub Post Office,Non-Delivery,Delhi,West Delhi,New Delhi West,Delhi,New Delhi,Delhi,India,110041
Nilothi,,Branch Post Office,Non-Delivery,Delhi,West Delhi,New Delhi West,Delhi,New Delhi,Delhi,India,110041
Ranhola,,Branch Post Office,Non-Delivery,Delhi,West Delhi,New Delhi West,Delhi,New Delhi,Delhi,India,110041
Tikri Kalan,,Branch Post Office,Non-Delivery,Delhi,West Delhi,New Delhi West,Delhi,New Delhi,Delhi,India,110041
Badli (North West Delhi),,Sub Post Office,Non-Delivery,Delhi,North West Delhi,Delhi North,Delhi,Delhi,Delhi,India,110042
Delhi Engg. College,,Sub Post Office,Non-Delivery,Delhi,North West Delhi,Delhi North,Delhi,Delhi,Delhi,India,110042
Pehlad Pur,,Branch Post Office,Delivery,Delhi,North West Delhi,Delhi North,Delhi,Delhi,Delhi,India,110042
Samai Pur,,Sub Post Office,Delivery,Delhi,North West Delhi,Delhi North,Delhi,Delhi,Delhi,India,110042
Shahbad Daulatpur,,Branch Post Office,Delivery,Delhi,North West Delhi,Delhi North,Delhi,Delhi,Delhi,India,110042
Siraspur,,Branch Post Office,Delivery,Delhi,North West Delhi,Delhi North,Delhi,Delhi,Delhi,India,110042
Baprola,,Branch Post Office,Non-Delivery,Delhi,South West Delhi,New Delhi West,Delhi,New Delhi,Delhi,India,110043
Daulatpur,,Branch Post Office,Delivery,Delhi,South West Delhi,New Delhi West,Delhi,New Delhi,Delhi,India,110043
Dichaun Kalan,,Branch Post Office,Delivery,Delhi,South West Delhi,New Delhi West,Delhi,New Delhi,Delhi,India,110043
Dindarpur,,Branch Post Office,Non-Delivery,Delhi,South West Delhi,New Delhi West,Delhi,New Delhi,Delhi,India,110043
Jhatikara,,Branch Post Office,Delivery,Delhi,South West Delhi,New Delhi West,Delhi,New Delhi,Delhi,India,110043
Mitraon,,Branch Post Office,Delivery,Delhi,South West Delhi,New Delhi West,Delhi,New Delhi,Delhi,India,110043
Najafgarh,,Sub Post Office,Delivery,Delhi,South West Delhi,New Delhi West,Delhi,New Delhi,Delhi,India,110043
Pandwala Kalan,,Branch Post Office,Delivery,Delhi,South West Delhi,New Delhi West,Delhi,New Delhi,Delhi,India,110043
Papravat,,Branch Post Office,Non-Delivery,Delhi,South West Delhi,New Delhi West,Delhi,New Delhi,Delhi,India,110043
Rewla Khanpur,,Branch Post Office,Non-Delivery,Delhi,South West Delhi,New Delhi West,Delhi,New Delhi,Delhi,India,110043
Surehra,,Branch Post Office,Non-Delivery,Delhi,South West Delhi,New Delhi West,Delhi,New Delhi,Delhi,India,110043
Tilangpur Kotla,,Branch Post Office,Delivery,Delhi,South West Delhi,New Delhi West,Delhi,New Delhi,Delhi,India,110043
Badarpur (South Delhi),,Sub Post Office,Delivery,Delhi,South Delhi,New Delhi South,Delhi,New Delhi,Delhi,India,110044
BTPS (South Delhi),,Sub Post Office,Non-Delivery,Delhi,South Delhi,New Delhi South,Delhi,New Delhi,Delhi,India,110044
Jaitpur,,Branch Post Office,Non-Delivery,Delhi,South Delhi,New Delhi South,Delhi,New Delhi,Delhi,India,110044
Jaitpur (South Delhi),,Sub Post Office,Non-Delivery,Delhi,South Delhi,New Delhi South,Delhi,NA,Delhi,India,110044
Lal Kuan,,Branch Post Office,Non-Delivery,Delhi,South Delhi,New Delhi South,Delhi,New Delhi,Delhi,India,110044
Molarband,,Branch Post Office,Non-Delivery,Delhi,South Delhi,New Delhi South,Delhi,New Delhi,Delhi,India,110044
Pul Pahladpur,,Branch Post Office,Non-Delivery,Delhi,South Delhi,New Delhi South,Delhi,New Delhi,Delhi,India,110044
Tugalkabad,,Branch Post Office,Non-Delivery,Delhi,South Delhi,New Delhi South,Delhi,New Delhi,Delhi,India,110044
Tugalkabad Railway Colony,,Sub Post Office,Non-Delivery,Delhi,South Delhi,New Delhi South,Delhi,New Delhi,Delhi,India,110044
Dabri,,Branch Post Office,Non-Delivery,Delhi,South West Delhi,New Delhi West,Delhi,New Delhi,Delhi,India,110045
Indira Park,,Branch Post Office,Non-Delivery,Delhi,South West Delhi,New Delhi West,Delhi,New Delhi,Delhi,India,110045
Nasirpur,,Branch Post Office,Non-Delivery,Delhi,South West Delhi,New Delhi West,Delhi,New Delhi,Delhi,India,110045
Palam Village,,Sub Post Office,Delivery,Delhi,South West Delhi,New Delhi West,Delhi,New Delhi,Delhi,India,110045
Nangal Raya,,Sub Post Office,Delivery,Delhi,South West Delhi,New Delhi West,Delhi,New Delhi,Delhi,India,110046
Sagarpur,,Sub Post Office,Non-Delivery,Delhi,South West Delhi,New Delhi West,Delhi,New Delhi,Delhi,India,110046
Arjungarh,,Sub Post Office,Delivery,Delhi,South West Delhi,New Delhi South West,Delhi,NA,Delhi,India,110047
Aya Nagar,,Branch Post Office,Non-Delivery,Delhi,South West Delhi,New Delhi South West,Delhi,NA,Delhi,India,110047
Jaunapur,,Branch Post Office,Non-Delivery,Delhi,South West Delhi,New Delhi South West,Delhi,NA,Delhi,India,110047
Mandi,,Branch Post Office,Non-Delivery,Delhi,South West Delhi,New Delhi South West,Delhi,NA,Delhi,India,110047
Greater Kailash,,Sub Post Office,Delivery,Delhi,South Delhi,New Delhi South,Delhi,New Delhi,Delhi,India,110048
Kailash Colony,,Sub Post Office,Non-Delivery,Delhi,South Delhi,New Delhi South,Delhi,New Delhi,Delhi,India,110048
Masjid Moth,,Sub Post Office,Non-Delivery,Delhi,South Delhi,New Delhi South,Delhi,New Delhi,Delhi,India,110048
Andrewsganj,,Sub Post Office,Delivery,Delhi,South Delhi,New Delhi South,Delhi,New Delhi,Delhi,India,110049
Gautam Nagar,,Sub Post Office,Non-Delivery,Delhi,South Delhi,New Delhi South,Delhi,New Delhi,Delhi,India,110049
Gulmohar Park,,Sub Post Office,Non-Delivery,Delhi,South Delhi,New Delhi South,Delhi,New Delhi,Delhi,India,110049
New Delhi South Ext-II,,Sub Post Office,Non-Delivery,Delhi,South Delhi,New Delhi South,Delhi,New Delhi,Delhi,India,110049
Sadiq Nagar,,Sub Post Office,Non-Delivery,Delhi,South Delhi,New Delhi South,Delhi,New Delhi,Delhi,India,110049
Sahpurjat,,Branch Post Office,Non-Delivery,Delhi,South Delhi,New Delhi South,Delhi,New Delhi,Delhi,India,110049
Azad Nagar (East Delhi),,Sub Post Office,Non-Delivery,Delhi,East Delhi,Delhi East,Delhi,NA,Delhi,India,110051
Govind Pura,,Sub Post Office,Non-Delivery,Delhi,East Delhi,Delhi East,Delhi,NA,Delhi,India,110051
Krishna Nagar,,Head Post Office,Delivery,Delhi,East Delhi,Delhi East,Delhi,NA,Delhi,India,110051
Ram Nagar (East Delhi),,Sub Post Office,Non-Delivery,Delhi,East Delhi,Delhi East,Delhi,NA,Delhi,India,110051
Ashok Vihar,,Head Post Office,Delivery,Delhi,North West Delhi,Delhi North,Delhi,Delhi,Delhi,India,110052
Nimri,,Sub Post Office,Non-Delivery,Delhi,North West Delhi,Delhi North,Delhi,Delhi,Delhi,India,110052
Satyawati Nagar,,Sub Post Office,Non-Delivery,Delhi,North West Delhi,Delhi North,Delhi,Delhi,Delhi,India,110052
Shastri Nagar (North West Delhi),,Sub Post Office,Non-Delivery,Delhi,North West Delhi,Delhi North,Delhi,Delhi,Delhi,India,110052
Wazir Pur III,,Sub Post Office,Non-Delivery,Delhi,North West Delhi,Delhi North,Delhi,Delhi,Delhi,India,110052
Bhajan Pura,,Sub Post Office,Non-Delivery,Delhi,North East Delhi,Delhi East,Delhi,NA,Delhi,India,110053
Brahampuri,,Sub Post Office,Non-Delivery,Delhi,East Delhi,Delhi East,Delhi,NA,Delhi,India,110053
Garhi Mandu,,Branch Post Office,Delivery,Delhi,East Delhi,Delhi East,Delhi,East Delhi,Delhi,India,110053
Ghonda,,Branch Post Office,Non-Delivery,Delhi,East Delhi,Delhi East,Delhi,NA,Delhi,India,110053
Jafrabad (East Delhi),,Sub Post Office,Non-Delivery,Delhi,East Delhi,Delhi East,Delhi,NA,Delhi,India,110053
Jagjit Nagar,,Sub Post Office,Non-Delivery,Delhi,East Delhi,Delhi East,Delhi,NA,Delhi,India,110053
Maujpur,,Sub Post Office,Non-Delivery,Delhi,East Delhi,Delhi East,Delhi,NA,Delhi,India,110053
New Usmanpur,,Branch Post Office,Non-Delivery,Delhi,East Delhi,Delhi East,Delhi,NA,Delhi,India,110053
Seelampur,,Sub Post Office,Delivery,Delhi,East Delhi,Delhi East,Delhi,NA,Delhi,India,110053
Yamuna Vihar,,Sub Post Office,Non-Delivery,Delhi,East Delhi,Delhi East,Delhi,NA,Delhi,India,110053
Aruna Nagar,,Sub Post Office,Non-Delivery,Delhi,North Delhi,Delhi North,Delhi,North,Delhi,India,110054
Civil Lines (North Delhi),,Sub Post Office,Delivery,Delhi,North Delhi,Delhi North,Delhi,Delhi,Delhi,India,110054
District Courts (North Delhi),,Sub Post Office,Non-Delivery,Delhi,North Delhi,Delhi North,Delhi,Delhi,Delhi,India,110054
Majnu ka Tila,,Branch Post Office,Delivery,Delhi,North Delhi,Delhi North,Delhi,Delhi,Delhi,India,110054
Patrachar Vidyalay,,Sub Post Office,Non-Delivery,Delhi,North Delhi,Delhi North,Delhi,Delhi,Delhi,India,110054
Timarpur,,Sub Post Office,Non-Delivery,Delhi,North Delhi,Delhi North,Delhi,Delhi,Delhi,India,110054
A.K.Market,,Sub Post Office,Non-Delivery,Delhi,Central Delhi,New Delhi Central,Delhi,New Delhi,Delhi,India,110055
Multani Dhanda,,Sub Post Office,Non-Delivery,Delhi,Central Delhi,New Delhi Central,Delhi,New Delhi,Delhi,India,110055
Pahar Ganj,,Sub Post Office,Non-Delivery,Delhi,Central Delhi,New Delhi Central,Delhi,New Delhi,Delhi,India,110055
Swami Ram Tirth Nagar,,Sub Post Office,Delivery,Delhi,Central Delhi,New Delhi Central,Delhi,New Delhi,Delhi,India,110055
New Multan Nagar,,Branch Post Office,Delivery,Delhi,North West Delhi,Delhi North,Delhi,Delhi,Delhi,India,110056
Shakur Basti Depot,,Sub Post Office,Delivery,Delhi,North West Delhi,Delhi North,Delhi,Delhi,Delhi,India,110056
Vasant Vihar-1,,Sub Post Office,Delivery,Delhi,South West Delhi,New Delhi South West,Delhi,NA,Delhi,India,110057
Vasant Vihar-2,,Sub Post Office,Non-Delivery,Delhi,South West Delhi,New Delhi South West,Delhi,NA,Delhi,India,110057
D.E.S.U. Colony,,Sub Post Office,Non-Delivery,Delhi,West Delhi,New Delhi West,Delhi,New Delhi,Delhi,India,110058
Jail Road (West Delhi),,Sub Post Office,Non-Delivery,Delhi,West Delhi,New Delhi West,Delhi,New Delhi,Delhi,India,110058
Janakpuri A-3,,Sub Post Office,Non-Delivery,Delhi,West Delhi,New Delhi West,Delhi,New Delhi,Delhi,India,110058
Janakpuri B-1,,Sub Post Office,Delivery,Delhi,West Delhi,New Delhi West,Delhi,New Delhi,Delhi,India,110058
Janakpuri C-4,,Sub Post Office,Non-Delivery,Delhi,West Delhi,New Delhi West,Delhi,New Delhi,Delhi,India,110058
D. K. Mohan Garden,,Sub Post Office,Delivery,Delhi,West Delhi,New Delhi West,Delhi,New Delhi,Delhi,India,110059
Hastal Village,,Branch Post Office,Non-Delivery,Delhi,West Delhi,New Delhi West,Delhi,New Delhi,Delhi,India,110059
Jeevan Park,,Branch Post Office,Non-Delivery,Delhi,West Delhi,New Delhi West,Delhi,New Delhi,Delhi,India,110059
Matiala,,Branch Post Office,Non-Delivery,Delhi,West Delhi,New Delhi West,Delhi,New Delhi,Delhi,India,110059
Uttam Nagar,,Sub Post Office,Non-Delivery,Delhi,West Delhi,New Delhi West,Delhi,New Delhi,Delhi,India,110059
Rajender Nagar,,Sub Post Office,Delivery,Delhi,Central Delhi,New Delhi Central,Delhi,New Delhi,Delhi,India,110060
Bijwasan,,Sub Post Office,Delivery,Delhi,South West Delhi,New Delhi South West,Delhi,NA,Delhi,India,110061
Shahbad Mohammadpur,,Branch Post Office,Non-Delivery,Delhi,South West Delhi,New Delhi South West,Delhi,NA,Delhi,India,110061
Air Force Station Tugalkabad,,Sub Post Office,Non-Delivery,Delhi,South Delhi,New Delhi South,Delhi,New Delhi,Delhi,India,110062
BSF Camp Tigri,,Sub Post Office,Non-Delivery,Delhi,South Delhi,New Delhi South,Delhi,New Delhi,Delhi,India,110062
Dakshinpuri Phase-I,,Sub Post Office,Non-Delivery,Delhi,South Delhi,New Delhi South,Delhi,New Delhi,Delhi,India,110062
Dakshinpuri Phase-II,,Sub Post Office,Non-Delivery,Delhi,South Delhi,New Delhi South,Delhi,New Delhi,Delhi,India,110062
Dakshinpuri Phase-III,,Sub Post Office,Non-Delivery,Delhi,South Delhi,New Delhi South,Delhi,New Delhi,Delhi,India,110062
Deoli,,Branch Post Office,Non-Delivery,Delhi,South Delhi,New Delhi South,Delhi,New Delhi,Delhi,India,110062
Dr. Ambedkar Nagar (South Delhi),,Sub Post Office,Non-Delivery,Delhi,South Delhi,New Delhi South,Delhi,New Delhi,Delhi,India,110062
Hamdard Nagar,,Sub Post Office,Non-Delivery,Delhi,South Delhi,New Delhi South,Delhi,New Delhi,Delhi,India,110062
Khanpur (South Delhi),,Sub Post Office,Non-Delivery,Delhi,South Delhi,New Delhi South,Delhi,New Delhi,Delhi,India,110062
Pushpa Bhawan,,Sub Post Office,Delivery,Delhi,South Delhi,New Delhi South,Delhi,New Delhi,Delhi,India,110062
Talimabad,,Sub Post Office,Non-Delivery,Delhi,South Delhi,New Delhi South,Delhi,New Delhi,Delhi,India,110062
Jawala Heri,,Branch Post Office,Non-Delivery,Delhi,West Delhi,New Delhi West,Delhi,New Delhi,Delhi,India,110063
Madipur Slum Quarter,,Sub Post Office,Non-Delivery,Delhi,West Delhi,New Delhi West,Delhi,New Delhi,Delhi,India,110063
Madipur Village,,Sub Post Office,Non-Delivery,Delhi,West Delhi,New Delhi West,Delhi,New Delhi,Delhi,India,110063
Paschim Vihar,,Sub Post Office,Delivery,Delhi,West Delhi,New Delhi West,Delhi,New Delhi,Delhi,India,110063
Paschim Vihar B Block,,Sub Post Office,Non-Delivery,Delhi,West Delhi,New Delhi West,Delhi,New Delhi,Delhi,India,110063
Peeragarhi,,Branch Post Office,Non-Delivery,Delhi,West Delhi,New Delhi West,Delhi,New Delhi,Delhi,India,110063
Hari Nagar (West Delhi),,Sub Post Office,Non-Delivery,Delhi,West Delhi,New Delhi West,Delhi,New Delhi,Delhi,India,110064
Hari Nagar BE Block,,Sub Post Office,Non-Delivery,Delhi,West Delhi,New Delhi West,Delhi,New Delhi,Delhi,India,110064
Hari Nagar Dadb Block,,Sub Post Office,Non-Delivery,Delhi,West Delhi,New Delhi West,Delhi,New Delhi,Delhi,India,110064
Maya Puri,,Sub Post Office,Delivery,Delhi,South West Delhi,New Delhi West,Delhi,New Delhi,Delhi,India,110064
Mayapuri Shopping Centre,,Sub Post Office,Non-Delivery,Delhi,South West Delhi,New Delhi West,Delhi,New Delhi,Delhi,India,110064
East Of Kailash,,Sub Post Office,Non-Delivery,Delhi,South Delhi,New Delhi South,Delhi,New Delhi,Delhi,India,110065
East Of Kailash Phase-I,,Sub Post Office,Non-Delivery,Delhi,South Delhi,New Delhi South,Delhi,New Delhi,Delhi,India,110065
Nehru Nagar (South Delhi),,Sub Post Office,Non-Delivery,Delhi,South Delhi,New Delhi South,Delhi,New Delhi,Delhi,India,110065
Sant Nagar (South Delhi),,Sub Post Office,Non-Delivery,Delhi,South Delhi,New Delhi South,Delhi,New Delhi,Delhi,India,110065
Sriniwaspuri,,Sub Post Office,Delivery,Delhi,South Delhi,New Delhi South,Delhi,New Delhi,Delhi,India,110065
R K Puram (Main),,Sub Post Office,Delivery,Delhi,South West Delhi,New Delhi South West,Delhi,NA,Delhi,India,110066
R K Puram West,,Sub Post Office,Non-Delivery,Delhi,South West Delhi,New Delhi South West,Delhi,NA,Delhi,India,110066
J.N.U.,,Sub Post Office,Delivery,Delhi,South West Delhi,New Delhi South West,Delhi,NA,Delhi,India,110067
JNU New Campus,,Sub Post Office,Non-Delivery,Delhi,South West Delhi,New Delhi South West,Delhi,NA,Delhi,India,110067
Munirka,,Sub Post Office,Non-Delivery,Delhi,South West Delhi,New Delhi South West,Delhi,NA,Delhi,India,110067
Ignou,,Sub Post Office,Delivery,Delhi,South West Delhi,New Delhi South West,Delhi,NA,Delhi,India,110068
Maidan Garhi,,Branch Post Office,Non-Delivery,Delhi,South West Delhi,New Delhi South West,Delhi,NA,Delhi,India,110068
Union Public Service Commission,,Sub Post Office,Delivery,Delhi,Central Delhi,New Delhi Central,Delhi,New Delhi,Delhi,India,110069
Masood Pur,,Branch Post Office,Non-Delivery,Delhi,South West Delhi,New Delhi South West,Delhi,NA,Delhi,India,110070
Vasant Kunj,,Sub Post Office,Delivery,Delhi,South West Delhi,New Delhi South West,Delhi,NA,Delhi,India,110070
Vasant Kunj Pkt-A,,Sub Post Office,Non-Delivery,Delhi,South West Delhi,New Delhi South West,Delhi,NA,Delhi,India,110070
Badusarai,,Branch Post Office,Non-Delivery,Delhi,South West Delhi,New Delhi West,Delhi,New Delhi,Delhi,India,110071
Chhawla,,Sub Post Office,Delivery,Delhi,South West Delhi,New Delhi West,Delhi,New Delhi,Delhi,India,110071
DC Goyla,,Branch Post Office,Delivery,Delhi,South West Delhi,New Delhi West,Delhi,South West Delhi,Delhi,India,110071
Kangan Heri,,Branch Post Office,Non-Delivery,Delhi,South West Delhi,New Delhi West,Delhi,New Delhi,Delhi,India,110071
CRPF Jharoda Kalan,,Sub Post Office,Delivery,Delhi,South West Delhi,New Delhi West,Delhi,NA,Delhi,India,110072
Jharoda Kalan,,Branch Post Office,Non-Delivery,Delhi,South West Delhi,New Delhi West,Delhi,NA,Delhi,India,110072
Dhansa,,Branch Post Office,Non-Delivery,Delhi,South West Delhi,New Delhi West,Delhi,NA,Delhi,India,110073
Galib Pur,,Branch Post Office,Non-Delivery,Delhi,South West Delhi,New Delhi West,Delhi,New Delhi,Delhi,India,110073
Ghuman Hera,,Branch Post Office,Non-Delivery,Delhi,South West Delhi,New Delhi West,Delhi,New Delhi,Delhi,India,110073
Issapur,,Branch Post Office,Non-Delivery,Delhi,South West Delhi,New Delhi West,Delhi,New Delhi,Delhi,India,110073
Jafarpur,,Branch Post Office,Delivery,Delhi,South West Delhi,New Delhi West,Delhi,New Delhi,Delhi,India,110073
Khera Dabur,,Branch Post Office,Non-Delivery,Delhi,South West Delhi,New Delhi West,Delhi,New Delhi,Delhi,India,110073
Malik Pur,,Branch Post Office,Non-Delivery,Delhi,South West Delhi,New Delhi West,Delhi,New Delhi,Delhi,India,110073
Mundela Kalan,,Branch Post Office,Delivery,Delhi,South West Delhi,New Delhi West,Delhi,New Delhi,Delhi,India,110073
Quazipur,,Branch Post Office,Non-Delivery,Delhi,South West Delhi,New Delhi West,Delhi,New Delhi,Delhi,India,110073
Raota,,Branch Post Office,Non-Delivery,Delhi,South West Delhi,New Delhi West,Delhi,New Delhi,Delhi,India,110073
Ujwa,,Sub Post Office,Delivery,Delhi,South West Delhi,New Delhi West,Delhi,New Delhi,Delhi,India,110073
C.S.K.M. School,,Branch Post Office,Non-Delivery,Delhi,South West Delhi,New Delhi South West,Delhi,NA,Delhi,India,110074
Chandanhoola,,Branch Post Office,Non-Delivery,Delhi,South West Delhi,New Delhi South West,Delhi,NA,Delhi,India,110074
Chattarpur,,Sub Post Office,Delivery,Delhi,South West Delhi,New Delhi South West,Delhi,NA,Delhi,India,110074
Dera,,Branch Post Office,Non-Delivery,Delhi,South West Delhi,New Delhi South West,Delhi,NA,Delhi,India,110074
Fatehpur Beri,,Branch Post Office,Non-Delivery,Delhi,South West Delhi,New Delhi South West,Delhi,NA,Delhi,India,110074
Sanjay Colony Bhati Mines,,Branch Post Office,Delivery,Delhi,South West Delhi,New Delhi South West,Delhi,South West Delhi,Delhi,India,110074
Satbari,,Branch Post Office,Non-Delivery,Delhi,South West Delhi,New Delhi South West,Delhi,NA,Delhi,India,110074
Sawan Public School,,Branch Post Office,Delivery,Delhi,South West Delhi,New Delhi South West,Delhi,South West Delhi,Delhi,India,110074
Amberhai,,Branch Post Office,Delivery,Delhi,South West Delhi,New Delhi West,Delhi,New Delhi,Delhi,India,110075
District Court Complex Dwarka,,Sub Post Office,Non-Delivery,Delhi,South West Delhi,New Delhi West,Delhi,Delhi,Delhi,India,110075
Dwarka Sec-6,,Sub Post Office,Delivery,Delhi,South West Delhi,New Delhi West,Delhi,New Delhi,Delhi,India,110075
Ali,,Branch Post Office,Non-Delivery,Delhi,South Delhi,New Delhi South,Delhi,New Delhi,Delhi,India,110076
Madanpur Khadar,,Branch Post Office,Non-Delivery,Delhi,South Delhi,New Delhi South,Delhi,New Delhi,Delhi,India,110076
Sarita Vihar,,Sub Post Office,Delivery,Delhi,South Delhi,New Delhi South,Delhi,New Delhi,Delhi,India,110076
Bagdola,,Branch Post Office,Delivery,Delhi,South West Delhi,New Delhi West,Delhi,New Delhi,Delhi,India,110077
Barthal,,Branch Post Office,Delivery,Delhi,South West Delhi,New Delhi West,Delhi,New Delhi,Delhi,India,110077
Dhulsiras,,Branch Post Office,Delivery,Delhi,South West Delhi,New Delhi West,Delhi,New Delhi,Delhi,India,110077
Palam Extn (Harijan Basti),,Sub Post Office,Non-Delivery,Delhi,West Delhi,New Delhi West,Delhi,NA,Delhi,India,110077
Raj Nagar - II,,Sub Post Office,Delivery,Delhi,South West Delhi,New Delhi West,Delhi,New Delhi,Delhi,India,110077
"Distt. Court Complex, Dwarka",,Sub Post Office,Non-Delivery,Delhi,West Delhi,New Delhi West,Delhi,NA,Delhi,India,110078
GGSIP University,,Sub Post Office,Non-Delivery,Delhi,West Delhi,New Delhi West,Delhi,NA,Delhi,India,110078
Kakrola,,Branch Post Office,Delivery,Delhi,South West Delhi,New Delhi West,Delhi,New Delhi,Delhi,India,110078
N.S.I.T. Dwarka,,Sub Post Office,Delivery,Delhi,South West Delhi,New Delhi West,Delhi,New Delhi,Delhi,India,110078
Sangam Vihar,,Sub Post Office,Delivery,Delhi,South Delhi,New Delhi South,Delhi,South Delhi,Delhi,India,110080
Chand Pur,,Branch Post Office,Delivery,Delhi,North West Delhi,Delhi North,Delhi,Delhi,Delhi,India,110081
Gheora,,Branch Post Office,Delivery,Delhi,North West Delhi,Delhi North,Delhi,Delhi,Delhi,India,110081
Jaunti,,Branch Post Office,Delivery,Delhi,North West Delhi,Delhi North,Delhi,Delhi,Delhi,India,110081
Kanjhawla,,Sub Post Office,Delivery,Delhi,North West Delhi,Delhi North,Delhi,Delhi,Delhi,India,110081
Karala,,Branch Post Office,Delivery,Delhi,North West Delhi,Delhi North,Delhi,Delhi,Delhi,India,110081
Lad Pur,,Branch Post Office,Delivery,Delhi,North West Delhi,Delhi North,Delhi,Delhi,Delhi,India,110081
Majra Dabas,,Branch Post Office,Delivery,Delhi,North West Delhi,Delhi North,Delhi,Delhi,Delhi,India,110081
Mubarak Pur Dabas,,Branch Post Office,Delivery,Delhi,North West Delhi,Delhi North,Delhi,Delhi,Delhi,India,110081
Nizampur,,Branch Post Office,Delivery,Delhi,North West Delhi,Delhi North,Delhi,Delhi,Delhi,India,110081
Punjab Khor,,Branch Post Office,Delivery,Delhi,North West Delhi,Delhi North,Delhi,Delhi,Delhi,India,110081
Rani Khera,,Branch Post Office,Delivery,Delhi,North West Delhi,Delhi North,Delhi,Delhi,Delhi,India,110081
Holambi Kalan,,Branch Post Office,Delivery,Delhi,North West Delhi,Delhi North,Delhi,Delhi,Delhi,India,110082
Khera Kalan,,Sub Post Office,Delivery,Delhi,North West Delhi,Delhi North,Delhi,Delhi,Delhi,India,110082
Khera Khurd,,Branch Post Office,Delivery,Delhi,North West Delhi,Delhi North,Delhi,Delhi,Delhi,India,110082
Naya Bans,,Branch Post Office,Delivery,Delhi,North West Delhi,Delhi North,Delhi,Delhi,Delhi,India,110082
Mangolpuri A Block,,Sub Post Office,Non-Delivery,Delhi,North West Delhi,Delhi North,Delhi,Delhi,Delhi,India,110083
Mangolpuri I  Block,,Sub Post Office,Non-Delivery,Delhi,North West Delhi,Delhi North,Delhi,Delhi,Delhi,India,110083
Mangolpuri N Block,,Sub Post Office,Delivery,Delhi,North West Delhi,Delhi North,Delhi,Delhi,Delhi,India,110083
Mangolpuri S Block,,Sub Post Office,Non-Delivery,Delhi,North West Delhi,Delhi North,Delhi,NA,Delhi,India,110083
Burari,,Sub Post Office,Delivery,Delhi,North Delhi,Delhi North,Delhi,Delhi,Delhi,India,110084
Jagatpur,,Branch Post Office,Delivery,Delhi,North Delhi,Delhi North,Delhi,Delhi,Delhi,India,110084
Jharoda Majraa,,Branch Post Office,Delivery,Delhi,North Delhi,Delhi North,Delhi,Delhi,Delhi,India,110084
Wazirabad Village,,Sub Post Office,Non-Delivery,Delhi,North Delhi,Delhi North,Delhi,North,Delhi,India,110084
Avantika,,Sub Post Office,Non-Delivery,Delhi,North Delhi,Delhi North,Delhi,NA,Delhi,India,110085
Naharpur,,Branch Post Office,Delivery,Delhi,North West Delhi,Delhi North,Delhi,North West Delhi,Delhi,India,110085
Prashant Vihar,,Sub Post Office,Non-Delivery,Delhi,North West Delhi,Delhi North,Delhi,Delhi,Delhi,India,110085
Rithala,,Branch Post Office,Non-Delivery,Delhi,North West Delhi,Delhi North,Delhi,Delhi,Delhi,India,110085
Rohini Courts,,Sub Post Office,Non-Delivery,Delhi,North West Delhi,Delhi North,Delhi,NA,Delhi,India,110085
Rohini sec-11,,Sub Post Office,Non-Delivery,Delhi,North West Delhi,Delhi North,Delhi,Delhi,Delhi,India,110085
Rohini Sector 5,,Sub Post Office,Non-Delivery,Delhi,North West Delhi,Delhi North,Delhi,Delhi,Delhi,India,110085
Rohini Sector-7,,Sub Post Office,Delivery,Delhi,North West Delhi,Delhi North,Delhi,NA,Delhi,India,110085
Begumpur,,Branch Post Office,Delivery,Delhi,North West Delhi,Delhi North,Delhi,Delhi,Delhi,India,110086
Budh Vihar,,Branch Post Office,Non-Delivery,Delhi,North West Delhi,Delhi North,Delhi,Delhi,Delhi,India,110086
Pooth Kalan,,Branch Post Office,Delivery,Delhi,North West Delhi,Delhi North,Delhi,Delhi,Delhi,India,110086
Pooth Kalan Resettlement,,Sub Post Office,Non-Delivery,Delhi,North West Delhi,Delhi North,Delhi,NA,Delhi,India,110086
Prem Nagar,,Branch Post Office,Delivery,Delhi,North West Delhi,Delhi North,Delhi,Delhi,Delhi,India,110086
Sultanpuri B Block,,Sub Post Office,Non-Delivery,Delhi,North West Delhi,Delhi North,Delhi,Delhi,Delhi,India,110086
Sultanpuri C Block,,Sub Post Office,Delivery,Delhi,North West Delhi,Delhi North,Delhi,Delhi,Delhi,India,110086
Sultanpuri F Block,,Sub Post Office,Non-Delivery,Delhi,North West Delhi,Delhi North,Delhi,Delhi,Delhi,India,110086
Jwala Puri,,Sub Post Office,Non-Delivery,Delhi,West Delhi,New Delhi West,Delhi,New Delhi,Delhi,India,110087
Sunder Vihar,,Sub Post Office,Delivery,Delhi,West Delhi,New Delhi West,Delhi,New Delhi,Delhi,India,110087
Haiderpur,,Sub Post Office,Non-Delivery,Delhi,North West Delhi,Delhi North,Delhi,Delhi,Delhi,India,110088
Shalamar,,Branch Post Office,Delivery,Delhi,North West Delhi,Delhi North,Delhi,Delhi,Delhi,India,110088
Shalimar Bagh (North West Delhi),,Sub Post Office,Delivery,Delhi,North West Delhi,Delhi North,Delhi,Delhi,Delhi,India,110088
Rohini Sector 15,,Sub Post Office,Delivery,Delhi,North West Delhi,Delhi North,Delhi,NA,Delhi,India,110089
Badarpur Khadar,,Branch Post Office,Delivery,Delhi,East Delhi,Delhi East,Delhi,East Delhi,Delhi,India,110090
Karawal Nagar,,Sub Post Office,Delivery,Delhi,East Delhi,Delhi East,Delhi,NA,Delhi,India,110090
Shaheed Bhagat Singh Colony,,Sub Post Office,Non-Delivery,Delhi,North East Delhi,Delhi East,Delhi,NA,Delhi,India,110090
Shriram Colony Rajeev Nagar,,Sub Post Office,Non-Delivery,Delhi,North East Delhi,Delhi East,Delhi,NA,Delhi,India,110090
Sonia Vihar,,Sub Post Office,Non-Delivery,Delhi,East Delhi,Delhi East,Delhi,NA,Delhi,India,110090
Chilla,,Branch Post Office,Non-Delivery,Delhi,East Delhi,Delhi East,Delhi,NA,Delhi,India,110091
Himmatpuri,,Sub Post Office,Non-Delivery,Delhi,East Delhi,Delhi East,Delhi,NA,Delhi,India,110091
Kalyanpuri,,Sub Post Office,Non-Delivery,Delhi,East Delhi,Delhi East,Delhi,NA,Delhi,India,110091
Kalyanvas,,Sub Post Office,Non-Delivery,Delhi,East Delhi,Delhi East,Delhi,NA,Delhi,India,110091
Mayur Vihar Ph-I,,Sub Post Office,Non-Delivery,Delhi,East Delhi,Delhi East,Delhi,NA,Delhi,India,110091
Patparganj,,Sub Post Office,Delivery,Delhi,East Delhi,Delhi East,Delhi,NA,Delhi,India,110091
Trilok Puri,,Sub Post Office,Non-Delivery,Delhi,East Delhi,Delhi East,Delhi,NA,Delhi,India,110091
Anand Vihar,,Sub Post Office,Non-Delivery,Delhi,East Delhi,Delhi East,Delhi,NA,Delhi,India,110092
IP Extension,,Sub Post Office,Non-Delivery,Delhi,East Delhi,Delhi East,Delhi,NA,Delhi,India,110092
Laxmi Nagar (East Delhi),,Sub Post Office,Delivery,Delhi,East Delhi,Delhi East,Delhi,NA,Delhi,India,110092
Mandawali Fazalpur,,Sub Post Office,Non-Delivery,Delhi,East Delhi,Delhi East,Delhi,NA,Delhi,India,110092
Nirman Vihar,,Sub Post Office,Non-Delivery,Delhi,East Delhi,Delhi East,Delhi,NA,Delhi,India,110092
Shakarpur,,Sub Post Office,Non-Delivery,Delhi,East Delhi,Delhi East,Delhi,NA,Delhi,India,110092
Surajmal Vihar,,Sub Post Office,Non-Delivery,Delhi,East Delhi,Delhi East,Delhi,NA,Delhi,India,110092
Yozna Vihar,,Sub Post Office,Non-Delivery,Delhi,East Delhi,Delhi East,Delhi,NA,Delhi,India,110092
Harsh Vihar,,Sub Post Office,Non-Delivery,Delhi,East Delhi,Delhi East,Delhi,NA,Delhi,India,110093
Loni Road Housing Complex,,Sub Post Office,Non-Delivery,Delhi,East Delhi,Delhi East,Delhi,NA,Delhi,India,110093
Mandoli Saboli,,Branch Post Office,Non-Delivery,Delhi,North East Delhi,Delhi East,Delhi,NA,Delhi,India,110093
"Nand Nagri ""A""",,Sub Post Office,Non-Delivery,Delhi,East Delhi,Delhi East,Delhi,NA,Delhi,India,110093
"Nand Nagri ""C""",,Sub Post Office,Delivery,Delhi,East Delhi,Delhi East,Delhi,NA,Delhi,India,110093
Sunder Nagari,,Sub Post Office,Non-Delivery,Delhi,North East Delhi,Delhi East,Delhi,NA,Delhi,India,110093
Dayalpur,,Branch Post Office,Non-Delivery,Delhi,North East Delhi,Delhi East,Delhi,NA,Delhi,India,110094
Gokal Puri,,Sub Post Office,Delivery,Delhi,East Delhi,Delhi East,Delhi,NA,Delhi,India,110094
Johripur,,Branch Post Office,Non-Delivery,Delhi,East Delhi,Delhi East,Delhi,NA,Delhi,India,110094
Khazuri Khas,,Branch Post Office,Non-Delivery,Delhi,East Delhi,Delhi East,Delhi,NA,Delhi,India,110094
Sabhapur,,Branch Post Office,Non-Delivery,Delhi,North West Delhi,Delhi East,Delhi,Delhi North East,Delhi,India,110094
Dilshad Garden,,Sub Post Office,Non-Delivery,Delhi,East Delhi,Delhi East,Delhi,NA,Delhi,India,110095
G.T.B. Hospital,,Sub Post Office,Non-Delivery,Delhi,East Delhi,Delhi East,Delhi,NA,Delhi,India,110095
Jhilmil,,Head Post Office,Delivery,Delhi,East Delhi,Delhi East,Delhi,NA,Delhi,India,110095
Jhilmil Tahirpur,,Branch Office directly a/w Head Office,Non-Delivery,Delhi,East Delhi,Delhi East,Delhi,NA,Delhi,India,110095
New Seemapuri,,Sub Post Office,Non-Delivery,Delhi,East Delhi,Delhi East,Delhi,NA,Delhi,India,110095
Old Seemapuri,,Sub Post Office,Non-Delivery,Delhi,East Delhi,Delhi East,Delhi,NA,Delhi,India,110095
V.K. Nagar,,Sub Post Office,Non-Delivery,Delhi,East Delhi,Delhi East,Delhi,NA,Delhi,India,110095
Vivek Vihar,,Sub Post Office,Non-Delivery,Delhi,East Delhi,Delhi East,Delhi,NA,Delhi,India,110095
Ghazipur,,Branch Post Office,Non-Delivery,Delhi,East Delhi,Delhi East,Delhi,NA,Delhi,India,110096
Mayur Vihar Ph-III,,Sub Post Office,Non-Delivery,Delhi,East Delhi,Delhi East,Delhi,NA,Delhi,India,110096
Vasundhra Enclave,,Sub Post Office,Delivery,Delhi,East Delhi,Delhi East,Delhi,NA,Delhi,India,110096
Kapashera.,,Sub Post Office,Delivery,Delhi,South West Delhi,New Delhi South West,Delhi,NA,Delhi,India,110097
