0,D.M College,,Sub Post Office,Non-Delivery,North Eastern,Imphal West,Manipur,North Eastern,Nil,Manipur,India,795001
1,Imphal,,Head Post Office,Delivery,North Eastern,Imphal West,Manipur,North Eastern,Nil,Manipur,India,795001
2,Imphal Bazar,,Sub Post Office,Non-Delivery,North Eastern,Imphal West,Manipur,North Eastern,Nil,Manipur,India,795001
3,Khoyathong,,Branch Post Office,Non-Delivery,North Eastern,Imphal West,Manipur,North Eastern,Nil,Manipur,India,795001
4,Manipur High Court,,Sub Post Office,Non-Delivery,North Eastern,Imphal West,Manipur,North Eastern,Imphal West,Manipur,India,795001
5,Soibam Leikai,,Branch Post Office,Non-Delivery,North Eastern,Imphal West,Manipur,North Eastern,Nil,Manipur,India,795001
6,Ahallup,,Branch Post Office,Delivery,North Eastern,Imphal West,Manipur,North Eastern,Nil,Manipur,India,795002
7,Awangpotshangbam,,Branch Post Office,Delivery,North Eastern,Imphal West,Manipur,North Eastern,Nil,Manipur,India,795002
8,Heingang,,Branch Post Office,Delivery,North Eastern,Imphal West,Manipur,North Eastern,Nil,Manipur,India,795002
9,Karakhul,,Branch Post Office,Delivery,North Eastern,Imphal West,Manipur,North Eastern,Nil,Manipur,India,795002
10,Khonghampat,,Branch Post Office,Delivery,North Eastern,Imphal West,Manipur,North Eastern,Nil,Manipur,India,795002
11,Khurukhul,,Branch Post Office,Delivery,North Eastern,Imphal West,Manipur,North Eastern,Nil,Manipur,India,795002
12,Konthakhabam,,Branch Post Office,Delivery,North Eastern,Imphal West,Manipur,North Eastern,Nil,Manipur,India,795002
13,Loitang Leikinthabi,,Branch Post Office,Delivery,North Eastern,Imphal West,Manipur,North Eastern,Nil,Manipur,India,795002
14,Luwangsangbam,,Branch Post Office,Delivery,North Eastern,Imphal West,Manipur,North Eastern,Nil,Manipur,India,795002
15,Mantripukhri,,Sub Post Office,Delivery,North Eastern,Imphal West,Manipur,North Eastern,Nil,Manipur,India,795002
16,Tendongyang (P),,Branch Post Office,Delivery,North Eastern,Imphal West,Manipur,North Eastern,Nil,Manipur,India,795002
17,Canchipur (T/C/D),,Branch Post Office,Delivery,North Eastern,Imphal West,Manipur,North Eastern,Nil,Manipur,India,795003
18,Kunja (P),,Branch Post Office,Delivery,North Eastern,Imphal West,Manipur,North Eastern,Nil,Manipur,India,795003
19,Kyamgei,,Branch Post Office,Delivery,North Eastern,Imphal West,Manipur,North Eastern,Nil,Manipur,India,795003
20,Langthabal,,Branch Post Office,Delivery,North Eastern,Imphal West,Manipur,North Eastern,Nil,Manipur,India,795003
21,Manipur University,,Sub Post Office,Delivery,North Eastern,Imphal East,Manipur,North Eastern,Nil,Manipur,India,795003
22,Mongsangei,,Branch Post Office,Delivery,North Eastern,Imphal West,Manipur,North Eastern,Nil,Manipur,India,795003
23,Ningombam,,Branch Post Office,Delivery,North Eastern,Imphal West,Manipur,North Eastern,Nil,Manipur,India,795003
24,Central Agriculture University,,Branch Post Office,Delivery,North Eastern,Imphal West,Manipur,North Eastern,Nil,Manipur,India,795004
25,Iroisemaba,,Branch Post Office,Delivery,North Eastern,Imphal West,Manipur,North Eastern,Nil,Manipur,India,795004
26,Lamboi Khongnagkhong,,Branch Post Office,Delivery,North Eastern,Imphal West,Manipur,North Eastern,Nil,Manipur,India,795004
27,Lamphelpat,,Sub Post Office,Delivery,North Eastern,Imphal West,Manipur,North Eastern,Nil,Manipur,India,795004
28,Langol Housing Complex,,Branch Post Office,Delivery,North Eastern,Imphal West,Manipur,North Eastern,Nil,Manipur,India,795004
29,Noremthong Bazar,,Branch Post Office,Delivery,North Eastern,Imphal West,Manipur,North Eastern,Nil,Manipur,India,795004
30,Sagolband Thingom Leikai,,Branch Post Office,Delivery,North Eastern,Imphal West,Manipur,North Eastern,Nil,Manipur,India,795004
31,Sayang Kuraomakhong,,Branch Post Office,Delivery,North Eastern,Imphal West,Manipur,North Eastern,Nil,Manipur,India,795004
32,Tera Bazar,,Branch Post Office,Delivery,North Eastern,Imphal West,Manipur,North Eastern,Nil,Manipur,India,795004
33,Awang Konmgpal,,Branch Post Office,Delivery,North Eastern,Imphal East,Manipur,North Eastern,Nil,Manipur,India,795005
34,Khurai Khongnang Makhong,,Branch Post Office,Delivery,North Eastern,Imphal East,Manipur,North Eastern,Nil,Manipur,India,795005
35,Moirang Kampu,,Branch Post Office,Delivery,North Eastern,Imphal East,Manipur,North Eastern,Nil,Manipur,India,795005
36,Porompat,,Sub Post Office,Delivery,North Eastern,Imphal East,Manipur,North Eastern,Nil,Manipur,India,795005
37,Takhel,,Branch Post Office,Delivery,North Eastern,Imphal East,Manipur,North Eastern,Nil,Manipur,India,795005
38,New Lamka,,Sub Post Office,Delivery,North Eastern,Churachandpur,Manipur,North Eastern,Churachandpur,Manipur,India,795006
39,Karong,,Sub Post Office,Delivery,North Eastern,Senapati,Manipur,North Eastern,Nil,Manipur,India,795007
40,Lairouching,,Branch Post Office,Delivery,North Eastern,Senapati,Manipur,North Eastern,Nil,Manipur,India,795007
41,Oinam,,Branch Post Office,Delivery,North Eastern,Senapati,Manipur,North Eastern,Nil,Manipur,India,795007
42,Rajamei,,Branch Post Office,Delivery,North Eastern,Senapati,Manipur,North Eastern,Nil,Manipur,India,795007
43,Thingba Khullen,,Branch Post Office,Delivery,North Eastern,Senapati,Manipur,North Eastern,Nil,Manipur,India,795007
44,Thingba Khunou,,Branch Post Office,Delivery,North Eastern,Senapati,Manipur,North Eastern,Nil,Manipur,India,795007
45,Willang,,Branch Post Office,Delivery,North Eastern,Senapati,Manipur,North Eastern,Nil,Manipur,India,795007
46,Yangkhullen,,Branch Post Office,Delivery,North Eastern,Senapati,Manipur,North Eastern,Nil,Manipur,India,795007
47,Irilbung,,Branch Post Office,Delivery,North Eastern,Imphal East,Manipur,North Eastern,Nil,Manipur,India,795008
48,Keirao Bitra Salam,,Branch Post Office,Delivery,North Eastern,Imphal East,Manipur,North Eastern,Nil,Manipur,India,795008
49,Keirao Makting,,Branch Post Office,Delivery,North Eastern,Imphal East,Manipur,North Eastern,Nil,Manipur,India,795008
50,Keirao Wangkhem,,Branch Post Office,Delivery,North Eastern,Imphal East,Manipur,North Eastern,Nil,Manipur,India,795008
51,Khongangpheidekpi,,Branch Post Office,Delivery,North Eastern,Imphal East,Manipur,North Eastern,Nil,Manipur,India,795008
52,Kitnapanung,,Branch Post Office,Delivery,North Eastern,Imphal East,Manipur,North Eastern,Nil,Manipur,India,795008
53,Kongba Bazar,,Branch Post Office,Delivery,North Eastern,Imphal East,Manipur,North Eastern,Nil,Manipur,India,795008
54,Kshetribangoon,,Branch Post Office,Delivery,North Eastern,Imphal East,Manipur,North Eastern,Nil,Manipur,India,795008
55,Kshetrigao,,Branch Post Office,Delivery,North Eastern,Imphal East,Manipur,North Eastern,Nil,Manipur,India,795008
56,Laiphrak Maring,,Branch Post Office,Delivery,North Eastern,Imphal East,Manipur,North Eastern,Nil,Manipur,India,795008
57,Mongkhang Lambi,,Branch Post Office,Delivery,North Eastern,Imphal East,Manipur,North Eastern,Nil,Manipur,India,795008
58,Oinam Thingel,,Branch Post Office,Delivery,North Eastern,Imphal East,Manipur,North Eastern,Nil,Manipur,India,795008
59,Singjamei,,Sub Post Office,Delivery,North Eastern,Imphal East,Manipur,North Eastern,Nil,Manipur,India,795008
60,Uchekon,,Branch Post Office,Delivery,North Eastern,Imphal East,Manipur,North Eastern,Nil,Manipur,India,795008
61,Bitrarakhong,,Branch Post Office,Delivery,North Eastern,Imphal West,Manipur,North Eastern,Nil;,Manipur,India,795009
62,Haoreibi,,Branch Post Office,Delivery,North Eastern,Imphal West,Manipur,North Eastern,Nil,Manipur,India,795009
63,Hiyangthang,,Branch Post Office,Delivery,North Eastern,Imphal West,Manipur,North Eastern,Nil,Manipur,India,795009
64,Irom Meijrao,,Branch Post Office,Delivery,North Eastern,Imphal West,Manipur,North Eastern,Nil,Manipur,India,795009
65,Kodompokpi,,Branch Post Office,Delivery,North Eastern,Imphal West,Manipur,North Eastern,Nil,Manipur,India,795009
66,Paobitek,,Branch Post Office,Delivery,North Eastern,Imphal West,Manipur,North Eastern,Nil,Manipur,India,795009
67,Samurou,,Branch Post Office,Delivery,North Eastern,Imphal West,Manipur,North Eastern,Nil,Manipur,India,795009
68,Wangoi,,Sub Post Office,Delivery,North Eastern,Imphal West,Manipur,North Eastern,Nil,Manipur,India,795009
69,Yumnam Khunou,,Branch Post Office,Delivery,North Eastern,Imphal West,Manipur,North Eastern,Nil,Manipur,India,795009
70,Chingmang,,Branch Post Office,Delivery,North Eastern,Imphal East,Manipur,North Eastern,Nil,Manipur,India,795010
71,Heinoumakhong,,Branch Post Office,Delivery,North Eastern,Imphal East,Manipur,North Eastern,Nil,Manipur,India,795010
72,Huidrom,,Branch Post Office,Delivery,North Eastern,Imphal East,Manipur,North Eastern,Nil,Manipur,India,795010
73,Kameng Kakching,,Branch Post Office,Delivery,North Eastern,Imphal East,Manipur,North Eastern,Nil,Manipur,India,795010
74,Laikoiching,,Branch Post Office,Delivery,North Eastern,Imphal East,Manipur,North Eastern,Nil,Manipur,India,795010
75,Lamlai,,Branch Post Office,Delivery,North Eastern,Imphal East,Manipur,North Eastern,Nil,Manipur,India,795010
76,Lamlong,,Sub Post Office,Delivery,North Eastern,Imphal East,Manipur,North Eastern,Nil,Manipur,India,795010
77,Moirang Purel,,Branch Post Office,Delivery,North Eastern,Imphal East,Manipur,North Eastern,Nil,Manipur,India,795010
78,Ningthemchakhul,,Branch Post Office,Delivery,North Eastern,Imphal East,Manipur,North Eastern,Nil,Manipur,India,795010
79,Nongdam Tangkhul,,Branch Post Office,Delivery,North Eastern,Imphal East,Manipur,North Eastern,Nil,Manipur,India,795010
80,Nongoda,,Branch Post Office,Delivery,North Eastern,Imphal East,Manipur,North Eastern,Nil,Manipur,India,795010
81,Phaknung,,Branch Post Office,Delivery,North Eastern,Imphal East,Manipur,North Eastern,Nil,Manipur,India,795010
82,Sawombung,,Branch Post Office,Delivery,North Eastern,Imphal East,Manipur,North Eastern,Nil,Manipur,India,795010
83,Tangkhul Hungdung,,Branch Post Office,Delivery,North Eastern,Imphal East,Manipur,North Eastern,Nil,Manipur,India,795010
84,Taretkhul,,Branch Post Office,Delivery,North Eastern,Imphal East,Manipur,North Eastern,Nil,Manipur,India,795010
85,Yourbung,,Branch Post Office,Delivery,North Eastern,Imphal East,Manipur,North Eastern,Nil,Manipur,India,795010
86,Koide,,Branch Post Office,Delivery,North Eastern,Senapati,Manipur,North Eastern,Nil,Manipur,India,795015
87,Lakhamei,,Branch Post Office,Delivery,North Eastern,Senapati,Manipur,North Eastern,Nil,Manipur,India,795015
88,Maiba,,Branch Post Office,Delivery,North Eastern,Senapati,Manipur,North Eastern,Nil,Manipur,India,795015
89,Makhan Bazar,,Branch Post Office,Delivery,North Eastern,Senapati,Manipur,North Eastern,Nil,Manipur,India,795015
90,Maram,,Sub Post Office,Delivery,North Eastern,Senapati,Manipur,North Eastern,Nil,Manipur,India,795015
91,Phuba,,Branch Post Office,Delivery,North Eastern,Senapati,Manipur,North Eastern,Nil,Manipur,India,795015
92,Purul,,Branch Post Office,Delivery,North Eastern,Senapati,Manipur,North Eastern,Nil,Manipur,India,795015
93,Chairen,,Branch Post Office,Delivery,North Eastern,Thoubal,Manipur,North Eastern,Nil,Manipur,India,795101
94,Jul Bangching,,Branch Post Office,Delivery,North Eastern,Thoubal,Manipur,North Eastern,Nil,Manipur,India,795101
95,K. Molnam,,Branch Post Office,Delivery,North Eastern,Thoubal,Manipur,North Eastern,Nil,Manipur,India,795101
96,Khambathel,,Branch Post Office,Delivery,North Eastern,Thoubal,Manipur,North Eastern,Nil,Manipur,India,795101
97,Khongnangpheisani,,Branch Post Office,Delivery,North Eastern,Thoubal,Manipur,North Eastern,Nil,Manipur,India,795101
98,Longja,,Branch Post Office,Delivery,North Eastern,Thoubal,Manipur,North Eastern,Nil,Manipur,India,795101
99,M Bongmol,,Branch Post Office,Delivery,North Eastern,Thoubal,Manipur,North Eastern,Nil,Manipur,India,795101
100,Mahou Tera,,Branch Post Office,Delivery,North Eastern,Thoubal,Manipur,North Eastern,Nil,Manipur,India,795101
101,Sangaikot,,Branch Post Office,Delivery,North Eastern,Thoubal,Manipur,North Eastern,Nil,Manipur,India,795101
102,Serou,,Branch Post Office,Delivery,North Eastern,Thoubal,Manipur,North Eastern,Nil,Manipur,India,795101
103,Shahumphai,,Branch Post Office,Delivery,North Eastern,Thoubal,Manipur,North Eastern,Nil,Manipur,India,795101
104,Sugnu,,Sub Post Office,Delivery,North Eastern,Chandel,Manipur,North Eastern,Nil,Manipur,India,795101
105,Aigejang,,Branch Post Office,Delivery,North Eastern,Chandel,Manipur,North Eastern,Nil,Manipur,India,795102
106,Anal Khullen,,Branch Post Office,Delivery,North Eastern,Chandel,Manipur,North Eastern,Nil,Manipur,India,795102
107,Chakpikarong,,Sub Post Office,Delivery,North Eastern,Chandel,Manipur,North Eastern,Nil,Manipur,India,795102
108,Gobok,,Branch Post Office,Delivery,North Eastern,Chandel,Manipur,North Eastern,Nil,Manipur,India,795102
109,Khengjoi,,Branch Post Office,Delivery,North Eastern,Chandel,Manipur,North Eastern,Nil,Manipur,India,795102
110,Khubungh Khullen,,Branch Post Office,Delivery,North Eastern,Chandel,Manipur,North Eastern,Nil,Manipur,India,795102
111,Monbi,,Branch Post Office,Delivery,North Eastern,Chandel,Manipur,North Eastern,Nil,Manipur,India,795102
112,Phiran Machet,,Branch Post Office,Delivery,North Eastern,Chandel,Manipur,North Eastern,Nil,Manipur,India,795102
113,Sajik Tampak,,Branch Post Office,Delivery,North Eastern,Chandel,Manipur,North Eastern,Nil,Manipur,India,795102
114,Sehao,,Branch Post Office,Delivery,North Eastern,Chandel,Manipur,North Eastern,Nil,Manipur,India,795102
115,Semol,,Branch Post Office,Delivery,North Eastern,Chandel,Manipur,North Eastern,Nil,Manipur,India,795102
116,Thorchom,,Branch Post Office,Delivery,North Eastern,Chandel,Manipur,North Eastern,Nil,Manipur,India,795102
117,Toupokpi,,Branch Post Office,Delivery,North Eastern,Chandel,Manipur,North Eastern,Nil,Manipur,India,795102
118,Zoupi,,Branch Post Office,Delivery,North Eastern,Chandel,Manipur,North Eastern,Nil;,Manipur,India,795102
119,Arong Nongmaikhong,,Branch Post Office,Delivery,North Eastern,Thoubal,Manipur,North Eastern,Nil,Manipur,India,795103
120,Elangkhangpokpi,,Branch Post Office,Delivery,North Eastern,Thoubal,Manipur,North Eastern,Nil,Manipur,India,795103
121,Hivanalam,,Branch Post Office,Delivery,North Eastern,Thoubal,Manipur,North Eastern,Nil,Manipur,India,795103
122,K M College,,Branch Post Office,Delivery,North Eastern,Thoubal,Manipur,North Eastern,Nil,Manipur,India,795103
123,Kakching,,Sub Post Office,Delivery,North Eastern,Thoubal,Manipur,North Eastern,Nil,Manipur,India,795103
124,Kakching Khunou,,Branch Post Office,Delivery,North Eastern,Thoubal,Manipur,North Eastern,Nil,Manipur,India,795103
125,Kalikalok,,Branch Post Office,Delivery,North Eastern,Thoubal,Manipur,North Eastern,Nil,Manipur,India,795103
126,Keirak,,Branch Post Office,Delivery,North Eastern,Thoubal,Manipur,North Eastern,Nil,Manipur,India,795103
127,Khudei Khunou,,Branch Post Office,Delivery,North Eastern,Thoubal,Manipur,North Eastern,Nil,Manipur,India,795103
128,Langmeidon,,Branch Post Office,Delivery,North Eastern,Thoubal,Manipur,North Eastern,Nil,Manipur,India,795103
129,Leingangching,,Branch Post Office,Delivery,North Eastern,Thoubal,Manipur,North Eastern,Nil,Manipur,India,795103
130,Mairembam,,Branch Post Office,Delivery,North Eastern,Thoubal,Manipur,North Eastern,Nil,Manipur,India,795103
131,Mantak,,Branch Post Office,Delivery,North Eastern,Thoubal,Manipur,North Eastern,Nil,Manipur,India,795103
132,Nodoom Bazar,,Branch Post Office,Delivery,North Eastern,Thoubal,Manipur,North Eastern,Nil,Manipur,India,795103
133,Pangaltabi,,Branch Post Office,Delivery,North Eastern,Thoubal,Manipur,North Eastern,Nil,Manipur,India,795103
134,Purum Pantha,,Branch Post Office,Delivery,North Eastern,Thoubal,Manipur,North Eastern,Nil,Manipur,India,795103
135,Sora,,Branch Post Office,Delivery,North Eastern,Thoubal,Manipur,North Eastern,Nil,Manipur,India,795103
136,Tokpaching,,Branch Post Office,Delivery,North Eastern,Thoubal,Manipur,North Eastern,Nil,Manipur,India,795103
137,Wabagai,,Branch Post Office,Delivery,North Eastern,Thoubal,Manipur,North Eastern,Nil,Manipur,India,795103
138,Waikhong,,Branch Post Office,Delivery,North Eastern,Thoubal,Manipur,North Eastern,Nil,Manipur,India,795103
139,Wangoo Laipham,,Branch Post Office,Delivery,North Eastern,Thoubal,Manipur,North Eastern,Nil,Manipur,India,795103
140,Chawanamei,,Branch Post Office,Delivery,North Eastern,Senapati,Manipur,North Eastern,Nil,Manipur,India,795104
141,Chingai Khullen,,Branch Post Office,Delivery,North Eastern,Senapati,Manipur,North Eastern,Nil,Manipur,India,795104
142,Kaibi,,Branch Post Office,Delivery,North Eastern,Senapati,Manipur,North Eastern,Nil,Manipur,India,795104
143,Laii,,Branch Post Office,Delivery,North Eastern,Senapati,Manipur,North Eastern,Nil,Manipur,India,795104
144,Liyai,,Branch Post Office,Delivery,North Eastern,Senapati,Manipur,North Eastern,Nil,Manipur,India,795104
145,Liyal Khunou,,Branch Post Office,Delivery,North Eastern,Senapati,Manipur,North Eastern,Nil,Manipur,India,795104
146,Paomata Centre,,Branch Post Office,Delivery,North Eastern,Senapati,Manipur,North Eastern,Nil,Manipur,India,795104
147,Phaibung Khullen,,Branch Post Office,Delivery,North Eastern,Senapati,Manipur,North Eastern,Nil,Manipur,India,795104
148,Saranamei,,Branch Post Office,Delivery,North Eastern,Senapati,Manipur,North Eastern,Nil,Manipur,India,795104
149,Siraffi,,Branch Post Office,Delivery,North Eastern,Senapati,Manipur,North Eastern,Nil,Manipur,India,795104
150,Tadubi,,Sub Post Office,Delivery,North Eastern,Senapati,Manipur,North Eastern,Nil,Manipur,India,795104
151,Tungjoy,,Branch Post Office,Delivery,North Eastern,Senapati,Manipur,North Eastern,Nil,Manipur,India,795104
152,Oklong,,Branch Post Office,Delivery,North Eastern,Senapati,Manipur,North Eastern,Nil,Manipur,India,795106
153,Senapati,,Sub Post Office,Delivery,North Eastern,Senapati,Manipur,North Eastern,Nil,Manipur,India,795106
154,Tumuyan Khullen,,Branch Post Office,Delivery,North Eastern,Senapati,Manipur,North Eastern,Nil,Manipur,India,795106
155,J Phaijang,,Branch Post Office,Delivery,North Eastern,Senapati,Manipur,North Eastern,Nil,Manipur,India,795107
156,Motbung,,Sub Post Office,Delivery,North Eastern,Senapati,Manipur,North Eastern,Nil,Manipur,India,795107
157,N. Khenjang,,Branch Post Office,Delivery,North Eastern,Senapati,Manipur,North Eastern,Nil,Manipur,India,795107
158,Nurathel,,Branch Post Office,Delivery,North Eastern,Senapati,Manipur,North Eastern,Nil,Manipur,India,795107
159,S.Bolkot,,Branch Post Office,Delivery,North Eastern,Senapati,Manipur,North Eastern,Nil,Manipur,India,795107
160,Saitu,,Branch Post Office,Delivery,North Eastern,Senapati,Manipur,North Eastern,Nil,Manipur,India,795107
161,Sapermeina,,Branch Post Office,Delivery,North Eastern,Senapati,Manipur,North Eastern,Nil,Manipur,India,795107
162,Thingsat,,Branch Post Office,Delivery,North Eastern,Senapati,Manipur,North Eastern,Nil,Manipur,India,795107
163,Chalwa (P),,Branch Post Office,Delivery,North Eastern,Senapati,Manipur,North Eastern,Nil,Manipur,India,795112
164,Cheljang,,Branch Post Office,Delivery,North Eastern,Senapati,Manipur,North Eastern,Nil,Manipur,India,795112
165,Ganel,,Branch Post Office,Delivery,North Eastern,Senapati,Manipur,North Eastern,Nil,Manipur,India,795112
166,Irang,,Branch Post Office,Delivery,North Eastern,Senapati,Manipur,North Eastern,Nil,Manipur,India,795112
167,Kolhen,,Branch Post Office,Delivery,North Eastern,Senapati,Manipur,North Eastern,Nil,Manipur,India,795112
168,T Waichong,,Sub Post Office,Delivery,North Eastern,Senapati,Manipur,North Eastern,Nil,Manipur,India,795112
169,Thengjang,,Branch Post Office,Delivery,North Eastern,Senapati,Manipur,North Eastern,Nil,Manipur,India,795112
170,CRPF Camp Langjing,,Sub Post Office,Delivery,North Eastern,Imphal West,Manipur,North Eastern,Nil,Manipur,India,795113
171,Haorang Kairel,,Branch Post Office,Delivery,North Eastern,Imphal West,Manipur,North Eastern,Nil,Manipur,India,795113
172,Khamnam Bazar,,Branch Post Office,Delivery,North Eastern,Imphal West,Manipur,North Eastern,Nil,Manipur,India,795113
173,Khangakhul,,Branch Post Office,Delivery,North Eastern,Imphal West,Manipur,North Eastern,Nil,Manipur,India,795113
174,Khumbong Bazar,,Branch Post Office,Delivery,North Eastern,Imphal West,Manipur,North Eastern,Nil,Manipur,India,795113
175,Konthoujam,,Branch Post Office,Delivery,North Eastern,Imphal West,Manipur,North Eastern,Nil,Manipur,India,795113
176,Langjing Achouba,,Branch Post Office,Delivery,North Eastern,Imphal West,Manipur,North Eastern,Nil,Manipur,India,795113
177,Longa Koireng,,Branch Post Office,Delivery,North Eastern,Imphal West,Manipur,North Eastern,Nil,Manipur,India,795113
178,Maklang Bazar,,Branch Post Office,Delivery,North Eastern,Imphal West,Manipur,North Eastern,Nil,Manipur,India,795113
179,Natok Kabui,,Branch Post Office,Delivery,North Eastern,Imphal West,Manipur,North Eastern,Nil,Manipur,India,795113
180,New Keithelmanbi,,Branch Post Office,Delivery,North Eastern,Imphal West,Manipur,North Eastern,Nil,Manipur,India,795113
181,Ngairangbam,,Branch Post Office,Delivery,North Eastern,Imphal West,Manipur,North Eastern,Nil,Manipur,India,795113
182,Patsoi Part II,,Branch Post Office,Delivery,North Eastern,Imphal West,Manipur,North Eastern,Nil,Manipur,India,795113
183,Sagoltongba Bazar,,Branch Post Office,Delivery,North Eastern,Imphal West,Manipur,North Eastern,Nil,Manipur,India,795113
184,Tairenpokpi,,Branch Post Office,Delivery,North Eastern,Imphal West,Manipur,North Eastern,Nil,Manipur,India,795113
185,Takyel Khongbal,,Branch Post Office,Delivery,North Eastern,Imphal West,Manipur,North Eastern,Nil,Manipur,India,795113
186,Tharoijam,,Branch Post Office,Delivery,North Eastern,Imphal West,Manipur,North Eastern,Nil,Manipur,India,795113
187,Yurembam,,Branch Post Office,Delivery,North Eastern,Imphal West,Manipur,North Eastern,Nil,Manipur,India,795113
188,Dolaithabi,,Branch Post Office,Delivery,North Eastern,Imphal East,Manipur,North Eastern,Nil,Manipur,India,795114
189,Haraorou,,Branch Post Office,Delivery,North Eastern,Imphal East,Manipur,North Eastern,Nil,Manipur,India,795114
190,Kairang Litan Makhong,,Branch Post Office,Delivery,North Eastern,Imphal East,Manipur,North Eastern,Nil,Manipur,India,795114
191,Khongbal Tangkhul,,Branch Post Office,Delivery,North Eastern,Imphal East,Manipur,North Eastern,Nil,Manipur,India,795114
192,Khumidok (P),,Branch Post Office,Delivery,North Eastern,Imphal East,Manipur,North Eastern,Nil,Manipur,India,795114
193,Liklikhong Bazar,,Branch Post Office,Delivery,North Eastern,Imphal East,Manipur,North Eastern,Nil,Manipur,India,795114
194,Mapao Keithelmanbi,,Branch Post Office,Delivery,North Eastern,Imphal East,Manipur,North Eastern,Nil,Manipur,India,795114
195,Pngaei Yangdong,,Sub Post Office,Delivery,North Eastern,Imphal East,Manipur,North Eastern,Nil,Manipur,India,795114
196,Pukhao Ahallup,,Branch Post Office,Delivery,North Eastern,Imphal East,Manipur,North Eastern,Nil,Manipur,India,795114
197,Sagolmang,,Branch Post Office,Delivery,North Eastern,Imphal East,Manipur,North Eastern,Nil,Manipur,India,795114
198,Satang,,Branch Post Office,Delivery,North Eastern,Imphal East,Manipur,North Eastern,Nil,Manipur,India,795114
199,Thangal Surung,,Branch Post Office,Delivery,North Eastern,Imphal East,Manipur,North Eastern,Nil,Manipur,India,795114
200,Uyumpok,,Branch Post Office,Delivery,North Eastern,Imphal East,Manipur,North Eastern,Nil,Manipur,India,795114
201,Waiton,,Branch Post Office,Delivery,North Eastern,Imphal East,Manipur,North Eastern,Nil,Manipur,India,795114
202,Wakhen Phai,,Branch Post Office,Delivery,North Eastern,Imphal East,Manipur,North Eastern,Nil,Manipur,India,795114
203,Yumnam Khunou,,Branch Post Office,Delivery,North Eastern,Imphal East,Manipur,North Eastern,Nil,Manipur,India,795114
204,Bidyanagar,,Branch Post Office,Delivery,North Eastern,Imphal West,Manipur,North Eastern,Nil,Manipur,India,795115
205,BR Colony,,Branch Post Office,Delivery,North Eastern,Imphal West,Manipur,North Eastern,Nil,Manipur,India,795115
206,Gularthol,,Sub Post Office,Delivery,North Eastern,Imphal West,Manipur,North Eastern,Nil,Manipur,India,795115
207,Kashimpur,,Branch Post Office,Delivery,North Eastern,Imphal West,Manipur,North Eastern,Nil,Manipur,India,795115
208,Keimai,,Branch Post Office,Delivery,North Eastern,Imphal West,Manipur,North Eastern,Nil,Manipur,India,795115
209,New Keiphundai,,Branch Post Office,Delivery,North Eastern,Imphal West,Manipur,North Eastern,Nil,Manipur,India,795115
210,Bongmun,,Branch Post Office,Delivery,North Eastern,Imphal West,Manipur,North Eastern,Nil,Manipur,India,795116
211,Borobekra,,Branch Post Office,Delivery,North Eastern,Imphal West,Manipur,North Eastern,Nil,Manipur,India,795116
212,Champanagar,,Branch Post Office,Delivery,North Eastern,Imphal West,Manipur,North Eastern,Nil,Manipur,India,795116
213,Chingmun,,Branch Post Office,Delivery,North Eastern,Imphal West,Manipur,North Eastern,Nil,Manipur,India,795116
214,Jakurdhar,,Branch Post Office,Delivery,North Eastern,Imphal West,Manipur,North Eastern,Nil,Manipur,India,795116
215,Jiribam Bazar,,Sub Post Office,Delivery,North Eastern,Imphal West,Manipur,North Eastern,Nil,Manipur,India,795116
216,Kh Jaikhan,,Branch Post Office,Delivery,North Eastern,Imphal West,Manipur,North Eastern,Nil,Manipur,India,795116
217,Lalkhai,,Branch Post Office,Delivery,North Eastern,Imphal West,Manipur,North Eastern,Nil,Manipur,India,795116
218,Latingkhal,,Branch Post Office,Delivery,North Eastern,Imphal East,Manipur,North Eastern,Nil,Manipur,India,795116
219,Longpi,,Branch Post Office,Delivery,North Eastern,Imphal West,Manipur,North Eastern,Nil,Manipur,India,795116
220,Ngaphabung,,Branch Post Office,Delivery,North Eastern,Imphal West,Manipur,North Eastern,Nil,Manipur,India,795116
221,Patpuimun,,Branch Post Office,Delivery,North Eastern,Imphal West,Manipur,North Eastern,Nil,Manipur,India,795116
222,Phaibok Mullen,,Branch Post Office,Delivery,North Eastern,Imphal West,Manipur,North Eastern,Nil,Manipur,India,795116
223,Sonapur,,Branch Post Office,Delivery,North Eastern,Imphal West,Manipur,North Eastern,Nil,Manipur,India,795116
224,Suangpuimun,,Branch Post Office,Delivery,North Eastern,Imphal West,Manipur,North Eastern,Nil,Manipur,India,795116
225,Tuitengmun,,Branch Post Office,Delivery,North Eastern,Imphal West,Manipur,North Eastern,Nil,Manipur,India,795116
226,Khouwpuibung,,Branch Post Office,Delivery,North Eastern,Churachandpur,Manipur,North Eastern,Nil,Manipur,India,795117
227,Mual Vaiphei,,Branch Post Office,Delivery,North Eastern,Churachandpur,Manipur,North Eastern,Nil,Manipur,India,795117
228,Saikot,,Sub Post Office,Delivery,North Eastern,Churachandpur,Manipur,North Eastern,Nil,Manipur,India,795117
229,Tuikham,,Branch Post Office,Delivery,North Eastern,Churachandpur,Manipur,North Eastern,Nil,Manipur,India,795117
230,Tuining,,Branch Post Office,Delivery,North Eastern,Churachandpur,Manipur,North Eastern,Nil,Manipur,India,795117
231,Tuitengphai,,Branch Post Office,Delivery,North Eastern,Churachandpur,Manipur,North Eastern,Nil,Manipur,India,795117
232,Bunglong,,Branch Post Office,Delivery,North Eastern,Senapati,Manipur,North Eastern,Nil,Manipur,India,795118
233,Dolang,,Branch Post Office,Delivery,North Eastern,Bishnupur,Manipur,North Eastern,Nil,Manipur,India,795118
234,Galam,,Branch Post Office,Delivery,North Eastern,Senapati,Manipur,North Eastern,Nil,Manipur,India,795118
235,Gangpijang,,Branch Post Office,Delivery,North Eastern,Senapati,Manipur,North Eastern,Nil,Manipur,India,795118
236,Ichaigojang,,Branch Post Office,Delivery,North Eastern,Senapati,Manipur,North Eastern,Nil,Manipur,India,795118
237,Jangnoi,,Branch Post Office,Delivery,North Eastern,Senapati,Manipur,North Eastern,Nil,Manipur,India,795118
238,Makeng Ngarolu,,Branch Post Office,Delivery,North Eastern,Senapati,Manipur,North Eastern,Nil,Manipur,India,795118
239,Makokchung,,Branch Post Office,Delivery,North Eastern,Senapati,Manipur,North Eastern,Nil,Manipur,India,795118
240,Molkon,,Branch Post Office,Delivery,North Eastern,Senapati,Manipur,North Eastern,Nil,Manipur,India,795118
241,Mutukhong,,Branch Post Office,Delivery,North Eastern,Senapati,Manipur,North Eastern,Nil,Manipur,India,795118
242,Pangjang,,Branch Post Office,Delivery,North Eastern,Senapati,Manipur,North Eastern,Nil,Manipur,India,795118
243,Phaikon,,Branch Post Office,Delivery,North Eastern,Senapati,Manipur,North Eastern,Nil,Manipur,India,795118
244,Saikul,,Sub Post Office,Delivery,North Eastern,Churachandpur,Manipur,North Eastern,Nil,Manipur,India,795118
245,Sangpei Khullen,,Branch Post Office,Delivery,North Eastern,Senapati,Manipur,North Eastern,Nil,Manipur,India,795118
246,T. Awkhumbung,,Branch Post Office,Delivery,North Eastern,Senapati,Manipur,North Eastern,Nil,Manipur,India,795118
247,Tingpibung,,Branch Post Office,Delivery,North Eastern,Senapati,Manipur,North Eastern,Nil,Manipur,India,795118
248,Zelengphai,,Branch Post Office,Delivery,North Eastern,Senapati,Manipur,North Eastern,Nil,Manipur,India,795118
249,Chandraman,,Branch Post Office,Delivery,North Eastern,Senapati,Manipur,North Eastern,Nil,Manipur,India,795122
250,Haipi,,Branch Post Office,Delivery,North Eastern,Senapati,Manipur,North Eastern,Nil,Manipur,India,795122
251,Kalapahar,,Sub Post Office,Delivery,North Eastern,Senapati,Manipur,North Eastern,Nil,Manipur,India,795122
252,Keithelmanbi,,Branch Post Office,Delivery,North Eastern,Senapati,Manipur,North Eastern,Nil,Manipur,India,795122
253,Kheijang,,Branch Post Office,Delivery,North Eastern,Senapati,Manipur,North Eastern,Nil,Manipur,India,795122
254,Persian,,Branch Post Office,Delivery,North Eastern,Senapati,Manipur,North Eastern,Nil,Manipur,India,795122
255,Thanamba,,Branch Post Office,Delivery,North Eastern,Senapati,Manipur,North Eastern,Nil,Manipur,India,795122
256,Tokpa,,Branch Post Office,Delivery,North Eastern,Senapati,Manipur,North Eastern,Nil,Manipur,India,795122
257,Charoi Khullel,,Branch Post Office,Delivery,North Eastern,Bishnupur,Manipur,North Eastern,Nil,Manipur,India,795124
258,Jiban Nager,,Branch Post Office,Delivery,North Eastern,Bishnupur,Manipur,North Eastern,Nil,Manipur,India,795124
259,Leimatak,,Branch Post Office,Delivery,North Eastern,Bishnupur,Manipur,North Eastern,Nil,Manipur,India,795124
260,Loktak Project,,Sub Post Office,Delivery,North Eastern,Bishnupur,Manipur,North Eastern,Nil,Manipur,India,795124
261,Mayuran,,Branch Post Office,Delivery,North Eastern,Bishnupur,Manipur,North Eastern,Nil,Manipur,India,795124
262,Sadukhoiroi,,Branch Post Office,Delivery,North Eastern,Bishnupur,Manipur,North Eastern,Nil,Manipur,India,795124
263,Tokpalamdan,,Branch Post Office,Delivery,North Eastern,Bishnupur,Manipur,North Eastern,Nil,Manipur,India,795124
264,Atang Khunou,,Branch Post Office,Delivery,North Eastern,Tamenglong,Manipur,North Eastern,Nil,Manipur,India,795125
265,Chaiton,,Branch Post Office,Delivery,North Eastern,Tamenglong,Manipur,North Eastern,Nil,Manipur,India,795125
266,Dullen (T/C/D),,Branch Post Office,Delivery,North Eastern,Tamenglong,Manipur,North Eastern,Nil,Manipur,India,795125
267,Illong,,Branch Post Office,Delivery,North Eastern,Tamenglong,Manipur,North Eastern,Nil,Manipur,India,795125
268,Jampii (T/C/D),,Branch Post Office,Delivery,North Eastern,Tamenglong,Manipur,North Eastern,Nil,Manipur,India,795125
269,Kadi,,Branch Post Office,Delivery,North Eastern,Tamenglong,Manipur,North Eastern,Nil,Manipur,India,795125
270,Kasanlong,,Branch Post Office,Delivery,North Eastern,Tamenglong,Manipur,North Eastern,Nil,Manipur,India,795125
271,Khumphung,,Branch Post Office,Delivery,North Eastern,Tamenglong,Manipur,North Eastern,Nil,Manipur,India,795125
272,Kuilong,,Branch Post Office,Delivery,North Eastern,Tamenglong,Manipur,North Eastern,Nil,Manipur,India,795125
273,Lemta,,Branch Post Office,Delivery,North Eastern,Tamenglong,Manipur,North Eastern,Nil,Manipur,India,795125
274,Lenglong,,Branch Post Office,Delivery,North Eastern,Tamenglong,Manipur,North Eastern,Nil,Manipur,India,795125
275,Magulong,,Branch Post Office,Delivery,North Eastern,Tamenglong,Manipur,North Eastern,Nil,Manipur,India,795125
276,New Lambala,,Branch Post Office,Delivery,North Eastern,Tamenglong,Manipur,North Eastern,Nil,Manipur,India,795125
277,Takou,,Branch Post Office,Delivery,North Eastern,Tamenglong,Manipur,North Eastern,Nil,Manipur,India,795125
278,Tamei,,Sub Post Office,Delivery,North Eastern,Senapati,Manipur,North Eastern,Nil,Manipur,India,795125
279,Upper Selsi (T/c/d),,Branch Post Office,Delivery,North Eastern,Tamenglong,Manipur,North Eastern,Nil,Manipur,India,795125
280,Bishnupur (Bishnupur),,Sub Post Office,Delivery,North Eastern,Bishnupur,Manipur,North Eastern,Nil,Manipur,India,795126
281,Dolang,,Branch Post Office,Delivery,North Eastern,Bishnupur,Manipur,North Eastern,Nil,Manipur,India,795126
282,Dolang Khunou,,Branch Post Office,Delivery,North Eastern,Bishnupur,Manipur,North Eastern,Nil,Manipur,India,795126
283,Haotak Khullen,,Branch Post Office,Delivery,North Eastern,Bishnupur,Manipur,North Eastern,Nil,Manipur,India,795126
284,Khoijuman,,Branch Post Office,Delivery,North Eastern,Bishnupur,Manipur,North Eastern,Nil,Manipur,India,795126
285,Khongbung,,Branch Post Office,Delivery,North Eastern,Bishnupur,Manipur,North Eastern,Nil,Manipur,India,795126
286,Khunpi Naosem,,Branch Post Office,Delivery,North Eastern,Bishnupur,Manipur,North Eastern,Nil,Manipur,India,795126
287,Lamdangmei,,Branch Post Office,Delivery,North Eastern,Bishnupur,Manipur,North Eastern,Nil,Manipur,India,795126
288,Ngaikhong Khullen,,Branch Post Office,Delivery,North Eastern,Bishnupur,Manipur,North Eastern,Nil,Manipur,India,795126
289,Ngarian,,Branch Post Office,Delivery,North Eastern,Bishnupur,Manipur,North Eastern,Nil,Manipur,India,795126
290,Ningthoukhong,,Branch Post Office,Delivery,North Eastern,Bishnupur,Manipur,North Eastern,Nil,Manipur,India,795126
291,Nungsai Chiru,,Branch Post Office,Delivery,North Eastern,Bishnupur,Manipur,North Eastern,Nil,Manipur,India,795126
292,Phubala,,Branch Post Office,Delivery,North Eastern,Bishnupur,Manipur,North Eastern,Nil,Manipur,India,795126
293,Potsangbam,,Branch Post Office,Delivery,North Eastern,Bishnupur,Manipur,North Eastern,Nil,Manipur,India,795126
294,Thangal,,Branch Post Office,Delivery,North Eastern,Bishnupur,Manipur,North Eastern,Nil,Manipur,India,795126
295,Thinungei,,Branch Post Office,Delivery,North Eastern,Bishnupur,Manipur,North Eastern,Nil,Manipur,India,795126
296,Toubul,,Branch Post Office,Delivery,North Eastern,Bishnupur,Manipur,North Eastern,Nil,Manipur,India,795126
297,Zouzangtek,,Branch Post Office,Delivery,North Eastern,Bishnupur,Manipur,North Eastern,Nil,Manipur,India,795126
298,Chandel,,Sub Post Office,Delivery,North Eastern,Chandel,Manipur,North Eastern,Nil,Manipur,India,795127
299,Duthang,,Branch Post Office,Delivery,North Eastern,Chandel,Manipur,North Eastern,Nil,Manipur,India,795127
300,Larong,,Branch Post Office,Delivery,North Eastern,Chandel,Manipur,North Eastern,Nil,Manipur,India,795127
301,Liwasari,,Branch Post Office,Delivery,North Eastern,Chandel,Manipur,North Eastern,Nil,Manipur,India,795127
302,Mittong,,Branch Post Office,Delivery,North Eastern,Chandel,Manipur,North Eastern,Nil,Manipur,India,795127
303,Aina,,Branch Post Office,Delivery,North Eastern,Churachandpur,Manipur,North Eastern,Nil,Manipur,India,795128
304,Bungmual,,Branch Post Office,Delivery,North Eastern,Churachandpur,Manipur,North Eastern,Nil,Manipur,India,795128
305,Chehjang,,Branch Post Office,Delivery,North Eastern,Churachandpur,Manipur,North Eastern,Nil,Manipur,India,795128
306,Chingkonpang,,Sub Post Office,Non-Delivery,North Eastern,Churachandpur,Manipur,North Eastern,Nil,Manipur,India,795128
307,Chothemunpi,,Branch Post Office,Delivery,North Eastern,Churachandpur,Manipur,North Eastern,Nil,Manipur,India,795128
308,Churachandpur,,Sub Post Office,Delivery,North Eastern,Churachandpur,Manipur,North Eastern,Nil,Manipur,India,795128
309,Geljaing,,Branch Post Office,Delivery,North Eastern,Churachandpur,Manipur,North Eastern,Nil,Manipur,India,795128
310,Hamkeilon,,Branch Post Office,Delivery,North Eastern,Churachandpur,Manipur,North Eastern,Nil,Manipur,India,795128
311,Henglep,,Branch Post Office,Delivery,North Eastern,Churachandpur,Manipur,North Eastern,Nil,Manipur,India,795128
312,Kangvai Bazar,,Branch Post Office,Delivery,North Eastern,Churachandpur,Manipur,North Eastern,Nil,Manipur,India,795128
313,Khanpi,,Branch Post Office,Delivery,North Eastern,Churachandpur,Manipur,North Eastern,Nil,Manipur,India,795128
314,Kolhen,,Branch Post Office,Delivery,North Eastern,Churachandpur,Manipur,North Eastern,Nil,Manipur,India,795128
315,Kumbipukhri,,Branch Post Office,Delivery,North Eastern,Churachandpur,Manipur,North Eastern,Nil,Manipur,India,795128
316,Kwanpui,,Branch Post Office,Delivery,North Eastern,Churachandpur,Manipur,North Eastern,Nil,Manipur,India,795128
317,Lailong,,Branch Post Office,Delivery,North Eastern,Churachandpur,Manipur,North Eastern,Nil,Manipur,India,795128
318,Lingshiphai,,Branch Post Office,Delivery,North Eastern,Churachandpur,Manipur,North Eastern,Nil,Manipur,India,795128
319,Lungsai,,Branch Post Office,Delivery,North Eastern,Churachandpur,Manipur,North Eastern,Nil,Manipur,India,795128
320,Lungshung,,Branch Post Office,Delivery,North Eastern,Churachandpur,Manipur,North Eastern,Nil,Manipur,India,795128
321,Mission Compound,,Branch Post Office,Delivery,North Eastern,Churachandpur,Manipur,North Eastern,Nil,Manipur,India,795128
322,Mualkoi,,Branch Post Office,Delivery,North Eastern,Churachandpur,Manipur,North Eastern,Nil,Manipur,India,795128
323,Munpi,,Branch Post Office,Delivery,North Eastern,Churachandpur,Manipur,North Eastern,Nil,Manipur,India,795128
324,Panglian,,Branch Post Office,Delivery,North Eastern,Churachandpur,Manipur,North Eastern,Nil,Manipur,India,795128
325,Pearsonmun,,Branch Post Office,Delivery,North Eastern,Churachandpur,Manipur,North Eastern,Nil,Manipur,India,795128
326,Phaipheng,,Branch Post Office,Delivery,North Eastern,Churachandpur,Manipur,North Eastern,Nil,Manipur,India,795128
327,Saiden,,Branch Post Office,Delivery,North Eastern,Churachandpur,Manipur,North Eastern,Nil,Manipur,India,795128
328,Saikhul Village,,Branch Post Office,Delivery,North Eastern,Churachandpur,Manipur,North Eastern,Nil,Manipur,India,795128
329,Sangphou,,Branch Post Office,Delivery,North Eastern,Churachandpur,Manipur,North Eastern,Nil,Manipur,India,795128
330,Santing,,Branch Post Office,Delivery,North Eastern,Churachandpur,Manipur,North Eastern,Nil,Manipur,India,795128
331,Sielmet,,Branch Post Office,Delivery,North Eastern,Churachandpur,Manipur,North Eastern,Nil,Manipur,India,795128
332,South Kotlein,,Branch Post Office,Delivery,North Eastern,Churachandpur,Manipur,North Eastern,Nil,Manipur,India,795128
333,Takvam,,Branch Post Office,Delivery,North Eastern,Churachandpur,Manipur,North Eastern,Nil,Manipur,India,795128
334,Teiyong,,Branch Post Office,Delivery,North Eastern,Churachandpur,Manipur,North Eastern,Nil,Manipur,India,795128
335,Thangshi,,Branch Post Office,Delivery,North Eastern,Churachandpur,Manipur,North Eastern,Nil,Manipur,India,795128
336,Thinkew,,Branch Post Office,Delivery,North Eastern,Churachandpur,Manipur,North Eastern,Nil,Manipur,India,795128
337,Tollen,,Branch Post Office,Delivery,North Eastern,Churachandpur,Manipur,North Eastern,Nil,Manipur,India,795128
338,Tolphei,,Branch Post Office,Delivery,North Eastern,Churachandpur,Manipur,North Eastern,Nil,Manipur,India,795128
339,Tuinom,,Branch Post Office,Delivery,North Eastern,Churachandpur,Manipur,North Eastern,Nil,Manipur,India,795128
340,Tulaphei,,Branch Post Office,Delivery,North Eastern,Churachandpur,Manipur,North Eastern,Nil,Manipur,India,795128
341,Ukha,,Branch Post Office,Delivery,North Eastern,Churachandpur,Manipur,North Eastern,Nil,Manipur,India,795128
342,Hengbung,,Branch Post Office,Delivery,North Eastern,Senapati,Manipur,North Eastern,Nil,Manipur,India,795129
343,Kangpokpi,,Sub Post Office,Delivery,North Eastern,Senapati,Manipur,North Eastern,Nil,Manipur,India,795129
344,Kangpokpi Mission,,Branch Post Office,Delivery,North Eastern,Senapati,Manipur,North Eastern,Nil,Manipur,India,795129
345,Maohiing,,Branch Post Office,Delivery,North Eastern,Senapati,Manipur,North Eastern,Nil,Manipur,India,795129
346,Maohing,,Branch Post Office,Delivery,North Eastern,Senapati,Manipur,North Eastern,Nil,Manipur,India,795129
347,Taphou,,Branch Post Office,Delivery,North Eastern,Senapati,Manipur,North Eastern,Nil,Manipur,India,795129
348,Thonglang,,Branch Post Office,Delivery,North Eastern,Senapati,Manipur,North Eastern,Nil,Manipur,India,795129
349,Toribari,,Branch Post Office,Delivery,North Eastern,Senapati,Manipur,North Eastern,Nil,Manipur,India,795129
350,Arapyi,,Branch Post Office,Delivery,North Eastern,Thoubal,Manipur,North Eastern,Nil,Manipur,India,795130
351,Chajing Pt II,,Branch Post Office,Delivery,North Eastern,Thoubal,Manipur,North Eastern,Nil,Manipur,India,795130
352,Haoreibi Mayai Leikai,,Branch Post Office,Delivery,North Eastern,Thoubal,Manipur,North Eastern,Nil,Manipur,India,795130
353,Heinoumakhong,,Branch Post Office,Delivery,North Eastern,Thoubal,Manipur,North Eastern,Nil,Manipur,India,795130
354,Lairabokhong,,Branch Post Office,Delivery,North Eastern,Thoubal,Manipur,North Eastern,Nil,Manipur,India,795130
355,Lilong,,Sub Post Office,Delivery,North Eastern,Thoubal,Manipur,North Eastern,Nil,Manipur,India,795130
356,Nungei,,Branch Post Office,Delivery,North Eastern,Thoubal,Manipur,North Eastern,Nil,Manipur,India,795130
357,Phunalmaring,,Branch Post Office,Delivery,North Eastern,Thoubal,Manipur,North Eastern,Nil,Manipur,India,795130
358,Thiyamkonjil,,Branch Post Office,Delivery,North Eastern,Thoubal,Manipur,North Eastern,Nil,Manipur,India,795130
359,Turelahnabi,,Branch Post Office,Delivery,North Eastern,Thoubal,Manipur,North Eastern,Nil,Manipur,India,795130
360,Urup,,Branch Post Office,Delivery,North Eastern,Thoubal,Manipur,North Eastern,Nil,Manipur,India,795130
361,Bongajang,,Branch Post Office,Delivery,North Eastern,Chandel,Manipur,North Eastern,Nil,Manipur,India,795131
362,Bongjoi,,Branch Post Office,Delivery,North Eastern,Chandel,Manipur,North Eastern,Nil,Manipur,India,795131
363,Chenpal,,Branch Post Office,Delivery,North Eastern,Chandel,Manipur,North Eastern,Nil,Manipur,India,795131
364,Gamphajal,,Branch Post Office,Delivery,North Eastern,Chandel,Manipur,North Eastern,Nil,Manipur,India,795131
365,Khudengthabi,,Branch Post Office,Delivery,North Eastern,Chandel,Manipur,North Eastern,Nil,Manipur,India,795131
366,Maojam,,Branch Post Office,Delivery,North Eastern,Chandel,Manipur,North Eastern,Nil,Manipur,India,795131
367,Molchamedbo,,Branch Post Office,Delivery,North Eastern,Chandel,Manipur,North Eastern,Nil,Manipur,India,795131
368,Moreh,,Sub Post Office,Delivery,North Eastern,Chandel,Manipur,North Eastern,Nil,Manipur,India,795131
369,New Somtal,,Branch Post Office,Delivery,North Eastern,Chandel,Manipur,North Eastern,Nil,Manipur,India,795131
370,T- Bongmun,,Branch Post Office,Delivery,North Eastern,Chandel,Manipur,North Eastern,Nil,Manipur,India,795131
371,T-minou,,Branch Post Office,Delivery,North Eastern,Chandel,Manipur,North Eastern,Nil,Manipur,India,795131
372,Tengnoupal,,Branch Post Office,Delivery,North Eastern,Chandel,Manipur,North Eastern,Nil,Manipur,India,795131
373,Yangoulen,,Branch Post Office,Delivery,North Eastern,Chandel,Manipur,North Eastern,Nil,Manipur,India,795131
374,Arong,,Branch Post Office,Delivery,North Eastern,Imphal West,Manipur,North Eastern,Nil,Manipur,India,795132
375,Bengoon Maning Leikai,,Branch Post Office,Delivery,North Eastern,Imphal West,Manipur,North Eastern,Nil,Manipur,India,795132
376,Chabung Company,,Branch Post Office,Delivery,North Eastern,Imphal West,Manipur,North Eastern,Nil,Manipur,India,795132
377,Chirai Muslim,,Branch Post Office,Delivery,North Eastern,Imphal West,Manipur,North Eastern,Nil,Manipur,India,795132
378,Heibong Makhong,,Branch Post Office,Delivery,North Eastern,Imphal West,Manipur,North Eastern,Nil,Manipur,India,795132
379,Irong Chessabal,,Branch Post Office,Delivery,North Eastern,Imphal West,Manipur,North Eastern,Nil,Manipur,India,795132
380,Irong Umang Khunou,,Branch Post Office,Delivery,North Eastern,Imphal West,Manipur,North Eastern,Nil,Manipur,India,795132
381,Khelakhong,,Branch Post Office,Delivery,North Eastern,Imphal West,Manipur,North Eastern,Nil,Manipur,India,795132
382,Komlakhong,,Branch Post Office,Delivery,North Eastern,Imphal West,Manipur,North Eastern,Nil,Manipur,India,795132
383,Laphupat,,Branch Post Office,Delivery,North Eastern,Imphal West,Manipur,North Eastern,Nil,Manipur,India,795132
384,Loukok Mayai Leikai,,Branch Post Office,Delivery,North Eastern,Imphal West,Manipur,North Eastern,Nil,Manipur,India,795132
385,Maibam Konjil,,Branch Post Office,Delivery,North Eastern,Imphal West,Manipur,North Eastern,Nil,Manipur,India,795132
386,Mayang Impahl Bengoon,,Branch Post Office,Delivery,North Eastern,Imphal West,Manipur,North Eastern,Nil,Manipur,India,795132
387,Mayang Imphal,,Sub Post Office,Delivery,North Eastern,Thoubal,Manipur,North Eastern,Nil,Manipur,India,795132
388,Mutum Phibou,,Branch Post Office,Delivery,North Eastern,Imphal West,Manipur,North Eastern,Nil,Manipur,India,795132
389,Phoubakchao,,Branch Post Office,Delivery,North Eastern,Imphal West,Manipur,North Eastern,Nil,Manipur,India,795132
390,Santhel,,Branch Post Office,Delivery,North Eastern,Imphal West,Manipur,North Eastern,Nil,Manipur,India,795132
391,Sekmaijin,,Branch Post Office,Delivery,North Eastern,Imphal West,Manipur,North Eastern,Nil,Manipur,India,795132
392,Sekmaijin  Khunou Konuma,,Branch Post Office,Delivery,North Eastern,Imphal West,Manipur,North Eastern,Nil,Manipur,India,795132
393,Sekmaijin Khunou Litan Makhong,,Branch Post Office,Delivery,North Eastern,Imphal West,Manipur,North Eastern,Nil,Manipur,India,795132
394,Tera Khoidum Mayai Leikai,,Branch Post Office,Delivery,North Eastern,Imphal West,Manipur,North Eastern,Nil,Manipur,India,795132
395,Uchiwa,,Branch Post Office,Delivery,North Eastern,Imphal West,Manipur,North Eastern,Nil,Manipur,India,795132
396,Uchiwa Wangban,,Branch Post Office,Delivery,North Eastern,Imphal West,Manipur,North Eastern,Nil,Manipur,India,795132
397,Boroyangbi,,Branch Post Office,Delivery,North Eastern,Bishnupur,Manipur,North Eastern,Nil,Manipur,India,795133
398,Bunglon,,Branch Post Office,Delivery,North Eastern,Bishnupur,Manipur,North Eastern,Nil,Manipur,India,795133
399,Dopkon,,Branch Post Office,Delivery,North Eastern,Bishnupur,Manipur,North Eastern,Nil,Manipur,India,795133
400,Ethai Bazar,,Branch Post Office,Delivery,North Eastern,Bishnupur,Manipur,North Eastern,Nil,Manipur,India,795133
401,Gelmol,,Branch Post Office,Delivery,North Eastern,Bishnupur,Manipur,North Eastern,Nil,Manipur,India,795133
402,Haotakphailen,,Branch Post Office,Delivery,North Eastern,Bishnupur,Manipur,North Eastern,Nil,Manipur,India,795133
403,Kangathei,,Branch Post Office,Delivery,North Eastern,Bishnupur,Manipur,North Eastern,Nil,Manipur,India,795133
404,Khathinunggei,,Branch Post Office,Delivery,North Eastern,Bishnupur,Manipur,North Eastern,Nil,Manipur,India,795133
405,Khoirentak,,Branch Post Office,Delivery,North Eastern,Bishnupur,Manipur,North Eastern,Nil,Manipur,India,795133
406,Khordak Ichin,,Branch Post Office,Delivery,North Eastern,Bishnupur,Manipur,North Eastern,Nil,Manipur,India,795133
407,Khousabung,,Branch Post Office,Delivery,North Eastern,Bishnupur,Manipur,North Eastern,Nil,Manipur,India,795133
408,Kumbi (P),,Branch Post Office,Delivery,North Eastern,Bishnupur,Manipur,North Eastern,Nil,Manipur,India,795133
409,Kwakta,,Branch Post Office,Delivery,North Eastern,Bishnupur,Manipur,North Eastern,Nil,Manipur,India,795133
410,Moirang,,Sub Post Office,Delivery,North Eastern,Bishnupur,Manipur,North Eastern,Nil,Manipur,India,795133
411,Molphei Tampak,,Branch Post Office,Delivery,North Eastern,Bishnupur,Manipur,North Eastern,Nil,Manipur,India,795133
412,Nabil (P),,Branch Post Office,Delivery,North Eastern,Bishnupur,Manipur,North Eastern,Nil,Manipur,India,795133
413,Naransena,,Branch Post Office,Delivery,North Eastern,Bishnupur,Manipur,North Eastern,Nil,Manipur,India,795133
414,Ngangkha Lawi,,Branch Post Office,Delivery,North Eastern,Bishnupur,Manipur,North Eastern,Nil,Manipur,India,795133
415,Nungthangtampak,,Branch Post Office,Delivery,North Eastern,Bishnupur,Manipur,North Eastern,Nil,Manipur,India,795133
416,Phousabung,,Branch Post Office,Delivery,North Eastern,Bishnupur,Manipur,North Eastern,Nil,Manipur,India,795133
417,Sagang,,Branch Post Office,Delivery,North Eastern,Bishnupur,Manipur,North Eastern,Nil,Manipur,India,795133
418,Saiton,,Branch Post Office,Delivery,North Eastern,Bishnupur,Manipur,North Eastern,Nil,Manipur,India,795133
419,Terakhongshangbi,,Branch Post Office,Delivery,North Eastern,Bishnupur,Manipur,North Eastern,Nil,Manipur,India,795133
420,Thanga Karang,,Branch Post Office,Delivery,North Eastern,Bishnupur,Manipur,North Eastern,Nil,Manipur,India,795133
421,Thanga(P),,Branch Post Office,Delivery,North Eastern,Bishnupur,Manipur,North Eastern,Nil,Manipur,India,795133
422,Thumkhonglok,,Branch Post Office,Delivery,North Eastern,Bishnupur,Manipur,North Eastern,Nil,Manipur,India,795133
423,Torbung,,Branch Post Office,Delivery,North Eastern,Bishnupur,Manipur,North Eastern,Nil,Manipur,India,795133
424,Tronglaobi,,Branch Post Office,Delivery,North Eastern,Bishnupur,Manipur,North Eastern,Nil,Manipur,India,795133
425,Tuisangthei,,Branch Post Office,Delivery,North Eastern,Bishnupur,Manipur,North Eastern,Nil,Manipur,India,795133
426,Wangoo,,Branch Post Office,Delivery,North Eastern,Bishnupur,Manipur,North Eastern,Nil,Manipur,India,795133
427,Wangoo Tera,,Branch Post Office,Delivery,North Eastern,Bishnupur,Manipur,North Eastern,Nil,Manipur,India,795133
428,Awangjiri,,Branch Post Office,Delivery,North Eastern,Bishnupur,Manipur,North Eastern,Nil,Manipur,India,795134
429,Bungte Chiru,,Branch Post Office,Delivery,North Eastern,Bishnupur,Manipur,North Eastern,Nil,Manipur,India,795134
430,Heikrujam,,Branch Post Office,Delivery,North Eastern,Bishnupur,Manipur,North Eastern,Nil,Manipur,India,795134
431,Irengbam,,Branch Post Office,Delivery,North Eastern,Bishnupur,Manipur,North Eastern,Nil,Manipur,India,795134
432,Isok,,Branch Post Office,Delivery,North Eastern,Bishnupur,Manipur,North Eastern,Nil,Manipur,India,795134
433,Kabowakching,,Branch Post Office,Delivery,North Eastern,Bishnupur,Manipur,North Eastern,Nil,Manipur,India,795134
434,Kamong,,Branch Post Office,Delivery,North Eastern,Bishnupur,Manipur,North Eastern,Nil,Manipur,India,795134
435,Keinou,,Branch Post Office,Delivery,North Eastern,Bishnupur,Manipur,North Eastern,Nil,Manipur,India,795134
436,Khabi,,Branch Post Office,Delivery,North Eastern,Bishnupur,Manipur,North Eastern,Nil,Manipur,India,795134
437,Langpok,,Branch Post Office,Delivery,North Eastern,Bishnupur,Manipur,North Eastern,Nil,Manipur,India,795134
438,Leimapokpam,,Branch Post Office,Delivery,North Eastern,Bishnupur,Manipur,North Eastern,Nil,Manipur,India,795134
439,Leimram,,Branch Post Office,Delivery,North Eastern,Bishnupur,Manipur,North Eastern,Nil,Manipur,India,795134
440,Maibam,,Branch Post Office,Delivery,North Eastern,Bishnupur,Manipur,North Eastern,Nil,Manipur,India,795134
441,Manamayang,,Branch Post Office,Delivery,North Eastern,Bishnupur,Manipur,North Eastern,Nil,Manipur,India,795134
442,Nambol,,Sub Post Office,Delivery,North Eastern,Bishnupur,Manipur,North Eastern,Nil,Manipur,India,795134
443,Naorem,,Branch Post Office,Delivery,North Eastern,Bishnupur,Manipur,North Eastern,Nil,Manipur,India,795134
444,Oinam,,Branch Post Office,Delivery,North Eastern,Bishnupur,Manipur,North Eastern,Nil,Manipur,India,795134
445,Pukhrambam,,Branch Post Office,Delivery,North Eastern,Bishnupur,Manipur,North Eastern,Nil,Manipur,India,795134
446,Tharoi Bomdiar,,Branch Post Office,Delivery,North Eastern,Bishnupur,Manipur,North Eastern,Nil,Manipur,India,795134
447,Thinkai Khullen,,Branch Post Office,Delivery,North Eastern,Bishnupur,Manipur,North Eastern,Nil,Manipur,India,795134
448,Utlou,,Branch Post Office,Delivery,North Eastern,Bishnupur,Manipur,North Eastern,Nil,Manipur,India,795134
449,Aimol Kodamphai,,Branch Post Office,Delivery,North Eastern,Thoubal,Manipur,North Eastern,Nil,Manipur,India,795135
450,Angbrashu,,Branch Post Office,Delivery,North Eastern,Thoubal,Manipur,North Eastern,Nil,Manipur,India,795135
451,Bongli,,Branch Post Office,Delivery,North Eastern,Thoubal,Manipur,North Eastern,Nil,Manipur,India,795135
452,Chaton,,Branch Post Office,Delivery,North Eastern,Thoubal,Manipur,North Eastern,Nil,Manipur,India,795135
453,Chelhep,,Branch Post Office,Delivery,North Eastern,Thoubal,Manipur,North Eastern,Nil,Manipur,India,795135
454,Kambang Khunou,,Branch Post Office,Delivery,North Eastern,Thoubal,Manipur,North Eastern,Nil,Manipur,India,795135
455,Khangbaram,,Branch Post Office,Delivery,North Eastern,Thoubal,Manipur,North Eastern,Nil,Manipur,India,795135
456,Kharou Khullen,,Branch Post Office,Delivery,North Eastern,Thoubal,Manipur,North Eastern,Nil,Manipur,India,795135
457,Khoibu,,Branch Post Office,Delivery,North Eastern,Thoubal,Manipur,North Eastern,Nil,Manipur,India,795135
458,Khousat (T/C/D),,Branch Post Office,Delivery,North Eastern,Thoubal,Manipur,North Eastern,Nil,Manipur,India,795135
459,Khudei Khunou,,Branch Post Office,Delivery,North Eastern,Thoubal,Manipur,North Eastern,Nil,Manipur,India,795135
460,Khunbi,,Branch Post Office,Delivery,North Eastern,Thoubal,Manipur,North Eastern,Nil,Manipur,India,795135
461,Laiching Khongsang,,Branch Post Office,Delivery,North Eastern,Thoubal,Manipur,North Eastern,Nil,Manipur,India,795135
462,Lamkang Khunou,,Branch Post Office,Delivery,North Eastern,Thoubal,Manipur,North Eastern,Nil,Manipur,India,795135
463,Lamlong Khullen,,Branch Post Office,Delivery,North Eastern,Thoubal,Manipur,North Eastern,Nil,Manipur,India,795135
464,Lamlong Khunou,,Branch Post Office,Delivery,North Eastern,Thoubal,Manipur,North Eastern,Nil,Manipur,India,795135
465,Leibi,,Branch Post Office,Delivery,North Eastern,Thoubal,Manipur,North Eastern,Nil,Manipur,India,795135
466,Liwachangning,,Branch Post Office,Delivery,North Eastern,Thoubal,Manipur,North Eastern,Nil,Manipur,India,795135
467,Machi,,Branch Post Office,Delivery,North Eastern,Thoubal,Manipur,North Eastern,Nil,Manipur,India,795135
468,Minou Khunjao,,Branch Post Office,Delivery,North Eastern,Thoubal,Manipur,North Eastern,Nil,Manipur,India,795135
469,Molhang,,Branch Post Office,Delivery,North Eastern,Thoubal,Manipur,North Eastern,Nil,Manipur,India,795135
470,Moltek,,Branch Post Office,Delivery,North Eastern,Thoubal,Manipur,North Eastern,Nil,Manipur,India,795135
471,Narum,,Branch Post Office,Delivery,North Eastern,Thoubal,Manipur,North Eastern,Nil,Manipur,India,795135
472,Pallel,,Sub Post Office,Delivery,North Eastern,Chandel,Manipur,North Eastern,Nil,Manipur,India,795135
473,Saibhom,,Branch Post Office,Delivery,North Eastern,Thoubal,Manipur,North Eastern,Nil,Manipur,India,795135
474,Sita,,Branch Post Office,Delivery,North Eastern,Thoubal,Manipur,North Eastern,Nil,Manipur,India,795135
475,Songjang,,Branch Post Office,Delivery,North Eastern,Thoubal,Manipur,North Eastern,Nil,Manipur,India,795135
476,Thamnapokpi,,Branch Post Office,Delivery,North Eastern,Thoubal,Manipur,North Eastern,Nil,Manipur,India,795135
477,Awang Leikinthabi,,Branch Post Office,Delivery,North Eastern,Imphal West,Manipur,North Eastern,Nil,Manipur,India,795136
478,Ch. Khongnangpokpi,,Branch Post Office,Delivery,North Eastern,Imphal West,Manipur,North Eastern,Nil,Manipur,India,795136
479,Kanglatongbi,,Branch Post Office,Delivery,North Eastern,Imphal West,Manipur,North Eastern,Nil,Manipur,India,795136
480,Luwangsangol,,Branch Post Office,Delivery,North Eastern,Imphal West,Manipur,North Eastern,Nil,Manipur,India,795136
481,Makhan,,Branch Post Office,Delivery,North Eastern,Imphal West,Manipur,North Eastern,Nil,Manipur,India,795136
482,Potsangbam Khoirou,,Branch Post Office,Delivery,North Eastern,Imphal West,Manipur,North Eastern,Nil,Manipur,India,795136
483,Sekmai,,Sub Post Office,Delivery,North Eastern,Imphal East,Manipur,North Eastern,Nil,Manipur,India,795136
484,Athokpam,,Branch Post Office,Delivery,North Eastern,Thoubal,Manipur,North Eastern,Nil,Manipur,India,795138
485,Athokpam Khunou,,Branch Post Office,Delivery,North Eastern,Thoubal,Manipur,North Eastern,Nil,Manipur,India,795138
486,Charangpat,,Branch Post Office,Delivery,North Eastern,Thoubal,Manipur,North Eastern,Nil,Manipur,India,795138
487,Haokha,,Branch Post Office,Delivery,North Eastern,Thoubal,Manipur,North Eastern,Nil,Manipur,India,795138
488,Irong Thokchom (T/C/D),,Branch Post Office,Delivery,North Eastern,Thoubal,Manipur,North Eastern,Nil,Manipur,India,795138
489,Keibung Mamang,,Branch Post Office,Delivery,North Eastern,Thoubal,Manipur,North Eastern,Nil,Manipur,India,795138
490,Khangabok,,Branch Post Office,Delivery,North Eastern,Thoubal,Manipur,North Eastern,Nil,Manipur,India,795138
491,Khekmanedbo,,Branch Post Office,Delivery,North Eastern,Thoubal,Manipur,North Eastern,Nil,Manipur,India,795138
492,Kiyam Shiphai,,Branch Post Office,Delivery,North Eastern,Thoubal,Manipur,North Eastern,Nil,Manipur,India,795138
493,Kshetri Leikai,,Branch Post Office,Delivery,North Eastern,Thoubal,Manipur,North Eastern,Nil,Manipur,India,795138
494,Lembakhul,,Branch Post Office,Delivery,North Eastern,Thoubal,Manipur,North Eastern,Nil,Manipur,India,795138
495,Moijing,,Branch Post Office,Delivery,North Eastern,Thoubal,Manipur,North Eastern,Nil,Manipur,India,795138
496,Okram Wangmataba,,Branch Post Office,Delivery,North Eastern,Thoubal,Manipur,North Eastern,Nil,Manipur,India,795138
497,Phoudel,,Branch Post Office,Delivery,North Eastern,Thoubal,Manipur,North Eastern,Nil,Manipur,India,795138
498,Poirou Khongjil,,Branch Post Office,Delivery,North Eastern,Thoubal,Manipur,North Eastern,Nil,Manipur,India,795138
499,Sabaltongba,,Branch Post Office,Delivery,North Eastern,Thoubal,Manipur,North Eastern,Nil,Manipur,India,795138
500,Thoubal,,Sub Post Office,Delivery,North Eastern,Thoubal,Manipur,North Eastern,Nil,Manipur,India,795138
501,Thoubal Block (T/C/D),,Branch Post Office,Delivery,North Eastern,Thoubal,Manipur,North Eastern,Nil,Manipur,India,795138
502,Thoubal Khunou,,Branch Post Office,Delivery,North Eastern,Thoubal,Manipur,North Eastern,Nil,Manipur,India,795138
503,Thoubal Leisangthem,,Branch Post Office,Delivery,North Eastern,Thoubal,Manipur,North Eastern,Nil,Manipur,India,795138
504,Thoubal Ningombam,,Branch Post Office,Delivery,North Eastern,Thoubal,Manipur,North Eastern,Nil,Manipur,India,795138
505,Wangbal,,Branch Post Office,Delivery,North Eastern,Thoubal,Manipur,North Eastern,Nil,Manipur,India,795138
506,Behiang,,Branch Post Office,Delivery,North Eastern,Churachandpur,Manipur,North Eastern,Nil,Manipur,India,795139
507,Hengtam,,Branch Post Office,Delivery,North Eastern,Churachandpur,Manipur,North Eastern,Nil,Manipur,India,795139
508,Kangkap,,Branch Post Office,Delivery,North Eastern,Churachandpur,Manipur,North Eastern,Nil,Manipur,India,795139
509,Lama Camp,,Branch Post Office,Delivery,North Eastern,Churachandpur,Manipur,North Eastern,Nil,Manipur,India,795139
510,Lungchin,,Branch Post Office,Delivery,North Eastern,Churachandpur,Manipur,North Eastern,Nil,Manipur,India,795139
511,Lungthul,,Branch Post Office,Delivery,North Eastern,Churachandpur,Manipur,North Eastern,Nil,Manipur,India,795139
512,Mualmun,,Branch Post Office,Delivery,North Eastern,Churachandpur,Manipur,North Eastern,Nil,Manipur,India,795139
513,Siabu,,Branch Post Office,Delivery,North Eastern,Churachandpur,Manipur,North Eastern,Nil,Manipur,India,795139
514,Singhat,,Sub Post Office,Delivery,North Eastern,Churachandpur,Manipur,North Eastern,Nil,Manipur,India,795139
515,Songdoh,,Branch Post Office,Delivery,North Eastern,Churachandpur,Manipur,North Eastern,Nil,Manipur,India,795139
516,Songtal,,Branch Post Office,Delivery,North Eastern,Churachandpur,Manipur,North Eastern,Nil,Manipur,India,795139
517,Vokbual,,Branch Post Office,Delivery,North Eastern,Churachandpur,Manipur,North Eastern,Nil,Manipur,India,795139
518,Laiphrakom,,Branch Post Office,Delivery,North Eastern,Imphal West,Manipur,North Eastern,Nil,Manipur,India,795140
519,Sangaiprou,,Branch Post Office,Delivery,North Eastern,Imphal West,Manipur,North Eastern,Nil,Manipur,India,795140
520,Tulihal,,Sub Post Office,Delivery,North Eastern,Imphal East,Manipur,North Eastern,Nil,Manipur,India,795140
521,Yarrow Meitram,,Branch Post Office,Delivery,North Eastern,Imphal West,Manipur,North Eastern,Nil,Manipur,India,795140
522,Akhui,,Branch Post Office,Delivery,North Eastern,Tamenglong,Manipur,North Eastern,Nil,Manipur,India,795141
523,Atengba,,Branch Post Office,Delivery,North Eastern,Tamenglong,Manipur,North Eastern,Nil,Manipur,India,795141
524,Bhalok,,Branch Post Office,Delivery,North Eastern,Tamenglong,Manipur,North Eastern,Nil,Manipur,India,795141
525,Bongoijang,,Branch Post Office,Delivery,North Eastern,Tamenglong,Manipur,North Eastern,Nil,Manipur,India,795141
526,Dailong,,Branch Post Office,Delivery,North Eastern,Tamenglong,Manipur,North Eastern,Nil,Manipur,India,795141
527,Kahulong,,Branch Post Office,Delivery,North Eastern,Tamenglong,Manipur,North Eastern,Nil,Manipur,India,795141
528,Keikao,,Branch Post Office,Delivery,North Eastern,Tamenglong,Manipur,North Eastern,Nil,Manipur,India,795141
529,Khongjaron,,Branch Post Office,Delivery,North Eastern,Tamenglong,Manipur,North Eastern,Nil,Manipur,India,795141
530,Khongjaron Khunthak,,Branch Post Office,Delivery,North Eastern,Tamenglong,Manipur,North Eastern,Nil,Manipur,India,795141
531,Longpram,,Branch Post Office,Delivery,North Eastern,Tamenglong,Manipur,North Eastern,Nil,Manipur,India,795141
532,Namtiram,,Branch Post Office,Delivery,North Eastern,Tamenglong,Manipur,North Eastern,Nil,Manipur,India,795141
533,New Pallong,,Branch Post Office,Delivery,North Eastern,Tamenglong,Manipur,North Eastern,Nil,Manipur,India,795141
534,Songpram,,Branch Post Office,Delivery,North Eastern,Tamenglong,Manipur,North Eastern,Nil,Manipur,India,795141
535,Tamenglong,,Sub Post Office,Delivery,North Eastern,Tamenglong,Manipur,North Eastern,Nil,Manipur,India,795141
536,Tamenglong Khunjao,,Branch Post Office,Delivery,North Eastern,Tamenglong,Manipur,North Eastern,Nil,Manipur,India,795141
537,Tharon,,Branch Post Office,Delivery,North Eastern,Tamenglong,Manipur,North Eastern,Nil,Manipur,India,795141
538,Thuilon,,Branch Post Office,Delivery,North Eastern,Tamenglong,Manipur,North Eastern,Nil,Manipur,India,795141
539,Tousem,,Branch Post Office,Delivery,North Eastern,Tamenglong,Manipur,North Eastern,Nil,Manipur,India,795141
540,Wairengba,,Branch Post Office,Delivery,North Eastern,Tamenglong,Manipur,North Eastern,Nil,Manipur,India,795141
541,Chamu,,Branch Post Office,Delivery,North Eastern,Ukhrul,Manipur,North Eastern,Nil,Manipur,India,795142
542,Chingai (P),,Branch Post Office,Delivery,North Eastern,Ukhrul,Manipur,North Eastern,Nil,Manipur,India,795142
543,Chingjaroiedbo,,Branch Post Office,Delivery,North Eastern,Ukhrul,Manipur,North Eastern,Nil,Manipur,India,795142
544,Chither (P),,Branch Post Office,Delivery,North Eastern,Ukhrul,Manipur,North Eastern,Nil,Manipur,India,795142
545,Huining,,Branch Post Office,Delivery,North Eastern,Ukhrul,Manipur,North Eastern,Nil,Manipur,India,795142
546,Hundung,,Branch Post Office,Delivery,North Eastern,Ukhrul,Manipur,North Eastern,Nil,Manipur,India,795142
547,Jessami Edno,,Branch Post Office,Delivery,North Eastern,Ukhrul,Manipur,North Eastern,Nil,Manipur,India,795142
548,Kagai,,Branch Post Office,Delivery,North Eastern,Ukhrul,Manipur,North Eastern,Nil,Manipur,India,795142
549,Khamasom,,Branch Post Office,Delivery,North Eastern,Ukhrul,Manipur,North Eastern,Nil,Manipur,India,795142
550,Kharasom,,Branch Post Office,Delivery,North Eastern,Ukhrul,Manipur,North Eastern,Nil,Manipur,India,795142
551,Khayang,,Branch Post Office,Delivery,North Eastern,Ukhrul,Manipur,North Eastern,Nil,Manipur,India,795142
552,Lamlang Gate,,Branch Post Office,Delivery,North Eastern,Ukhrul,Manipur,North Eastern,Nil,Manipur,India,795142
553,Leisan,,Branch Post Office,Delivery,North Eastern,Ukhrul,Manipur,North Eastern,Nil,Manipur,India,795142
554,Mapum,,Branch Post Office,Delivery,North Eastern,Ukhrul,Manipur,North Eastern,Nil,Manipur,India,795142
555,Ngairou,,Branch Post Office,Delivery,North Eastern,Ukhrul,Manipur,North Eastern,Nil,Manipur,India,795142
556,Nungbi Khunou,,Branch Post Office,Delivery,North Eastern,Ukhrul,Manipur,North Eastern,Nil,Manipur,India,795142
557,Nungshang,,Branch Post Office,Delivery,North Eastern,Ukhrul,Manipur,North Eastern,Nil,Manipur,India,795142
558,Paorei,,Branch Post Office,Delivery,North Eastern,Ukhrul,Manipur,North Eastern,Nil,Manipur,India,795142
559,Paoyii,,Branch Post Office,Delivery,North Eastern,Ukhrul,Manipur,North Eastern,Nil,Manipur,India,795142
560,Phungcham,,Branch Post Office,Delivery,North Eastern,Ukhrul,Manipur,North Eastern,Nil,Manipur,India,795142
561,Poii,,Branch Post Office,Delivery,North Eastern,Ukhrul,Manipur,North Eastern,Nil,Manipur,India,795142
562,Pushing,,Branch Post Office,Delivery,North Eastern,Ukhrul,Manipur,North Eastern,Nil,Manipur,India,795142
563,Rajai Khunou,,Branch Post Office,Delivery,North Eastern,Ukhrul,Manipur,North Eastern,Nil,Manipur,India,795142
564,Sirarakhong,,Branch Post Office,Delivery,North Eastern,Ukhrul,Manipur,North Eastern,Nil,Manipur,India,795142
565,Siroi,,Branch Post Office,Delivery,North Eastern,Ukhrul,Manipur,North Eastern,Nil,Manipur,India,795142
566,Sorang Phung,,Branch Post Office,Delivery,North Eastern,Ukhrul,Manipur,North Eastern,Nil,Manipur,India,795142
567,T.C. Ground,,Branch Post Office,Delivery,North Eastern,Ukhrul,Manipur,North Eastern,Nil,Manipur,India,795142
568,Tolloi,,Branch Post Office,Delivery,North Eastern,Ukhrul,Manipur,North Eastern,Nil,Manipur,India,795142
569,Tuinem,,Branch Post Office,Delivery,North Eastern,Ukhrul,Manipur,North Eastern,Nil,Manipur,India,795142
570,Tungou,,Branch Post Office,Delivery,North Eastern,Ukhrul,Manipur,North Eastern,Nil,Manipur,India,795142
571,Tushem,,Branch Post Office,Delivery,North Eastern,Ukhrul,Manipur,North Eastern,Nil,Manipur,India,795142
572,Ukhrul,,Sub Post Office,Delivery,North Eastern,Ukhrul,Manipur,North Eastern,Nil,Manipur,India,795142
573,Aibulon,,Branch Post Office,Delivery,North Eastern,Churachandpur,Manipur,North Eastern,Nil,Manipur,India,795143
574,Bukpi,,Branch Post Office,Delivery,North Eastern,Churachandpur,Manipur,North Eastern,Nil,Manipur,India,795143
575,Bungpilon,,Branch Post Office,Delivery,North Eastern,Churachandpur,Manipur,North Eastern,Nil,Manipur,India,795143
576,Hanship,,Branch Post Office,Delivery,North Eastern,Churachandpur,Manipur,North Eastern,Nil,Manipur,India,795143
577,Khajang,,Branch Post Office,Delivery,North Eastern,Churachandpur,Manipur,North Eastern,Nil,Manipur,India,795143
578,Leijangphai,,Branch Post Office,Delivery,North Eastern,Churachandpur,Manipur,North Eastern,Nil,Manipur,India,795143
579,Leison,,Branch Post Office,Delivery,North Eastern,Churachandpur,Manipur,North Eastern,Nil,Manipur,India,795143
580,Millongmun,,Branch Post Office,Delivery,North Eastern,Churachandpur,Manipur,North Eastern,Nil,Manipur,India,795143
581,Parbung,,Branch Post Office,Delivery,North Eastern,Churachandpur,Manipur,North Eastern,Nil,Manipur,India,795143
582,Phaijang,,Branch Post Office,Delivery,North Eastern,Churachandpur,Manipur,North Eastern,Nil,Manipur,India,795143
583,Pherazol,,Branch Post Office,Delivery,North Eastern,Churachandpur,Manipur,North Eastern,Nil,Manipur,India,795143
584,Pmzol,,Branch Post Office,Delivery,North Eastern,Churachandpur,Manipur,North Eastern,Nil,Manipur,India,795143
585,Sawaiphaih (T/C/D),,Branch Post Office,Delivery,North Eastern,Churachandpur,Manipur,North Eastern,Nil,Manipur,India,795143
586,Semon,,Branch Post Office,Delivery,North Eastern,Churachandpur,Manipur,North Eastern,Nil,Manipur,India,795143
587,Singjawl,,Branch Post Office,Delivery,North Eastern,Churachandpur,Manipur,North Eastern,Nil,Manipur,India,795143
588,Taithu,,Branch Post Office,Delivery,North Eastern,Churachandpur,Manipur,North Eastern,Nil,Manipur,India,795143
589,Thanlon,,Sub Post Office,Delivery,North Eastern,Churachandpur,Manipur,North Eastern,Nil,Manipur,India,795143
590,Tingsong,,Branch Post Office,Delivery,North Eastern,Churachandpur,Manipur,North Eastern,Nil,Manipur,India,795143
591,Tipaimukh (P),,Branch Post Office,Delivery,North Eastern,Churachandpur,Manipur,North Eastern,Nil,Manipur,India,795143
592,Tuabung,,Branch Post Office,Delivery,North Eastern,Churachandpur,Manipur,North Eastern,Nil,Manipur,India,795143
593,Huime,,Branch Post Office,Delivery,North Eastern,Ukhrul,Manipur,North Eastern,Nil,Manipur,India,795144
594,Kachal,,Branch Post Office,Delivery,North Eastern,Ukhrul,Manipur,North Eastern,Nil,Manipur,India,795144
595,Khongdei Simphung,,Branch Post Office,Delivery,North Eastern,Ukhrul,Manipur,North Eastern,Nil,Manipur,India,795144
596,Ngari Khullen,,Branch Post Office,Delivery,North Eastern,Ukhrul,Manipur,North Eastern,Nil,Manipur,India,795144
597,Phadang,,Branch Post Office,Delivery,North Eastern,Ukhrul,Manipur,North Eastern,Nil,Manipur,India,795144
598,Somdal,,Sub Post Office,Delivery,North Eastern,Ukhrul,Manipur,North Eastern,Nil,Manipur,India,795144
599,Thiwa,,Branch Post Office,Delivery,North Eastern,Ukhrul,Manipur,North Eastern,Nil,Manipur,India,795144
600,Ashi,,Branch Post Office,Delivery,North Eastern,Ukhrul,Manipur,North Eastern,Nil,Manipur,India,795145
601,Chadong,,Branch Post Office,Delivery,North Eastern,Ukhrul,Manipur,North Eastern,Nil,Manipur,India,795145
602,Chassad,,Branch Post Office,Delivery,North Eastern,Ukhrul,Manipur,North Eastern,Nil,Manipur,India,795145
603,Grihang,,Branch Post Office,Delivery,North Eastern,Ukhrul,Manipur,North Eastern,Nil,Manipur,India,795145
604,Kongpat Khunou,,Branch Post Office,Delivery,North Eastern,Ukhrul,Manipur,North Eastern,Nil,Manipur,India,795145
605,L Tangkhul,,Branch Post Office,Delivery,North Eastern,Ukhrul,Manipur,North Eastern,Nil,Manipur,India,795145
606,Lambui,,Branch Post Office,Delivery,North Eastern,Ukhrul,Manipur,North Eastern,Nil,Manipur,India,795145
607,Leiting,,Branch Post Office,Delivery,North Eastern,Ukhrul,Manipur,North Eastern,Nil,Manipur,India,795145
608,Litan,,Sub Post Office,Delivery,North Eastern,Ukhrul,Manipur,North Eastern,Nil,Manipur,India,795145
609,Lungphu,,Branch Post Office,Delivery,North Eastern,Ukhrul,Manipur,North Eastern,Nil,Manipur,India,795145
610,Maku,,Branch Post Office,Delivery,North Eastern,Ukhrul,Manipur,North Eastern,Nil,Manipur,India,795145
611,Maokot,,Branch Post Office,Delivery,North Eastern,Ukhrul,Manipur,North Eastern,Nil,Manipur,India,795145
612,Phungyar,,Branch Post Office,Delivery,North Eastern,Ukhrul,Manipur,North Eastern,Nil,Manipur,India,795145
613,Sanakeithel,,Branch Post Office,Delivery,North Eastern,Ukhrul,Manipur,North Eastern,Nil,Manipur,India,795145
614,Semol,,Branch Post Office,Delivery,North Eastern,Ukhrul,Manipur,North Eastern,Nil,Manipur,India,795145
615,Shongshak,,Branch Post Office,Delivery,North Eastern,Ukhrul,Manipur,North Eastern,Nil,Manipur,India,795145
616,Siyamongjam,,Branch Post Office,Delivery,North Eastern,Ukhrul,Manipur,North Eastern,Nil,Manipur,India,795145
617,Sorde,,Branch Post Office,Delivery,North Eastern,Ukhrul,Manipur,North Eastern,Nil,Manipur,India,795145
618,Thawai,,Branch Post Office,Delivery,North Eastern,Ukhrul,Manipur,North Eastern,Nil,Manipur,India,795145
619,Yangangpokpi,,Branch Post Office,Delivery,North Eastern,Ukhrul,Manipur,North Eastern,Nil,Manipur,India,795145
620,Christan Centre Haochong,,Branch Post Office,Delivery,North Eastern,Imphal West,Manipur,North Eastern,Nil,Manipur,India,795146
621,Heibongpokpi,,Branch Post Office,Delivery,North Eastern,Imphal West,Manipur,North Eastern,Nil,Manipur,India,795146
622,Ijairong,,Branch Post Office,Delivery,North Eastern,Imphal West,Manipur,North Eastern,Nil,Manipur,India,795146
623,Irengnaga,,Branch Post Office,Delivery,North Eastern,Imphal West,Manipur,North Eastern,Nil,Manipur,India,795146
624,Kangchup Chiru,,Branch Post Office,Delivery,North Eastern,Imphal West,Manipur,North Eastern,Nil,Manipur,India,795146
625,Kangchup Hill (P),,Branch Post Office,Delivery,North Eastern,Imphal West,Manipur,North Eastern,Nil,Manipur,India,795146
626,Kangchup Makhong,,Branch Post Office,Delivery,North Eastern,Imphal West,Manipur,North Eastern,Nil,Manipur,India,795146
627,Karam Vaiphei,,Branch Post Office,Delivery,North Eastern,Imphal West,Manipur,North Eastern,Nil,Manipur,India,795146
628,Khundong Khukhaiba,,Branch Post Office,Delivery,North Eastern,Imphal West,Manipur,North Eastern,Nil,Manipur,India,795146
629,Lairen Sajik,,Branch Post Office,Delivery,North Eastern,Imphal West,Manipur,North Eastern,Nil,Manipur,India,795146
630,Lamdeng,,Branch Post Office,Delivery,North Eastern,Imphal West,Manipur,North Eastern,Nil,Manipur,India,795146
631,Lamsang,,Sub Post Office,Delivery,North Eastern,Imphal West,Manipur,North Eastern,Nil,Manipur,India,795146
632,Mayang Langjing,,Branch Post Office,Delivery,North Eastern,Imphal West,Manipur,North Eastern,Nil,Manipur,India,795146
633,Oktan,,Branch Post Office,Delivery,North Eastern,Imphal West,Manipur,North Eastern,Nil,Manipur,India,795146
634,Phayeng,,Branch Post Office,Delivery,North Eastern,Imphal West,Manipur,North Eastern,Nil,Manipur,India,795146
635,Ponlian,,Branch Post Office,Delivery,North Eastern,Imphal West,Manipur,North Eastern,Nil,Manipur,India,795146
636,Chongmun,,Branch Post Office,Delivery,North Eastern,Tamenglong,Manipur,North Eastern,Nil,Manipur,India,795147
637,Kambiron,,Branch Post Office,Delivery,North Eastern,Tamenglong,Manipur,North Eastern,Nil,Manipur,India,795147
638,Khoupum,,Branch Post Office,Delivery,North Eastern,Tamenglong,Manipur,North Eastern,Nil,Manipur,India,795147
639,Mukti Khullen,,Branch Post Office,Delivery,North Eastern,Tamenglong,Manipur,North Eastern,Nil,Manipur,India,795147
640,Nungba,,Sub Post Office,Delivery,North Eastern,Tamenglong,Manipur,North Eastern,Nil,Manipur,India,795147
641,Nungnang,,Branch Post Office,Delivery,North Eastern,Tamenglong,Manipur,North Eastern,Nil,Manipur,India,795147
642,Rengpang,,Branch Post Office,Delivery,North Eastern,Tamenglong,Manipur,North Eastern,Nil,Manipur,India,795147
643,Sibilong,,Branch Post Office,Delivery,North Eastern,Tamenglong,Manipur,North Eastern,Nil,Manipur,India,795147
644,Cherapur,,Branch Post Office,Delivery,North Eastern,Thoubal,Manipur,North Eastern,Nil,Manipur,India,795148
645,Heirok Part 2,,Branch Post Office,Delivery,North Eastern,Thoubal,Manipur,North Eastern,Nil,Manipur,India,795148
646,Herok Part 1,,Branch Post Office,Delivery,North Eastern,Thoubal,Manipur,North Eastern,Nil,Manipur,India,795148
647,Karongthel,,Branch Post Office,Delivery,North Eastern,Thoubal,Manipur,North Eastern,Nil,Manipur,India,795148
648,Khongjom,,Branch Post Office,Delivery,North Eastern,Thoubal,Manipur,North Eastern,Nil,Manipur,India,795148
649,Phundrei,,Branch Post Office,Delivery,North Eastern,Thoubal,Manipur,North Eastern,Nil,Manipur,India,795148
650,Puleilokpi,,Branch Post Office,Delivery,North Eastern,Thoubal,Manipur,North Eastern,Nil,Manipur,India,795148
651,Salungpham,,Branch Post Office,Delivery,North Eastern,Thoubal,Manipur,North Eastern,Nil,Manipur,India,795148
652,Samaram,,Branch Post Office,Delivery,North Eastern,Thoubal,Manipur,North Eastern,Nil,Manipur,India,795148
653,Sangaiyumpham,,Branch Post Office,Delivery,North Eastern,Thoubal,Manipur,North Eastern,Nil,Manipur,India,795148
654,Sapam Salai,,Branch Post Office,Delivery,North Eastern,Thoubal,Manipur,North Eastern,Nil,Manipur,India,795148
655,Tekcham,,Branch Post Office,Delivery,North Eastern,Thoubal,Manipur,North Eastern,Nil,Manipur,India,795148
656,Tentha,,Branch Post Office,Delivery,North Eastern,Thoubal,Manipur,North Eastern,Nil,Manipur,India,795148
657,Tollen,,Branch Post Office,Delivery,North Eastern,Thoubal,Manipur,North Eastern,Nil,Manipur,India,795148
658,Wangjing,,Sub Post Office,Delivery,North Eastern,Thoubal,Manipur,North Eastern,Nil,Manipur,India,795148
659,Andro,,Branch Post Office,Delivery,North Eastern,Thoubal,Manipur,North Eastern,Nil;,Manipur,India,795149
660,Angtha,,Branch Post Office,Delivery,North Eastern,Thoubal,Manipur,North Eastern,Nil,Manipur,India,795149
661,Bongbal Khullen,,Branch Post Office,Delivery,North Eastern,Thoubal,Manipur,North Eastern,Nil,Manipur,India,795149
662,Changamdabi,,Branch Post Office,Delivery,North Eastern,Thoubal,Manipur,North Eastern,Nil,Manipur,India,795149
663,Haokhongching,,Branch Post Office,Delivery,North Eastern,Thoubal,Manipur,North Eastern,Nil,Manipur,India,795149
664,Heinganglok,,Branch Post Office,Delivery,North Eastern,Thoubal,Manipur,North Eastern,Nil,Manipur,India,795149
665,Hulkap,,Branch Post Office,Delivery,North Eastern,Thoubal,Manipur,North Eastern,Nil,Manipur,India,795149
666,Irong Tangkhul,,Branch Post Office,Delivery,North Eastern,Thoubal,Manipur,North Eastern,Nil,Manipur,India,795149
667,Kamu Tampak,,Branch Post Office,Delivery,North Eastern,Thoubal,Manipur,North Eastern,Nil,Manipur,India,795149
668,Kamu Tongam,,Branch Post Office,Delivery,North Eastern,Thoubal,Manipur,North Eastern,Nil,Manipur,India,795149
669,Kamuching,,Branch Post Office,Delivery,North Eastern,Thoubal,Manipur,North Eastern,Nil,Manipur,India,795149
670,Kasom Khullen,,Branch Post Office,Delivery,North Eastern,Thoubal,Manipur,North Eastern,Nil,Manipur,India,795149
671,Khoirom,,Branch Post Office,Delivery,North Eastern,Thoubal,Manipur,North Eastern,Nil,Manipur,India,795149
672,Khonglou Vaiphei (T/C/D),,Branch Post Office,Delivery,North Eastern,Thoubal,Manipur,North Eastern,Nil,Manipur,India,795149
673,Louremba,,Branch Post Office,Delivery,North Eastern,Thoubal,Manipur,North Eastern,Nil,Manipur,India,795149
674,Lungthar,,Branch Post Office,Delivery,North Eastern,Thoubal,Manipur,North Eastern,Nil,Manipur,India,795149
675,Mollen (T/C/D),,Branch Post Office,Delivery,North Eastern,Thoubal,Manipur,North Eastern,Nil,Manipur,India,795149
676,Nambasi,,Branch Post Office,Delivery,North Eastern,Thoubal,Manipur,North Eastern,Nil,Manipur,India,795149
677,Nongpok Sekmai,,Branch Post Office,Delivery,North Eastern,Thoubal,Manipur,North Eastern,Nil,Manipur,India,795149
678,Phouoibi,,Branch Post Office,Delivery,North Eastern,Thoubal,Manipur,North Eastern,Nil,Manipur,India,795149
679,Saram Patong,,Branch Post Office,Delivery,North Eastern,Thoubal,Manipur,North Eastern,Nil,Manipur,India,795149
680,Soichang,,Branch Post Office,Delivery,North Eastern,Thoubal,Manipur,North Eastern,Nil,Manipur,India,795149
681,Top Chingtha,,Branch Post Office,Delivery,North Eastern,Thoubal,Manipur,North Eastern,Nil,Manipur,India,795149
682,Yairipok,,Sub Post Office,Delivery,North Eastern,Thoubal,Manipur,North Eastern,Nil,Manipur,India,795149
683,Yairipok Tulihal,,Branch Post Office,Delivery,North Eastern,Thoubal,Manipur,North Eastern,Nil,Manipur,India,795149
684,Yambem Laxmi Bazar,,Branch Post Office,Delivery,North Eastern,Thoubal,Manipur,North Eastern,Nil,Manipur,India,795149
685,Mao,,Sub Post Office,Delivery,North Eastern,Senapati,Manipur,North Eastern,Nil,Manipur,India,795150
686,Pfukhro,,Branch Post Office,Delivery,North Eastern,Senapati,Manipur,North Eastern,Nil,Manipur,India,795150
687,Phunanamei,,Branch Post Office,Delivery,North Eastern,Senapati,Manipur,North Eastern,Nil,Manipur,India,795150
688,Pudunamei,,Branch Post Office,Delivery,North Eastern,Senapati,Manipur,North Eastern,Nil,Manipur,India,795150
689,Awangkhul,,Branch Post Office,Delivery,North Eastern,Tamenglong,Manipur,North Eastern,Nil,Manipur,India,795159
690,Charoi Tupul,,Branch Post Office,Delivery,North Eastern,Tamenglong,Manipur,North Eastern,Nil,Manipur,India,795159
691,Haochong,,Branch Post Office,Delivery,North Eastern,Tamenglong,Manipur,North Eastern,Nil,Manipur,India,795159
692,Khongsang,,Branch Post Office,Delivery,North Eastern,Tamenglong,Manipur,North Eastern,Nil,Manipur,India,795159
693,Lukhambi,,Branch Post Office,Delivery,North Eastern,Tamenglong,Manipur,North Eastern,Nil,Manipur,India,795159
694,Nagaching,,Branch Post Office,Delivery,North Eastern,Tamenglong,Manipur,North Eastern,Nil,Manipur,India,795159
695,New Kabui Khullen,,Branch Post Office,Delivery,North Eastern,Tamenglong,Manipur,North Eastern,Nil,Manipur,India,795159
696,None,,Sub Post Office,Delivery,North Eastern,Tamenglong,Manipur,North Eastern,Nil,Manipur,India,795159
697,Nungtek,,Branch Post Office,Delivery,North Eastern,Tamenglong,Manipur,North Eastern,Nil,Manipur,India,795159
698,Thingra,,Branch Post Office,Delivery,North Eastern,Tamenglong,Manipur,North Eastern,Nil,Manipur,India,795159
