D.M College,,Sub Post Office,Non-Delivery,North Eastern,Imphal West,Manipur,North Eastern,Nil,Manipur,India,795001
Imphal,,Head Post Office,Delivery,North Eastern,Imphal West,Manipur,North Eastern,Nil,Manipur,India,795001
Imphal Bazar,,Sub Post Office,Non-Delivery,North Eastern,Imphal West,Manipur,North Eastern,Nil,Manipur,India,795001
Khoyathong,,Branch Post Office,Non-Delivery,North Eastern,Imphal West,Manipur,North Eastern,Nil,Manipur,India,795001
Manipur High Court,,Sub Post Office,Non-Delivery,North Eastern,Imphal West,Manipur,North Eastern,Imphal West,Manipur,India,795001
Soibam Leikai,,Branch Post Office,Non-Delivery,North Eastern,Imphal West,Manipur,North Eastern,Nil,Manipur,India,795001
Ahallup,,Branch Post Office,Delivery,North Eastern,Imphal West,Manipur,North Eastern,Nil,Manipur,India,795002
Awangpotshangbam,,Branch Post Office,Delivery,North Eastern,Imphal West,Manipur,North Eastern,Nil,Manipur,India,795002
Heingang,,Branch Post Office,Delivery,North Eastern,Imphal West,Manipur,North Eastern,Nil,Manipur,India,795002
Karakhul,,Branch Post Office,Delivery,North Eastern,Imphal West,Manipur,North Eastern,Nil,Manipur,India,795002
Khonghampat,,Branch Post Office,Delivery,North Eastern,Imphal West,Manipur,North Eastern,Nil,Manipur,India,795002
Khurukhul,,Branch Post Office,Delivery,North Eastern,Imphal West,Manipur,North Eastern,Nil,Manipur,India,795002
Konthakhabam,,Branch Post Office,Delivery,North Eastern,Imphal West,Manipur,North Eastern,Nil,Manipur,India,795002
Loitang Leikinthabi,,Branch Post Office,Delivery,North Eastern,Imphal West,Manipur,North Eastern,Nil,Manipur,India,795002
Luwangsangbam,,Branch Post Office,Delivery,North Eastern,Imphal West,Manipur,North Eastern,Nil,Manipur,India,795002
Mantripukhri,,Sub Post Office,Delivery,North Eastern,Imphal West,Manipur,North Eastern,Nil,Manipur,India,795002
Tendongyang (P),,Branch Post Office,Delivery,North Eastern,Imphal West,Manipur,North Eastern,Nil,Manipur,India,795002
Canchipur (T/C/D),,Branch Post Office,Delivery,North Eastern,Imphal West,Manipur,North Eastern,Nil,Manipur,India,795003
Kunja (P),,Branch Post Office,Delivery,North Eastern,Imphal West,Manipur,North Eastern,Nil,Manipur,India,795003
Kyamgei,,Branch Post Office,Delivery,North Eastern,Imphal West,Manipur,North Eastern,Nil,Manipur,India,795003
Langthabal,,Branch Post Office,Delivery,North Eastern,Imphal West,Manipur,North Eastern,Nil,Manipur,India,795003
Manipur University,,Sub Post Office,Delivery,North Eastern,Imphal East,Manipur,North Eastern,Nil,Manipur,India,795003
Mongsangei,,Branch Post Office,Delivery,North Eastern,Imphal West,Manipur,North Eastern,Nil,Manipur,India,795003
Ningombam,,Branch Post Office,Delivery,North Eastern,Imphal West,Manipur,North Eastern,Nil,Manipur,India,795003
Central Agriculture University,,Branch Post Office,Delivery,North Eastern,Imphal West,Manipur,North Eastern,Nil,Manipur,India,795004
Iroisemaba,,Branch Post Office,Delivery,North Eastern,Imphal West,Manipur,North Eastern,Nil,Manipur,India,795004
Lamboi Khongnagkhong,,Branch Post Office,Delivery,North Eastern,Imphal West,Manipur,North Eastern,Nil,Manipur,India,795004
Lamphelpat,,Sub Post Office,Delivery,North Eastern,Imphal West,Manipur,North Eastern,Nil,Manipur,India,795004
Langol Housing Complex,,Branch Post Office,Delivery,North Eastern,Imphal West,Manipur,North Eastern,Nil,Manipur,India,795004
Noremthong Bazar,,Branch Post Office,Delivery,North Eastern,Imphal West,Manipur,North Eastern,Nil,Manipur,India,795004
Sagolband Thingom Leikai,,Branch Post Office,Delivery,North Eastern,Imphal West,Manipur,North Eastern,Nil,Manipur,India,795004
Sayang Kuraomakhong,,Branch Post Office,Delivery,North Eastern,Imphal West,Manipur,North Eastern,Nil,Manipur,India,795004
Tera Bazar,,Branch Post Office,Delivery,North Eastern,Imphal West,Manipur,North Eastern,Nil,Manipur,India,795004
Awang Konmgpal,,Branch Post Office,Delivery,North Eastern,Imphal East,Manipur,North Eastern,Nil,Manipur,India,795005
Khurai Khongnang Makhong,,Branch Post Office,Delivery,North Eastern,Imphal East,Manipur,North Eastern,Nil,Manipur,India,795005
Moirang Kampu,,Branch Post Office,Delivery,North Eastern,Imphal East,Manipur,North Eastern,Nil,Manipur,India,795005
Porompat,,Sub Post Office,Delivery,North Eastern,Imphal East,Manipur,North Eastern,Nil,Manipur,India,795005
Takhel,,Branch Post Office,Delivery,North Eastern,Imphal East,Manipur,North Eastern,Nil,Manipur,India,795005
New Lamka,,Sub Post Office,Delivery,North Eastern,Churachandpur,Manipur,North Eastern,Churachandpur,Manipur,India,795006
Karong,,Sub Post Office,Delivery,North Eastern,Senapati,Manipur,North Eastern,Nil,Manipur,India,795007
Lairouching,,Branch Post Office,Delivery,North Eastern,Senapati,Manipur,North Eastern,Nil,Manipur,India,795007
Oinam,,Branch Post Office,Delivery,North Eastern,Senapati,Manipur,North Eastern,Nil,Manipur,India,795007
Rajamei,,Branch Post Office,Delivery,North Eastern,Senapati,Manipur,North Eastern,Nil,Manipur,India,795007
Thingba Khullen,,Branch Post Office,Delivery,North Eastern,Senapati,Manipur,North Eastern,Nil,Manipur,India,795007
Thingba Khunou,,Branch Post Office,Delivery,North Eastern,Senapati,Manipur,North Eastern,Nil,Manipur,India,795007
Willang,,Branch Post Office,Delivery,North Eastern,Senapati,Manipur,North Eastern,Nil,Manipur,India,795007
Yangkhullen,,Branch Post Office,Delivery,North Eastern,Senapati,Manipur,North Eastern,Nil,Manipur,India,795007
Irilbung,,Branch Post Office,Delivery,North Eastern,Imphal East,Manipur,North Eastern,Nil,Manipur,India,795008
Keirao Bitra Salam,,Branch Post Office,Delivery,North Eastern,Imphal East,Manipur,North Eastern,Nil,Manipur,India,795008
Keirao Makting,,Branch Post Office,Delivery,North Eastern,Imphal East,Manipur,North Eastern,Nil,Manipur,India,795008
Keirao Wangkhem,,Branch Post Office,Delivery,North Eastern,Imphal East,Manipur,North Eastern,Nil,Manipur,India,795008
Khongangpheidekpi,,Branch Post Office,Delivery,North Eastern,Imphal East,Manipur,North Eastern,Nil,Manipur,India,795008
Kitnapanung,,Branch Post Office,Delivery,North Eastern,Imphal East,Manipur,North Eastern,Nil,Manipur,India,795008
Kongba Bazar,,Branch Post Office,Delivery,North Eastern,Imphal East,Manipur,North Eastern,Nil,Manipur,India,795008
Kshetribangoon,,Branch Post Office,Delivery,North Eastern,Imphal East,Manipur,North Eastern,Nil,Manipur,India,795008
Kshetrigao,,Branch Post Office,Delivery,North Eastern,Imphal East,Manipur,North Eastern,Nil,Manipur,India,795008
Laiphrak Maring,,Branch Post Office,Delivery,North Eastern,Imphal East,Manipur,North Eastern,Nil,Manipur,India,795008
Mongkhang Lambi,,Branch Post Office,Delivery,North Eastern,Imphal East,Manipur,North Eastern,Nil,Manipur,India,795008
Oinam Thingel,,Branch Post Office,Delivery,North Eastern,Imphal East,Manipur,North Eastern,Nil,Manipur,India,795008
Singjamei,,Sub Post Office,Delivery,North Eastern,Imphal East,Manipur,North Eastern,Nil,Manipur,India,795008
Uchekon,,Branch Post Office,Delivery,North Eastern,Imphal East,Manipur,North Eastern,Nil,Manipur,India,795008
Bitrarakhong,,Branch Post Office,Delivery,North Eastern,Imphal West,Manipur,North Eastern,Nil;,Manipur,India,795009
Haoreibi,,Branch Post Office,Delivery,North Eastern,Imphal West,Manipur,North Eastern,Nil,Manipur,India,795009
Hiyangthang,,Branch Post Office,Delivery,North Eastern,Imphal West,Manipur,North Eastern,Nil,Manipur,India,795009
Irom Meijrao,,Branch Post Office,Delivery,North Eastern,Imphal West,Manipur,North Eastern,Nil,Manipur,India,795009
Kodompokpi,,Branch Post Office,Delivery,North Eastern,Imphal West,Manipur,North Eastern,Nil,Manipur,India,795009
Paobitek,,Branch Post Office,Delivery,North Eastern,Imphal West,Manipur,North Eastern,Nil,Manipur,India,795009
Samurou,,Branch Post Office,Delivery,North Eastern,Imphal West,Manipur,North Eastern,Nil,Manipur,India,795009
Wangoi,,Sub Post Office,Delivery,North Eastern,Imphal West,Manipur,North Eastern,Nil,Manipur,India,795009
Yumnam Khunou,,Branch Post Office,Delivery,North Eastern,Imphal West,Manipur,North Eastern,Nil,Manipur,India,795009
Chingmang,,Branch Post Office,Delivery,North Eastern,Imphal East,Manipur,North Eastern,Nil,Manipur,India,795010
Heinoumakhong,,Branch Post Office,Delivery,North Eastern,Imphal East,Manipur,North Eastern,Nil,Manipur,India,795010
Huidrom,,Branch Post Office,Delivery,North Eastern,Imphal East,Manipur,North Eastern,Nil,Manipur,India,795010
Kameng Kakching,,Branch Post Office,Delivery,North Eastern,Imphal East,Manipur,North Eastern,Nil,Manipur,India,795010
Laikoiching,,Branch Post Office,Delivery,North Eastern,Imphal East,Manipur,North Eastern,Nil,Manipur,India,795010
Lamlai,,Branch Post Office,Delivery,North Eastern,Imphal East,Manipur,North Eastern,Nil,Manipur,India,795010
Lamlong,,Sub Post Office,Delivery,North Eastern,Imphal East,Manipur,North Eastern,Nil,Manipur,India,795010
Moirang Purel,,Branch Post Office,Delivery,North Eastern,Imphal East,Manipur,North Eastern,Nil,Manipur,India,795010
Ningthemchakhul,,Branch Post Office,Delivery,North Eastern,Imphal East,Manipur,North Eastern,Nil,Manipur,India,795010
Nongdam Tangkhul,,Branch Post Office,Delivery,North Eastern,Imphal East,Manipur,North Eastern,Nil,Manipur,India,795010
Nongoda,,Branch Post Office,Delivery,North Eastern,Imphal East,Manipur,North Eastern,Nil,Manipur,India,795010
Phaknung,,Branch Post Office,Delivery,North Eastern,Imphal East,Manipur,North Eastern,Nil,Manipur,India,795010
Sawombung,,Branch Post Office,Delivery,North Eastern,Imphal East,Manipur,North Eastern,Nil,Manipur,India,795010
Tangkhul Hungdung,,Branch Post Office,Delivery,North Eastern,Imphal East,Manipur,North Eastern,Nil,Manipur,India,795010
Taretkhul,,Branch Post Office,Delivery,North Eastern,Imphal East,Manipur,North Eastern,Nil,Manipur,India,795010
Yourbung,,Branch Post Office,Delivery,North Eastern,Imphal East,Manipur,North Eastern,Nil,Manipur,India,795010
Koide,,Branch Post Office,Delivery,North Eastern,Senapati,Manipur,North Eastern,Nil,Manipur,India,795015
Lakhamei,,Branch Post Office,Delivery,North Eastern,Senapati,Manipur,North Eastern,Nil,Manipur,India,795015
Maiba,,Branch Post Office,Delivery,North Eastern,Senapati,Manipur,North Eastern,Nil,Manipur,India,795015
Makhan Bazar,,Branch Post Office,Delivery,North Eastern,Senapati,Manipur,North Eastern,Nil,Manipur,India,795015
Maram,,Sub Post Office,Delivery,North Eastern,Senapati,Manipur,North Eastern,Nil,Manipur,India,795015
Phuba,,Branch Post Office,Delivery,North Eastern,Senapati,Manipur,North Eastern,Nil,Manipur,India,795015
Purul,,Branch Post Office,Delivery,North Eastern,Senapati,Manipur,North Eastern,Nil,Manipur,India,795015
Chairen,,Branch Post Office,Delivery,North Eastern,Thoubal,Manipur,North Eastern,Nil,Manipur,India,795101
Jul Bangching,,Branch Post Office,Delivery,North Eastern,Thoubal,Manipur,North Eastern,Nil,Manipur,India,795101
K. Molnam,,Branch Post Office,Delivery,North Eastern,Thoubal,Manipur,North Eastern,Nil,Manipur,India,795101
Khambathel,,Branch Post Office,Delivery,North Eastern,Thoubal,Manipur,North Eastern,Nil,Manipur,India,795101
Khongnangpheisani,,Branch Post Office,Delivery,North Eastern,Thoubal,Manipur,North Eastern,Nil,Manipur,India,795101
Longja,,Branch Post Office,Delivery,North Eastern,Thoubal,Manipur,North Eastern,Nil,Manipur,India,795101
M Bongmol,,Branch Post Office,Delivery,North Eastern,Thoubal,Manipur,North Eastern,Nil,Manipur,India,795101
Mahou Tera,,Branch Post Office,Delivery,North Eastern,Thoubal,Manipur,North Eastern,Nil,Manipur,India,795101
Sangaikot,,Branch Post Office,Delivery,North Eastern,Thoubal,Manipur,North Eastern,Nil,Manipur,India,795101
Serou,,Branch Post Office,Delivery,North Eastern,Thoubal,Manipur,North Eastern,Nil,Manipur,India,795101
Shahumphai,,Branch Post Office,Delivery,North Eastern,Thoubal,Manipur,North Eastern,Nil,Manipur,India,795101
Sugnu,,Sub Post Office,Delivery,North Eastern,Chandel,Manipur,North Eastern,Nil,Manipur,India,795101
Aigejang,,Branch Post Office,Delivery,North Eastern,Chandel,Manipur,North Eastern,Nil,Manipur,India,795102
Anal Khullen,,Branch Post Office,Delivery,North Eastern,Chandel,Manipur,North Eastern,Nil,Manipur,India,795102
Chakpikarong,,Sub Post Office,Delivery,North Eastern,Chandel,Manipur,North Eastern,Nil,Manipur,India,795102
Gobok,,Branch Post Office,Delivery,North Eastern,Chandel,Manipur,North Eastern,Nil,Manipur,India,795102
Khengjoi,,Branch Post Office,Delivery,North Eastern,Chandel,Manipur,North Eastern,Nil,Manipur,India,795102
Khubungh Khullen,,Branch Post Office,Delivery,North Eastern,Chandel,Manipur,North Eastern,Nil,Manipur,India,795102
Monbi,,Branch Post Office,Delivery,North Eastern,Chandel,Manipur,North Eastern,Nil,Manipur,India,795102
Phiran Machet,,Branch Post Office,Delivery,North Eastern,Chandel,Manipur,North Eastern,Nil,Manipur,India,795102
Sajik Tampak,,Branch Post Office,Delivery,North Eastern,Chandel,Manipur,North Eastern,Nil,Manipur,India,795102
Sehao,,Branch Post Office,Delivery,North Eastern,Chandel,Manipur,North Eastern,Nil,Manipur,India,795102
Semol,,Branch Post Office,Delivery,North Eastern,Chandel,Manipur,North Eastern,Nil,Manipur,India,795102
Thorchom,,Branch Post Office,Delivery,North Eastern,Chandel,Manipur,North Eastern,Nil,Manipur,India,795102
Toupokpi,,Branch Post Office,Delivery,North Eastern,Chandel,Manipur,North Eastern,Nil,Manipur,India,795102
Zoupi,,Branch Post Office,Delivery,North Eastern,Chandel,Manipur,North Eastern,Nil;,Manipur,India,795102
Arong Nongmaikhong,,Branch Post Office,Delivery,North Eastern,Thoubal,Manipur,North Eastern,Nil,Manipur,India,795103
Elangkhangpokpi,,Branch Post Office,Delivery,North Eastern,Thoubal,Manipur,North Eastern,Nil,Manipur,India,795103
Hivanalam,,Branch Post Office,Delivery,North Eastern,Thoubal,Manipur,North Eastern,Nil,Manipur,India,795103
K M College,,Branch Post Office,Delivery,North Eastern,Thoubal,Manipur,North Eastern,Nil,Manipur,India,795103
Kakching,,Sub Post Office,Delivery,North Eastern,Thoubal,Manipur,North Eastern,Nil,Manipur,India,795103
Kakching Khunou,,Branch Post Office,Delivery,North Eastern,Thoubal,Manipur,North Eastern,Nil,Manipur,India,795103
Kalikalok,,Branch Post Office,Delivery,North Eastern,Thoubal,Manipur,North Eastern,Nil,Manipur,India,795103
Keirak,,Branch Post Office,Delivery,North Eastern,Thoubal,Manipur,North Eastern,Nil,Manipur,India,795103
Khudei Khunou,,Branch Post Office,Delivery,North Eastern,Thoubal,Manipur,North Eastern,Nil,Manipur,India,795103
Langmeidon,,Branch Post Office,Delivery,North Eastern,Thoubal,Manipur,North Eastern,Nil,Manipur,India,795103
Leingangching,,Branch Post Office,Delivery,North Eastern,Thoubal,Manipur,North Eastern,Nil,Manipur,India,795103
Mairembam,,Branch Post Office,Delivery,North Eastern,Thoubal,Manipur,North Eastern,Nil,Manipur,India,795103
Mantak,,Branch Post Office,Delivery,North Eastern,Thoubal,Manipur,North Eastern,Nil,Manipur,India,795103
Nodoom Bazar,,Branch Post Office,Delivery,North Eastern,Thoubal,Manipur,North Eastern,Nil,Manipur,India,795103
Pangaltabi,,Branch Post Office,Delivery,North Eastern,Thoubal,Manipur,North Eastern,Nil,Manipur,India,795103
Purum Pantha,,Branch Post Office,Delivery,North Eastern,Thoubal,Manipur,North Eastern,Nil,Manipur,India,795103
Sora,,Branch Post Office,Delivery,North Eastern,Thoubal,Manipur,North Eastern,Nil,Manipur,India,795103
Tokpaching,,Branch Post Office,Delivery,North Eastern,Thoubal,Manipur,North Eastern,Nil,Manipur,India,795103
Wabagai,,Branch Post Office,Delivery,North Eastern,Thoubal,Manipur,North Eastern,Nil,Manipur,India,795103
Waikhong,,Branch Post Office,Delivery,North Eastern,Thoubal,Manipur,North Eastern,Nil,Manipur,India,795103
Wangoo Laipham,,Branch Post Office,Delivery,North Eastern,Thoubal,Manipur,North Eastern,Nil,Manipur,India,795103
Chawanamei,,Branch Post Office,Delivery,North Eastern,Senapati,Manipur,North Eastern,Nil,Manipur,India,795104
Chingai Khullen,,Branch Post Office,Delivery,North Eastern,Senapati,Manipur,North Eastern,Nil,Manipur,India,795104
Kaibi,,Branch Post Office,Delivery,North Eastern,Senapati,Manipur,North Eastern,Nil,Manipur,India,795104
Laii,,Branch Post Office,Delivery,North Eastern,Senapati,Manipur,North Eastern,Nil,Manipur,India,795104
Liyai,,Branch Post Office,Delivery,North Eastern,Senapati,Manipur,North Eastern,Nil,Manipur,India,795104
Liyal Khunou,,Branch Post Office,Delivery,North Eastern,Senapati,Manipur,North Eastern,Nil,Manipur,India,795104
Paomata Centre,,Branch Post Office,Delivery,North Eastern,Senapati,Manipur,North Eastern,Nil,Manipur,India,795104
Phaibung Khullen,,Branch Post Office,Delivery,North Eastern,Senapati,Manipur,North Eastern,Nil,Manipur,India,795104
Saranamei,,Branch Post Office,Delivery,North Eastern,Senapati,Manipur,North Eastern,Nil,Manipur,India,795104
Siraffi,,Branch Post Office,Delivery,North Eastern,Senapati,Manipur,North Eastern,Nil,Manipur,India,795104
Tadubi,,Sub Post Office,Delivery,North Eastern,Senapati,Manipur,North Eastern,Nil,Manipur,India,795104
Tungjoy,,Branch Post Office,Delivery,North Eastern,Senapati,Manipur,North Eastern,Nil,Manipur,India,795104
Oklong,,Branch Post Office,Delivery,North Eastern,Senapati,Manipur,North Eastern,Nil,Manipur,India,795106
Senapati,,Sub Post Office,Delivery,North Eastern,Senapati,Manipur,North Eastern,Nil,Manipur,India,795106
Tumuyan Khullen,,Branch Post Office,Delivery,North Eastern,Senapati,Manipur,North Eastern,Nil,Manipur,India,795106
J Phaijang,,Branch Post Office,Delivery,North Eastern,Senapati,Manipur,North Eastern,Nil,Manipur,India,795107
Motbung,,Sub Post Office,Delivery,North Eastern,Senapati,Manipur,North Eastern,Nil,Manipur,India,795107
N. Khenjang,,Branch Post Office,Delivery,North Eastern,Senapati,Manipur,North Eastern,Nil,Manipur,India,795107
Nurathel,,Branch Post Office,Delivery,North Eastern,Senapati,Manipur,North Eastern,Nil,Manipur,India,795107
S.Bolkot,,Branch Post Office,Delivery,North Eastern,Senapati,Manipur,North Eastern,Nil,Manipur,India,795107
Saitu,,Branch Post Office,Delivery,North Eastern,Senapati,Manipur,North Eastern,Nil,Manipur,India,795107
Sapermeina,,Branch Post Office,Delivery,North Eastern,Senapati,Manipur,North Eastern,Nil,Manipur,India,795107
Thingsat,,Branch Post Office,Delivery,North Eastern,Senapati,Manipur,North Eastern,Nil,Manipur,India,795107
Chalwa (P),,Branch Post Office,Delivery,North Eastern,Senapati,Manipur,North Eastern,Nil,Manipur,India,795112
Cheljang,,Branch Post Office,Delivery,North Eastern,Senapati,Manipur,North Eastern,Nil,Manipur,India,795112
Ganel,,Branch Post Office,Delivery,North Eastern,Senapati,Manipur,North Eastern,Nil,Manipur,India,795112
Irang,,Branch Post Office,Delivery,North Eastern,Senapati,Manipur,North Eastern,Nil,Manipur,India,795112
Kolhen,,Branch Post Office,Delivery,North Eastern,Senapati,Manipur,North Eastern,Nil,Manipur,India,795112
T Waichong,,Sub Post Office,Delivery,North Eastern,Senapati,Manipur,North Eastern,Nil,Manipur,India,795112
Thengjang,,Branch Post Office,Delivery,North Eastern,Senapati,Manipur,North Eastern,Nil,Manipur,India,795112
CRPF Camp Langjing,,Sub Post Office,Delivery,North Eastern,Imphal West,Manipur,North Eastern,Nil,Manipur,India,795113
Haorang Kairel,,Branch Post Office,Delivery,North Eastern,Imphal West,Manipur,North Eastern,Nil,Manipur,India,795113
Khamnam Bazar,,Branch Post Office,Delivery,North Eastern,Imphal West,Manipur,North Eastern,Nil,Manipur,India,795113
Khangakhul,,Branch Post Office,Delivery,North Eastern,Imphal West,Manipur,North Eastern,Nil,Manipur,India,795113
Khumbong Bazar,,Branch Post Office,Delivery,North Eastern,Imphal West,Manipur,North Eastern,Nil,Manipur,India,795113
Konthoujam,,Branch Post Office,Delivery,North Eastern,Imphal West,Manipur,North Eastern,Nil,Manipur,India,795113
Langjing Achouba,,Branch Post Office,Delivery,North Eastern,Imphal West,Manipur,North Eastern,Nil,Manipur,India,795113
Longa Koireng,,Branch Post Office,Delivery,North Eastern,Imphal West,Manipur,North Eastern,Nil,Manipur,India,795113
Maklang Bazar,,Branch Post Office,Delivery,North Eastern,Imphal West,Manipur,North Eastern,Nil,Manipur,India,795113
Natok Kabui,,Branch Post Office,Delivery,North Eastern,Imphal West,Manipur,North Eastern,Nil,Manipur,India,795113
New Keithelmanbi,,Branch Post Office,Delivery,North Eastern,Imphal West,Manipur,North Eastern,Nil,Manipur,India,795113
Ngairangbam,,Branch Post Office,Delivery,North Eastern,Imphal West,Manipur,North Eastern,Nil,Manipur,India,795113
Patsoi Part II,,Branch Post Office,Delivery,North Eastern,Imphal West,Manipur,North Eastern,Nil,Manipur,India,795113
Sagoltongba Bazar,,Branch Post Office,Delivery,North Eastern,Imphal West,Manipur,North Eastern,Nil,Manipur,India,795113
Tairenpokpi,,Branch Post Office,Delivery,North Eastern,Imphal West,Manipur,North Eastern,Nil,Manipur,India,795113
Takyel Khongbal,,Branch Post Office,Delivery,North Eastern,Imphal West,Manipur,North Eastern,Nil,Manipur,India,795113
Tharoijam,,Branch Post Office,Delivery,North Eastern,Imphal West,Manipur,North Eastern,Nil,Manipur,India,795113
Yurembam,,Branch Post Office,Delivery,North Eastern,Imphal West,Manipur,North Eastern,Nil,Manipur,India,795113
Dolaithabi,,Branch Post Office,Delivery,North Eastern,Imphal East,Manipur,North Eastern,Nil,Manipur,India,795114
Haraorou,,Branch Post Office,Delivery,North Eastern,Imphal East,Manipur,North Eastern,Nil,Manipur,India,795114
Kairang Litan Makhong,,Branch Post Office,Delivery,North Eastern,Imphal East,Manipur,North Eastern,Nil,Manipur,India,795114
Khongbal Tangkhul,,Branch Post Office,Delivery,North Eastern,Imphal East,Manipur,North Eastern,Nil,Manipur,India,795114
Khumidok (P),,Branch Post Office,Delivery,North Eastern,Imphal East,Manipur,North Eastern,Nil,Manipur,India,795114
Liklikhong Bazar,,Branch Post Office,Delivery,North Eastern,Imphal East,Manipur,North Eastern,Nil,Manipur,India,795114
Mapao Keithelmanbi,,Branch Post Office,Delivery,North Eastern,Imphal East,Manipur,North Eastern,Nil,Manipur,India,795114
Pngaei Yangdong,,Sub Post Office,Delivery,North Eastern,Imphal East,Manipur,North Eastern,Nil,Manipur,India,795114
Pukhao Ahallup,,Branch Post Office,Delivery,North Eastern,Imphal East,Manipur,North Eastern,Nil,Manipur,India,795114
Sagolmang,,Branch Post Office,Delivery,North Eastern,Imphal East,Manipur,North Eastern,Nil,Manipur,India,795114
Satang,,Branch Post Office,Delivery,North Eastern,Imphal East,Manipur,North Eastern,Nil,Manipur,India,795114
Thangal Surung,,Branch Post Office,Delivery,North Eastern,Imphal East,Manipur,North Eastern,Nil,Manipur,India,795114
Uyumpok,,Branch Post Office,Delivery,North Eastern,Imphal East,Manipur,North Eastern,Nil,Manipur,India,795114
Waiton,,Branch Post Office,Delivery,North Eastern,Imphal East,Manipur,North Eastern,Nil,Manipur,India,795114
Wakhen Phai,,Branch Post Office,Delivery,North Eastern,Imphal East,Manipur,North Eastern,Nil,Manipur,India,795114
Yumnam Khunou,,Branch Post Office,Delivery,North Eastern,Imphal East,Manipur,North Eastern,Nil,Manipur,India,795114
Bidyanagar,,Branch Post Office,Delivery,North Eastern,Imphal West,Manipur,North Eastern,Nil,Manipur,India,795115
BR Colony,,Branch Post Office,Delivery,North Eastern,Imphal West,Manipur,North Eastern,Nil,Manipur,India,795115
Gularthol,,Sub Post Office,Delivery,North Eastern,Imphal West,Manipur,North Eastern,Nil,Manipur,India,795115
Kashimpur,,Branch Post Office,Delivery,North Eastern,Imphal West,Manipur,North Eastern,Nil,Manipur,India,795115
Keimai,,Branch Post Office,Delivery,North Eastern,Imphal West,Manipur,North Eastern,Nil,Manipur,India,795115
New Keiphundai,,Branch Post Office,Delivery,North Eastern,Imphal West,Manipur,North Eastern,Nil,Manipur,India,795115
Bongmun,,Branch Post Office,Delivery,North Eastern,Imphal West,Manipur,North Eastern,Nil,Manipur,India,795116
Borobekra,,Branch Post Office,Delivery,North Eastern,Imphal West,Manipur,North Eastern,Nil,Manipur,India,795116
Champanagar,,Branch Post Office,Delivery,North Eastern,Imphal West,Manipur,North Eastern,Nil,Manipur,India,795116
Chingmun,,Branch Post Office,Delivery,North Eastern,Imphal West,Manipur,North Eastern,Nil,Manipur,India,795116
Jakurdhar,,Branch Post Office,Delivery,North Eastern,Imphal West,Manipur,North Eastern,Nil,Manipur,India,795116
Jiribam Bazar,,Sub Post Office,Delivery,North Eastern,Imphal West,Manipur,North Eastern,Nil,Manipur,India,795116
Kh Jaikhan,,Branch Post Office,Delivery,North Eastern,Imphal West,Manipur,North Eastern,Nil,Manipur,India,795116
Lalkhai,,Branch Post Office,Delivery,North Eastern,Imphal West,Manipur,North Eastern,Nil,Manipur,India,795116
Latingkhal,,Branch Post Office,Delivery,North Eastern,Imphal East,Manipur,North Eastern,Nil,Manipur,India,795116
Longpi,,Branch Post Office,Delivery,North Eastern,Imphal West,Manipur,North Eastern,Nil,Manipur,India,795116
Ngaphabung,,Branch Post Office,Delivery,North Eastern,Imphal West,Manipur,North Eastern,Nil,Manipur,India,795116
Patpuimun,,Branch Post Office,Delivery,North Eastern,Imphal West,Manipur,North Eastern,Nil,Manipur,India,795116
Phaibok Mullen,,Branch Post Office,Delivery,North Eastern,Imphal West,Manipur,North Eastern,Nil,Manipur,India,795116
Sonapur,,Branch Post Office,Delivery,North Eastern,Imphal West,Manipur,North Eastern,Nil,Manipur,India,795116
Suangpuimun,,Branch Post Office,Delivery,North Eastern,Imphal West,Manipur,North Eastern,Nil,Manipur,India,795116
Tuitengmun,,Branch Post Office,Delivery,North Eastern,Imphal West,Manipur,North Eastern,Nil,Manipur,India,795116
Khouwpuibung,,Branch Post Office,Delivery,North Eastern,Churachandpur,Manipur,North Eastern,Nil,Manipur,India,795117
Mual Vaiphei,,Branch Post Office,Delivery,North Eastern,Churachandpur,Manipur,North Eastern,Nil,Manipur,India,795117
Saikot,,Sub Post Office,Delivery,North Eastern,Churachandpur,Manipur,North Eastern,Nil,Manipur,India,795117
Tuikham,,Branch Post Office,Delivery,North Eastern,Churachandpur,Manipur,North Eastern,Nil,Manipur,India,795117
Tuining,,Branch Post Office,Delivery,North Eastern,Churachandpur,Manipur,North Eastern,Nil,Manipur,India,795117
Tuitengphai,,Branch Post Office,Delivery,North Eastern,Churachandpur,Manipur,North Eastern,Nil,Manipur,India,795117
Bunglong,,Branch Post Office,Delivery,North Eastern,Senapati,Manipur,North Eastern,Nil,Manipur,India,795118
Dolang,,Branch Post Office,Delivery,North Eastern,Bishnupur,Manipur,North Eastern,Nil,Manipur,India,795118
Galam,,Branch Post Office,Delivery,North Eastern,Senapati,Manipur,North Eastern,Nil,Manipur,India,795118
Gangpijang,,Branch Post Office,Delivery,North Eastern,Senapati,Manipur,North Eastern,Nil,Manipur,India,795118
Ichaigojang,,Branch Post Office,Delivery,North Eastern,Senapati,Manipur,North Eastern,Nil,Manipur,India,795118
Jangnoi,,Branch Post Office,Delivery,North Eastern,Senapati,Manipur,North Eastern,Nil,Manipur,India,795118
Makeng Ngarolu,,Branch Post Office,Delivery,North Eastern,Senapati,Manipur,North Eastern,Nil,Manipur,India,795118
Makokchung,,Branch Post Office,Delivery,North Eastern,Senapati,Manipur,North Eastern,Nil,Manipur,India,795118
Molkon,,Branch Post Office,Delivery,North Eastern,Senapati,Manipur,North Eastern,Nil,Manipur,India,795118
Mutukhong,,Branch Post Office,Delivery,North Eastern,Senapati,Manipur,North Eastern,Nil,Manipur,India,795118
Pangjang,,Branch Post Office,Delivery,North Eastern,Senapati,Manipur,North Eastern,Nil,Manipur,India,795118
Phaikon,,Branch Post Office,Delivery,North Eastern,Senapati,Manipur,North Eastern,Nil,Manipur,India,795118
Saikul,,Sub Post Office,Delivery,North Eastern,Churachandpur,Manipur,North Eastern,Nil,Manipur,India,795118
Sangpei Khullen,,Branch Post Office,Delivery,North Eastern,Senapati,Manipur,North Eastern,Nil,Manipur,India,795118
T. Awkhumbung,,Branch Post Office,Delivery,North Eastern,Senapati,Manipur,North Eastern,Nil,Manipur,India,795118
Tingpibung,,Branch Post Office,Delivery,North Eastern,Senapati,Manipur,North Eastern,Nil,Manipur,India,795118
Zelengphai,,Branch Post Office,Delivery,North Eastern,Senapati,Manipur,North Eastern,Nil,Manipur,India,795118
Chandraman,,Branch Post Office,Delivery,North Eastern,Senapati,Manipur,North Eastern,Nil,Manipur,India,795122
Haipi,,Branch Post Office,Delivery,North Eastern,Senapati,Manipur,North Eastern,Nil,Manipur,India,795122
Kalapahar,,Sub Post Office,Delivery,North Eastern,Senapati,Manipur,North Eastern,Nil,Manipur,India,795122
Keithelmanbi,,Branch Post Office,Delivery,North Eastern,Senapati,Manipur,North Eastern,Nil,Manipur,India,795122
Kheijang,,Branch Post Office,Delivery,North Eastern,Senapati,Manipur,North Eastern,Nil,Manipur,India,795122
Persian,,Branch Post Office,Delivery,North Eastern,Senapati,Manipur,North Eastern,Nil,Manipur,India,795122
Thanamba,,Branch Post Office,Delivery,North Eastern,Senapati,Manipur,North Eastern,Nil,Manipur,India,795122
Tokpa,,Branch Post Office,Delivery,North Eastern,Senapati,Manipur,North Eastern,Nil,Manipur,India,795122
Charoi Khullel,,Branch Post Office,Delivery,North Eastern,Bishnupur,Manipur,North Eastern,Nil,Manipur,India,795124
Jiban Nager,,Branch Post Office,Delivery,North Eastern,Bishnupur,Manipur,North Eastern,Nil,Manipur,India,795124
Leimatak,,Branch Post Office,Delivery,North Eastern,Bishnupur,Manipur,North Eastern,Nil,Manipur,India,795124
Loktak Project,,Sub Post Office,Delivery,North Eastern,Bishnupur,Manipur,North Eastern,Nil,Manipur,India,795124
Mayuran,,Branch Post Office,Delivery,North Eastern,Bishnupur,Manipur,North Eastern,Nil,Manipur,India,795124
Sadukhoiroi,,Branch Post Office,Delivery,North Eastern,Bishnupur,Manipur,North Eastern,Nil,Manipur,India,795124
Tokpalamdan,,Branch Post Office,Delivery,North Eastern,Bishnupur,Manipur,North Eastern,Nil,Manipur,India,795124
Atang Khunou,,Branch Post Office,Delivery,North Eastern,Tamenglong,Manipur,North Eastern,Nil,Manipur,India,795125
Chaiton,,Branch Post Office,Delivery,North Eastern,Tamenglong,Manipur,North Eastern,Nil,Manipur,India,795125
Dullen (T/C/D),,Branch Post Office,Delivery,North Eastern,Tamenglong,Manipur,North Eastern,Nil,Manipur,India,795125
Illong,,Branch Post Office,Delivery,North Eastern,Tamenglong,Manipur,North Eastern,Nil,Manipur,India,795125
Jampii (T/C/D),,Branch Post Office,Delivery,North Eastern,Tamenglong,Manipur,North Eastern,Nil,Manipur,India,795125
Kadi,,Branch Post Office,Delivery,North Eastern,Tamenglong,Manipur,North Eastern,Nil,Manipur,India,795125
Kasanlong,,Branch Post Office,Delivery,North Eastern,Tamenglong,Manipur,North Eastern,Nil,Manipur,India,795125
Khumphung,,Branch Post Office,Delivery,North Eastern,Tamenglong,Manipur,North Eastern,Nil,Manipur,India,795125
Kuilong,,Branch Post Office,Delivery,North Eastern,Tamenglong,Manipur,North Eastern,Nil,Manipur,India,795125
Lemta,,Branch Post Office,Delivery,North Eastern,Tamenglong,Manipur,North Eastern,Nil,Manipur,India,795125
Lenglong,,Branch Post Office,Delivery,North Eastern,Tamenglong,Manipur,North Eastern,Nil,Manipur,India,795125
Magulong,,Branch Post Office,Delivery,North Eastern,Tamenglong,Manipur,North Eastern,Nil,Manipur,India,795125
New Lambala,,Branch Post Office,Delivery,North Eastern,Tamenglong,Manipur,North Eastern,Nil,Manipur,India,795125
Takou,,Branch Post Office,Delivery,North Eastern,Tamenglong,Manipur,North Eastern,Nil,Manipur,India,795125
Tamei,,Sub Post Office,Delivery,North Eastern,Senapati,Manipur,North Eastern,Nil,Manipur,India,795125
Upper Selsi (T/c/d),,Branch Post Office,Delivery,North Eastern,Tamenglong,Manipur,North Eastern,Nil,Manipur,India,795125
Bishnupur (Bishnupur),,Sub Post Office,Delivery,North Eastern,Bishnupur,Manipur,North Eastern,Nil,Manipur,India,795126
Dolang,,Branch Post Office,Delivery,North Eastern,Bishnupur,Manipur,North Eastern,Nil,Manipur,India,795126
Dolang Khunou,,Branch Post Office,Delivery,North Eastern,Bishnupur,Manipur,North Eastern,Nil,Manipur,India,795126
Haotak Khullen,,Branch Post Office,Delivery,North Eastern,Bishnupur,Manipur,North Eastern,Nil,Manipur,India,795126
Khoijuman,,Branch Post Office,Delivery,North Eastern,Bishnupur,Manipur,North Eastern,Nil,Manipur,India,795126
Khongbung,,Branch Post Office,Delivery,North Eastern,Bishnupur,Manipur,North Eastern,Nil,Manipur,India,795126
Khunpi Naosem,,Branch Post Office,Delivery,North Eastern,Bishnupur,Manipur,North Eastern,Nil,Manipur,India,795126
Lamdangmei,,Branch Post Office,Delivery,North Eastern,Bishnupur,Manipur,North Eastern,Nil,Manipur,India,795126
Ngaikhong Khullen,,Branch Post Office,Delivery,North Eastern,Bishnupur,Manipur,North Eastern,Nil,Manipur,India,795126
Ngarian,,Branch Post Office,Delivery,North Eastern,Bishnupur,Manipur,North Eastern,Nil,Manipur,India,795126
Ningthoukhong,,Branch Post Office,Delivery,North Eastern,Bishnupur,Manipur,North Eastern,Nil,Manipur,India,795126
Nungsai Chiru,,Branch Post Office,Delivery,North Eastern,Bishnupur,Manipur,North Eastern,Nil,Manipur,India,795126
Phubala,,Branch Post Office,Delivery,North Eastern,Bishnupur,Manipur,North Eastern,Nil,Manipur,India,795126
Potsangbam,,Branch Post Office,Delivery,North Eastern,Bishnupur,Manipur,North Eastern,Nil,Manipur,India,795126
Thangal,,Branch Post Office,Delivery,North Eastern,Bishnupur,Manipur,North Eastern,Nil,Manipur,India,795126
Thinungei,,Branch Post Office,Delivery,North Eastern,Bishnupur,Manipur,North Eastern,Nil,Manipur,India,795126
Toubul,,Branch Post Office,Delivery,North Eastern,Bishnupur,Manipur,North Eastern,Nil,Manipur,India,795126
Zouzangtek,,Branch Post Office,Delivery,North Eastern,Bishnupur,Manipur,North Eastern,Nil,Manipur,India,795126
Chandel,,Sub Post Office,Delivery,North Eastern,Chandel,Manipur,North Eastern,Nil,Manipur,India,795127
Duthang,,Branch Post Office,Delivery,North Eastern,Chandel,Manipur,North Eastern,Nil,Manipur,India,795127
Larong,,Branch Post Office,Delivery,North Eastern,Chandel,Manipur,North Eastern,Nil,Manipur,India,795127
Liwasari,,Branch Post Office,Delivery,North Eastern,Chandel,Manipur,North Eastern,Nil,Manipur,India,795127
Mittong,,Branch Post Office,Delivery,North Eastern,Chandel,Manipur,North Eastern,Nil,Manipur,India,795127
Aina,,Branch Post Office,Delivery,North Eastern,Churachandpur,Manipur,North Eastern,Nil,Manipur,India,795128
Bungmual,,Branch Post Office,Delivery,North Eastern,Churachandpur,Manipur,North Eastern,Nil,Manipur,India,795128
Chehjang,,Branch Post Office,Delivery,North Eastern,Churachandpur,Manipur,North Eastern,Nil,Manipur,India,795128
Chingkonpang,,Sub Post Office,Non-Delivery,North Eastern,Churachandpur,Manipur,North Eastern,Nil,Manipur,India,795128
Chothemunpi,,Branch Post Office,Delivery,North Eastern,Churachandpur,Manipur,North Eastern,Nil,Manipur,India,795128
Churachandpur,,Sub Post Office,Delivery,North Eastern,Churachandpur,Manipur,North Eastern,Nil,Manipur,India,795128
Geljaing,,Branch Post Office,Delivery,North Eastern,Churachandpur,Manipur,North Eastern,Nil,Manipur,India,795128
Hamkeilon,,Branch Post Office,Delivery,North Eastern,Churachandpur,Manipur,North Eastern,Nil,Manipur,India,795128
Henglep,,Branch Post Office,Delivery,North Eastern,Churachandpur,Manipur,North Eastern,Nil,Manipur,India,795128
Kangvai Bazar,,Branch Post Office,Delivery,North Eastern,Churachandpur,Manipur,North Eastern,Nil,Manipur,India,795128
Khanpi,,Branch Post Office,Delivery,North Eastern,Churachandpur,Manipur,North Eastern,Nil,Manipur,India,795128
Kolhen,,Branch Post Office,Delivery,North Eastern,Churachandpur,Manipur,North Eastern,Nil,Manipur,India,795128
Kumbipukhri,,Branch Post Office,Delivery,North Eastern,Churachandpur,Manipur,North Eastern,Nil,Manipur,India,795128
Kwanpui,,Branch Post Office,Delivery,North Eastern,Churachandpur,Manipur,North Eastern,Nil,Manipur,India,795128
Lailong,,Branch Post Office,Delivery,North Eastern,Churachandpur,Manipur,North Eastern,Nil,Manipur,India,795128
Lingshiphai,,Branch Post Office,Delivery,North Eastern,Churachandpur,Manipur,North Eastern,Nil,Manipur,India,795128
Lungsai,,Branch Post Office,Delivery,North Eastern,Churachandpur,Manipur,North Eastern,Nil,Manipur,India,795128
Lungshung,,Branch Post Office,Delivery,North Eastern,Churachandpur,Manipur,North Eastern,Nil,Manipur,India,795128
Mission Compound,,Branch Post Office,Delivery,North Eastern,Churachandpur,Manipur,North Eastern,Nil,Manipur,India,795128
Mualkoi,,Branch Post Office,Delivery,North Eastern,Churachandpur,Manipur,North Eastern,Nil,Manipur,India,795128
Munpi,,Branch Post Office,Delivery,North Eastern,Churachandpur,Manipur,North Eastern,Nil,Manipur,India,795128
Panglian,,Branch Post Office,Delivery,North Eastern,Churachandpur,Manipur,North Eastern,Nil,Manipur,India,795128
Pearsonmun,,Branch Post Office,Delivery,North Eastern,Churachandpur,Manipur,North Eastern,Nil,Manipur,India,795128
Phaipheng,,Branch Post Office,Delivery,North Eastern,Churachandpur,Manipur,North Eastern,Nil,Manipur,India,795128
Saiden,,Branch Post Office,Delivery,North Eastern,Churachandpur,Manipur,North Eastern,Nil,Manipur,India,795128
Saikhul Village,,Branch Post Office,Delivery,North Eastern,Churachandpur,Manipur,North Eastern,Nil,Manipur,India,795128
Sangphou,,Branch Post Office,Delivery,North Eastern,Churachandpur,Manipur,North Eastern,Nil,Manipur,India,795128
Santing,,Branch Post Office,Delivery,North Eastern,Churachandpur,Manipur,North Eastern,Nil,Manipur,India,795128
Sielmet,,Branch Post Office,Delivery,North Eastern,Churachandpur,Manipur,North Eastern,Nil,Manipur,India,795128
South Kotlein,,Branch Post Office,Delivery,North Eastern,Churachandpur,Manipur,North Eastern,Nil,Manipur,India,795128
Takvam,,Branch Post Office,Delivery,North Eastern,Churachandpur,Manipur,North Eastern,Nil,Manipur,India,795128
Teiyong,,Branch Post Office,Delivery,North Eastern,Churachandpur,Manipur,North Eastern,Nil,Manipur,India,795128
Thangshi,,Branch Post Office,Delivery,North Eastern,Churachandpur,Manipur,North Eastern,Nil,Manipur,India,795128
Thinkew,,Branch Post Office,Delivery,North Eastern,Churachandpur,Manipur,North Eastern,Nil,Manipur,India,795128
Tollen,,Branch Post Office,Delivery,North Eastern,Churachandpur,Manipur,North Eastern,Nil,Manipur,India,795128
Tolphei,,Branch Post Office,Delivery,North Eastern,Churachandpur,Manipur,North Eastern,Nil,Manipur,India,795128
Tuinom,,Branch Post Office,Delivery,North Eastern,Churachandpur,Manipur,North Eastern,Nil,Manipur,India,795128
Tulaphei,,Branch Post Office,Delivery,North Eastern,Churachandpur,Manipur,North Eastern,Nil,Manipur,India,795128
Ukha,,Branch Post Office,Delivery,North Eastern,Churachandpur,Manipur,North Eastern,Nil,Manipur,India,795128
Hengbung,,Branch Post Office,Delivery,North Eastern,Senapati,Manipur,North Eastern,Nil,Manipur,India,795129
Kangpokpi,,Sub Post Office,Delivery,North Eastern,Senapati,Manipur,North Eastern,Nil,Manipur,India,795129
Kangpokpi Mission,,Branch Post Office,Delivery,North Eastern,Senapati,Manipur,North Eastern,Nil,Manipur,India,795129
Maohiing,,Branch Post Office,Delivery,North Eastern,Senapati,Manipur,North Eastern,Nil,Manipur,India,795129
Maohing,,Branch Post Office,Delivery,North Eastern,Senapati,Manipur,North Eastern,Nil,Manipur,India,795129
Taphou,,Branch Post Office,Delivery,North Eastern,Senapati,Manipur,North Eastern,Nil,Manipur,India,795129
Thonglang,,Branch Post Office,Delivery,North Eastern,Senapati,Manipur,North Eastern,Nil,Manipur,India,795129
Toribari,,Branch Post Office,Delivery,North Eastern,Senapati,Manipur,North Eastern,Nil,Manipur,India,795129
Arapyi,,Branch Post Office,Delivery,North Eastern,Thoubal,Manipur,North Eastern,Nil,Manipur,India,795130
Chajing Pt II,,Branch Post Office,Delivery,North Eastern,Thoubal,Manipur,North Eastern,Nil,Manipur,India,795130
Haoreibi Mayai Leikai,,Branch Post Office,Delivery,North Eastern,Thoubal,Manipur,North Eastern,Nil,Manipur,India,795130
Heinoumakhong,,Branch Post Office,Delivery,North Eastern,Thoubal,Manipur,North Eastern,Nil,Manipur,India,795130
Lairabokhong,,Branch Post Office,Delivery,North Eastern,Thoubal,Manipur,North Eastern,Nil,Manipur,India,795130
Lilong,,Sub Post Office,Delivery,North Eastern,Thoubal,Manipur,North Eastern,Nil,Manipur,India,795130
Nungei,,Branch Post Office,Delivery,North Eastern,Thoubal,Manipur,North Eastern,Nil,Manipur,India,795130
Phunalmaring,,Branch Post Office,Delivery,North Eastern,Thoubal,Manipur,North Eastern,Nil,Manipur,India,795130
Thiyamkonjil,,Branch Post Office,Delivery,North Eastern,Thoubal,Manipur,North Eastern,Nil,Manipur,India,795130
Turelahnabi,,Branch Post Office,Delivery,North Eastern,Thoubal,Manipur,North Eastern,Nil,Manipur,India,795130
Urup,,Branch Post Office,Delivery,North Eastern,Thoubal,Manipur,North Eastern,Nil,Manipur,India,795130
Bongajang,,Branch Post Office,Delivery,North Eastern,Chandel,Manipur,North Eastern,Nil,Manipur,India,795131
Bongjoi,,Branch Post Office,Delivery,North Eastern,Chandel,Manipur,North Eastern,Nil,Manipur,India,795131
Chenpal,,Branch Post Office,Delivery,North Eastern,Chandel,Manipur,North Eastern,Nil,Manipur,India,795131
Gamphajal,,Branch Post Office,Delivery,North Eastern,Chandel,Manipur,North Eastern,Nil,Manipur,India,795131
Khudengthabi,,Branch Post Office,Delivery,North Eastern,Chandel,Manipur,North Eastern,Nil,Manipur,India,795131
Maojam,,Branch Post Office,Delivery,North Eastern,Chandel,Manipur,North Eastern,Nil,Manipur,India,795131
Molchamedbo,,Branch Post Office,Delivery,North Eastern,Chandel,Manipur,North Eastern,Nil,Manipur,India,795131
Moreh,,Sub Post Office,Delivery,North Eastern,Chandel,Manipur,North Eastern,Nil,Manipur,India,795131
New Somtal,,Branch Post Office,Delivery,North Eastern,Chandel,Manipur,North Eastern,Nil,Manipur,India,795131
T- Bongmun,,Branch Post Office,Delivery,North Eastern,Chandel,Manipur,North Eastern,Nil,Manipur,India,795131
T-minou,,Branch Post Office,Delivery,North Eastern,Chandel,Manipur,North Eastern,Nil,Manipur,India,795131
Tengnoupal,,Branch Post Office,Delivery,North Eastern,Chandel,Manipur,North Eastern,Nil,Manipur,India,795131
Yangoulen,,Branch Post Office,Delivery,North Eastern,Chandel,Manipur,North Eastern,Nil,Manipur,India,795131
Arong,,Branch Post Office,Delivery,North Eastern,Imphal West,Manipur,North Eastern,Nil,Manipur,India,795132
Bengoon Maning Leikai,,Branch Post Office,Delivery,North Eastern,Imphal West,Manipur,North Eastern,Nil,Manipur,India,795132
Chabung Company,,Branch Post Office,Delivery,North Eastern,Imphal West,Manipur,North Eastern,Nil,Manipur,India,795132
Chirai Muslim,,Branch Post Office,Delivery,North Eastern,Imphal West,Manipur,North Eastern,Nil,Manipur,India,795132
Heibong Makhong,,Branch Post Office,Delivery,North Eastern,Imphal West,Manipur,North Eastern,Nil,Manipur,India,795132
Irong Chessabal,,Branch Post Office,Delivery,North Eastern,Imphal West,Manipur,North Eastern,Nil,Manipur,India,795132
Irong Umang Khunou,,Branch Post Office,Delivery,North Eastern,Imphal West,Manipur,North Eastern,Nil,Manipur,India,795132
Khelakhong,,Branch Post Office,Delivery,North Eastern,Imphal West,Manipur,North Eastern,Nil,Manipur,India,795132
Komlakhong,,Branch Post Office,Delivery,North Eastern,Imphal West,Manipur,North Eastern,Nil,Manipur,India,795132
Laphupat,,Branch Post Office,Delivery,North Eastern,Imphal West,Manipur,North Eastern,Nil,Manipur,India,795132
Loukok Mayai Leikai,,Branch Post Office,Delivery,North Eastern,Imphal West,Manipur,North Eastern,Nil,Manipur,India,795132
Maibam Konjil,,Branch Post Office,Delivery,North Eastern,Imphal West,Manipur,North Eastern,Nil,Manipur,India,795132
Mayang Impahl Bengoon,,Branch Post Office,Delivery,North Eastern,Imphal West,Manipur,North Eastern,Nil,Manipur,India,795132
Mayang Imphal,,Sub Post Office,Delivery,North Eastern,Thoubal,Manipur,North Eastern,Nil,Manipur,India,795132
Mutum Phibou,,Branch Post Office,Delivery,North Eastern,Imphal West,Manipur,North Eastern,Nil,Manipur,India,795132
Phoubakchao,,Branch Post Office,Delivery,North Eastern,Imphal West,Manipur,North Eastern,Nil,Manipur,India,795132
Santhel,,Branch Post Office,Delivery,North Eastern,Imphal West,Manipur,North Eastern,Nil,Manipur,India,795132
Sekmaijin,,Branch Post Office,Delivery,North Eastern,Imphal West,Manipur,North Eastern,Nil,Manipur,India,795132
Sekmaijin  Khunou Konuma,,Branch Post Office,Delivery,North Eastern,Imphal West,Manipur,North Eastern,Nil,Manipur,India,795132
Sekmaijin Khunou Litan Makhong,,Branch Post Office,Delivery,North Eastern,Imphal West,Manipur,North Eastern,Nil,Manipur,India,795132
Tera Khoidum Mayai Leikai,,Branch Post Office,Delivery,North Eastern,Imphal West,Manipur,North Eastern,Nil,Manipur,India,795132
Uchiwa,,Branch Post Office,Delivery,North Eastern,Imphal West,Manipur,North Eastern,Nil,Manipur,India,795132
Uchiwa Wangban,,Branch Post Office,Delivery,North Eastern,Imphal West,Manipur,North Eastern,Nil,Manipur,India,795132
Boroyangbi,,Branch Post Office,Delivery,North Eastern,Bishnupur,Manipur,North Eastern,Nil,Manipur,India,795133
Bunglon,,Branch Post Office,Delivery,North Eastern,Bishnupur,Manipur,North Eastern,Nil,Manipur,India,795133
Dopkon,,Branch Post Office,Delivery,North Eastern,Bishnupur,Manipur,North Eastern,Nil,Manipur,India,795133
Ethai Bazar,,Branch Post Office,Delivery,North Eastern,Bishnupur,Manipur,North Eastern,Nil,Manipur,India,795133
Gelmol,,Branch Post Office,Delivery,North Eastern,Bishnupur,Manipur,North Eastern,Nil,Manipur,India,795133
Haotakphailen,,Branch Post Office,Delivery,North Eastern,Bishnupur,Manipur,North Eastern,Nil,Manipur,India,795133
Kangathei,,Branch Post Office,Delivery,North Eastern,Bishnupur,Manipur,North Eastern,Nil,Manipur,India,795133
Khathinunggei,,Branch Post Office,Delivery,North Eastern,Bishnupur,Manipur,North Eastern,Nil,Manipur,India,795133
Khoirentak,,Branch Post Office,Delivery,North Eastern,Bishnupur,Manipur,North Eastern,Nil,Manipur,India,795133
Khordak Ichin,,Branch Post Office,Delivery,North Eastern,Bishnupur,Manipur,North Eastern,Nil,Manipur,India,795133
Khousabung,,Branch Post Office,Delivery,North Eastern,Bishnupur,Manipur,North Eastern,Nil,Manipur,India,795133
Kumbi (P),,Branch Post Office,Delivery,North Eastern,Bishnupur,Manipur,North Eastern,Nil,Manipur,India,795133
Kwakta,,Branch Post Office,Delivery,North Eastern,Bishnupur,Manipur,North Eastern,Nil,Manipur,India,795133
Moirang,,Sub Post Office,Delivery,North Eastern,Bishnupur,Manipur,North Eastern,Nil,Manipur,India,795133
Molphei Tampak,,Branch Post Office,Delivery,North Eastern,Bishnupur,Manipur,North Eastern,Nil,Manipur,India,795133
Nabil (P),,Branch Post Office,Delivery,North Eastern,Bishnupur,Manipur,North Eastern,Nil,Manipur,India,795133
Naransena,,Branch Post Office,Delivery,North Eastern,Bishnupur,Manipur,North Eastern,Nil,Manipur,India,795133
Ngangkha Lawi,,Branch Post Office,Delivery,North Eastern,Bishnupur,Manipur,North Eastern,Nil,Manipur,India,795133
Nungthangtampak,,Branch Post Office,Delivery,North Eastern,Bishnupur,Manipur,North Eastern,Nil,Manipur,India,795133
Phousabung,,Branch Post Office,Delivery,North Eastern,Bishnupur,Manipur,North Eastern,Nil,Manipur,India,795133
Sagang,,Branch Post Office,Delivery,North Eastern,Bishnupur,Manipur,North Eastern,Nil,Manipur,India,795133
Saiton,,Branch Post Office,Delivery,North Eastern,Bishnupur,Manipur,North Eastern,Nil,Manipur,India,795133
Terakhongshangbi,,Branch Post Office,Delivery,North Eastern,Bishnupur,Manipur,North Eastern,Nil,Manipur,India,795133
Thanga Karang,,Branch Post Office,Delivery,North Eastern,Bishnupur,Manipur,North Eastern,Nil,Manipur,India,795133
Thanga(P),,Branch Post Office,Delivery,North Eastern,Bishnupur,Manipur,North Eastern,Nil,Manipur,India,795133
Thumkhonglok,,Branch Post Office,Delivery,North Eastern,Bishnupur,Manipur,North Eastern,Nil,Manipur,India,795133
Torbung,,Branch Post Office,Delivery,North Eastern,Bishnupur,Manipur,North Eastern,Nil,Manipur,India,795133
Tronglaobi,,Branch Post Office,Delivery,North Eastern,Bishnupur,Manipur,North Eastern,Nil,Manipur,India,795133
Tuisangthei,,Branch Post Office,Delivery,North Eastern,Bishnupur,Manipur,North Eastern,Nil,Manipur,India,795133
Wangoo,,Branch Post Office,Delivery,North Eastern,Bishnupur,Manipur,North Eastern,Nil,Manipur,India,795133
Wangoo Tera,,Branch Post Office,Delivery,North Eastern,Bishnupur,Manipur,North Eastern,Nil,Manipur,India,795133
Awangjiri,,Branch Post Office,Delivery,North Eastern,Bishnupur,Manipur,North Eastern,Nil,Manipur,India,795134
Bungte Chiru,,Branch Post Office,Delivery,North Eastern,Bishnupur,Manipur,North Eastern,Nil,Manipur,India,795134
Heikrujam,,Branch Post Office,Delivery,North Eastern,Bishnupur,Manipur,North Eastern,Nil,Manipur,India,795134
Irengbam,,Branch Post Office,Delivery,North Eastern,Bishnupur,Manipur,North Eastern,Nil,Manipur,India,795134
Isok,,Branch Post Office,Delivery,North Eastern,Bishnupur,Manipur,North Eastern,Nil,Manipur,India,795134
Kabowakching,,Branch Post Office,Delivery,North Eastern,Bishnupur,Manipur,North Eastern,Nil,Manipur,India,795134
Kamong,,Branch Post Office,Delivery,North Eastern,Bishnupur,Manipur,North Eastern,Nil,Manipur,India,795134
Keinou,,Branch Post Office,Delivery,North Eastern,Bishnupur,Manipur,North Eastern,Nil,Manipur,India,795134
Khabi,,Branch Post Office,Delivery,North Eastern,Bishnupur,Manipur,North Eastern,Nil,Manipur,India,795134
Langpok,,Branch Post Office,Delivery,North Eastern,Bishnupur,Manipur,North Eastern,Nil,Manipur,India,795134
Leimapokpam,,Branch Post Office,Delivery,North Eastern,Bishnupur,Manipur,North Eastern,Nil,Manipur,India,795134
Leimram,,Branch Post Office,Delivery,North Eastern,Bishnupur,Manipur,North Eastern,Nil,Manipur,India,795134
Maibam,,Branch Post Office,Delivery,North Eastern,Bishnupur,Manipur,North Eastern,Nil,Manipur,India,795134
Manamayang,,Branch Post Office,Delivery,North Eastern,Bishnupur,Manipur,North Eastern,Nil,Manipur,India,795134
Nambol,,Sub Post Office,Delivery,North Eastern,Bishnupur,Manipur,North Eastern,Nil,Manipur,India,795134
Naorem,,Branch Post Office,Delivery,North Eastern,Bishnupur,Manipur,North Eastern,Nil,Manipur,India,795134
Oinam,,Branch Post Office,Delivery,North Eastern,Bishnupur,Manipur,North Eastern,Nil,Manipur,India,795134
Pukhrambam,,Branch Post Office,Delivery,North Eastern,Bishnupur,Manipur,North Eastern,Nil,Manipur,India,795134
Tharoi Bomdiar,,Branch Post Office,Delivery,North Eastern,Bishnupur,Manipur,North Eastern,Nil,Manipur,India,795134
Thinkai Khullen,,Branch Post Office,Delivery,North Eastern,Bishnupur,Manipur,North Eastern,Nil,Manipur,India,795134
Utlou,,Branch Post Office,Delivery,North Eastern,Bishnupur,Manipur,North Eastern,Nil,Manipur,India,795134
Aimol Kodamphai,,Branch Post Office,Delivery,North Eastern,Thoubal,Manipur,North Eastern,Nil,Manipur,India,795135
Angbrashu,,Branch Post Office,Delivery,North Eastern,Thoubal,Manipur,North Eastern,Nil,Manipur,India,795135
Bongli,,Branch Post Office,Delivery,North Eastern,Thoubal,Manipur,North Eastern,Nil,Manipur,India,795135
Chaton,,Branch Post Office,Delivery,North Eastern,Thoubal,Manipur,North Eastern,Nil,Manipur,India,795135
Chelhep,,Branch Post Office,Delivery,North Eastern,Thoubal,Manipur,North Eastern,Nil,Manipur,India,795135
Kambang Khunou,,Branch Post Office,Delivery,North Eastern,Thoubal,Manipur,North Eastern,Nil,Manipur,India,795135
Khangbaram,,Branch Post Office,Delivery,North Eastern,Thoubal,Manipur,North Eastern,Nil,Manipur,India,795135
Kharou Khullen,,Branch Post Office,Delivery,North Eastern,Thoubal,Manipur,North Eastern,Nil,Manipur,India,795135
Khoibu,,Branch Post Office,Delivery,North Eastern,Thoubal,Manipur,North Eastern,Nil,Manipur,India,795135
Khousat (T/C/D),,Branch Post Office,Delivery,North Eastern,Thoubal,Manipur,North Eastern,Nil,Manipur,India,795135
Khudei Khunou,,Branch Post Office,Delivery,North Eastern,Thoubal,Manipur,North Eastern,Nil,Manipur,India,795135
Khunbi,,Branch Post Office,Delivery,North Eastern,Thoubal,Manipur,North Eastern,Nil,Manipur,India,795135
Laiching Khongsang,,Branch Post Office,Delivery,North Eastern,Thoubal,Manipur,North Eastern,Nil,Manipur,India,795135
Lamkang Khunou,,Branch Post Office,Delivery,North Eastern,Thoubal,Manipur,North Eastern,Nil,Manipur,India,795135
Lamlong Khullen,,Branch Post Office,Delivery,North Eastern,Thoubal,Manipur,North Eastern,Nil,Manipur,India,795135
Lamlong Khunou,,Branch Post Office,Delivery,North Eastern,Thoubal,Manipur,North Eastern,Nil,Manipur,India,795135
Leibi,,Branch Post Office,Delivery,North Eastern,Thoubal,Manipur,North Eastern,Nil,Manipur,India,795135
Liwachangning,,Branch Post Office,Delivery,North Eastern,Thoubal,Manipur,North Eastern,Nil,Manipur,India,795135
Machi,,Branch Post Office,Delivery,North Eastern,Thoubal,Manipur,North Eastern,Nil,Manipur,India,795135
Minou Khunjao,,Branch Post Office,Delivery,North Eastern,Thoubal,Manipur,North Eastern,Nil,Manipur,India,795135
Molhang,,Branch Post Office,Delivery,North Eastern,Thoubal,Manipur,North Eastern,Nil,Manipur,India,795135
Moltek,,Branch Post Office,Delivery,North Eastern,Thoubal,Manipur,North Eastern,Nil,Manipur,India,795135
Narum,,Branch Post Office,Delivery,North Eastern,Thoubal,Manipur,North Eastern,Nil,Manipur,India,795135
Pallel,,Sub Post Office,Delivery,North Eastern,Chandel,Manipur,North Eastern,Nil,Manipur,India,795135
Saibhom,,Branch Post Office,Delivery,North Eastern,Thoubal,Manipur,North Eastern,Nil,Manipur,India,795135
Sita,,Branch Post Office,Delivery,North Eastern,Thoubal,Manipur,North Eastern,Nil,Manipur,India,795135
Songjang,,Branch Post Office,Delivery,North Eastern,Thoubal,Manipur,North Eastern,Nil,Manipur,India,795135
Thamnapokpi,,Branch Post Office,Delivery,North Eastern,Thoubal,Manipur,North Eastern,Nil,Manipur,India,795135
Awang Leikinthabi,,Branch Post Office,Delivery,North Eastern,Imphal West,Manipur,North Eastern,Nil,Manipur,India,795136
Ch. Khongnangpokpi,,Branch Post Office,Delivery,North Eastern,Imphal West,Manipur,North Eastern,Nil,Manipur,India,795136
Kanglatongbi,,Branch Post Office,Delivery,North Eastern,Imphal West,Manipur,North Eastern,Nil,Manipur,India,795136
Luwangsangol,,Branch Post Office,Delivery,North Eastern,Imphal West,Manipur,North Eastern,Nil,Manipur,India,795136
Makhan,,Branch Post Office,Delivery,North Eastern,Imphal West,Manipur,North Eastern,Nil,Manipur,India,795136
Potsangbam Khoirou,,Branch Post Office,Delivery,North Eastern,Imphal West,Manipur,North Eastern,Nil,Manipur,India,795136
Sekmai,,Sub Post Office,Delivery,North Eastern,Imphal East,Manipur,North Eastern,Nil,Manipur,India,795136
Athokpam,,Branch Post Office,Delivery,North Eastern,Thoubal,Manipur,North Eastern,Nil,Manipur,India,795138
Athokpam Khunou,,Branch Post Office,Delivery,North Eastern,Thoubal,Manipur,North Eastern,Nil,Manipur,India,795138
Charangpat,,Branch Post Office,Delivery,North Eastern,Thoubal,Manipur,North Eastern,Nil,Manipur,India,795138
Haokha,,Branch Post Office,Delivery,North Eastern,Thoubal,Manipur,North Eastern,Nil,Manipur,India,795138
Irong Thokchom (T/C/D),,Branch Post Office,Delivery,North Eastern,Thoubal,Manipur,North Eastern,Nil,Manipur,India,795138
Keibung Mamang,,Branch Post Office,Delivery,North Eastern,Thoubal,Manipur,North Eastern,Nil,Manipur,India,795138
Khangabok,,Branch Post Office,Delivery,North Eastern,Thoubal,Manipur,North Eastern,Nil,Manipur,India,795138
Khekmanedbo,,Branch Post Office,Delivery,North Eastern,Thoubal,Manipur,North Eastern,Nil,Manipur,India,795138
Kiyam Shiphai,,Branch Post Office,Delivery,North Eastern,Thoubal,Manipur,North Eastern,Nil,Manipur,India,795138
Kshetri Leikai,,Branch Post Office,Delivery,North Eastern,Thoubal,Manipur,North Eastern,Nil,Manipur,India,795138
Lembakhul,,Branch Post Office,Delivery,North Eastern,Thoubal,Manipur,North Eastern,Nil,Manipur,India,795138
Moijing,,Branch Post Office,Delivery,North Eastern,Thoubal,Manipur,North Eastern,Nil,Manipur,India,795138
Okram Wangmataba,,Branch Post Office,Delivery,North Eastern,Thoubal,Manipur,North Eastern,Nil,Manipur,India,795138
Phoudel,,Branch Post Office,Delivery,North Eastern,Thoubal,Manipur,North Eastern,Nil,Manipur,India,795138
Poirou Khongjil,,Branch Post Office,Delivery,North Eastern,Thoubal,Manipur,North Eastern,Nil,Manipur,India,795138
Sabaltongba,,Branch Post Office,Delivery,North Eastern,Thoubal,Manipur,North Eastern,Nil,Manipur,India,795138
Thoubal,,Sub Post Office,Delivery,North Eastern,Thoubal,Manipur,North Eastern,Nil,Manipur,India,795138
Thoubal Block (T/C/D),,Branch Post Office,Delivery,North Eastern,Thoubal,Manipur,North Eastern,Nil,Manipur,India,795138
Thoubal Khunou,,Branch Post Office,Delivery,North Eastern,Thoubal,Manipur,North Eastern,Nil,Manipur,India,795138
Thoubal Leisangthem,,Branch Post Office,Delivery,North Eastern,Thoubal,Manipur,North Eastern,Nil,Manipur,India,795138
Thoubal Ningombam,,Branch Post Office,Delivery,North Eastern,Thoubal,Manipur,North Eastern,Nil,Manipur,India,795138
Wangbal,,Branch Post Office,Delivery,North Eastern,Thoubal,Manipur,North Eastern,Nil,Manipur,India,795138
Behiang,,Branch Post Office,Delivery,North Eastern,Churachandpur,Manipur,North Eastern,Nil,Manipur,India,795139
Hengtam,,Branch Post Office,Delivery,North Eastern,Churachandpur,Manipur,North Eastern,Nil,Manipur,India,795139
Kangkap,,Branch Post Office,Delivery,North Eastern,Churachandpur,Manipur,North Eastern,Nil,Manipur,India,795139
Lama Camp,,Branch Post Office,Delivery,North Eastern,Churachandpur,Manipur,North Eastern,Nil,Manipur,India,795139
Lungchin,,Branch Post Office,Delivery,North Eastern,Churachandpur,Manipur,North Eastern,Nil,Manipur,India,795139
Lungthul,,Branch Post Office,Delivery,North Eastern,Churachandpur,Manipur,North Eastern,Nil,Manipur,India,795139
Mualmun,,Branch Post Office,Delivery,North Eastern,Churachandpur,Manipur,North Eastern,Nil,Manipur,India,795139
Siabu,,Branch Post Office,Delivery,North Eastern,Churachandpur,Manipur,North Eastern,Nil,Manipur,India,795139
Singhat,,Sub Post Office,Delivery,North Eastern,Churachandpur,Manipur,North Eastern,Nil,Manipur,India,795139
Songdoh,,Branch Post Office,Delivery,North Eastern,Churachandpur,Manipur,North Eastern,Nil,Manipur,India,795139
Songtal,,Branch Post Office,Delivery,North Eastern,Churachandpur,Manipur,North Eastern,Nil,Manipur,India,795139
Vokbual,,Branch Post Office,Delivery,North Eastern,Churachandpur,Manipur,North Eastern,Nil,Manipur,India,795139
Laiphrakom,,Branch Post Office,Delivery,North Eastern,Imphal West,Manipur,North Eastern,Nil,Manipur,India,795140
Sangaiprou,,Branch Post Office,Delivery,North Eastern,Imphal West,Manipur,North Eastern,Nil,Manipur,India,795140
Tulihal,,Sub Post Office,Delivery,North Eastern,Imphal East,Manipur,North Eastern,Nil,Manipur,India,795140
Yarrow Meitram,,Branch Post Office,Delivery,North Eastern,Imphal West,Manipur,North Eastern,Nil,Manipur,India,795140
Akhui,,Branch Post Office,Delivery,North Eastern,Tamenglong,Manipur,North Eastern,Nil,Manipur,India,795141
Atengba,,Branch Post Office,Delivery,North Eastern,Tamenglong,Manipur,North Eastern,Nil,Manipur,India,795141
Bhalok,,Branch Post Office,Delivery,North Eastern,Tamenglong,Manipur,North Eastern,Nil,Manipur,India,795141
Bongoijang,,Branch Post Office,Delivery,North Eastern,Tamenglong,Manipur,North Eastern,Nil,Manipur,India,795141
Dailong,,Branch Post Office,Delivery,North Eastern,Tamenglong,Manipur,North Eastern,Nil,Manipur,India,795141
Kahulong,,Branch Post Office,Delivery,North Eastern,Tamenglong,Manipur,North Eastern,Nil,Manipur,India,795141
Keikao,,Branch Post Office,Delivery,North Eastern,Tamenglong,Manipur,North Eastern,Nil,Manipur,India,795141
Khongjaron,,Branch Post Office,Delivery,North Eastern,Tamenglong,Manipur,North Eastern,Nil,Manipur,India,795141
Khongjaron Khunthak,,Branch Post Office,Delivery,North Eastern,Tamenglong,Manipur,North Eastern,Nil,Manipur,India,795141
Longpram,,Branch Post Office,Delivery,North Eastern,Tamenglong,Manipur,North Eastern,Nil,Manipur,India,795141
Namtiram,,Branch Post Office,Delivery,North Eastern,Tamenglong,Manipur,North Eastern,Nil,Manipur,India,795141
New Pallong,,Branch Post Office,Delivery,North Eastern,Tamenglong,Manipur,North Eastern,Nil,Manipur,India,795141
Songpram,,Branch Post Office,Delivery,North Eastern,Tamenglong,Manipur,North Eastern,Nil,Manipur,India,795141
Tamenglong,,Sub Post Office,Delivery,North Eastern,Tamenglong,Manipur,North Eastern,Nil,Manipur,India,795141
Tamenglong Khunjao,,Branch Post Office,Delivery,North Eastern,Tamenglong,Manipur,North Eastern,Nil,Manipur,India,795141
Tharon,,Branch Post Office,Delivery,North Eastern,Tamenglong,Manipur,North Eastern,Nil,Manipur,India,795141
Thuilon,,Branch Post Office,Delivery,North Eastern,Tamenglong,Manipur,North Eastern,Nil,Manipur,India,795141
Tousem,,Branch Post Office,Delivery,North Eastern,Tamenglong,Manipur,North Eastern,Nil,Manipur,India,795141
Wairengba,,Branch Post Office,Delivery,North Eastern,Tamenglong,Manipur,North Eastern,Nil,Manipur,India,795141
Chamu,,Branch Post Office,Delivery,North Eastern,Ukhrul,Manipur,North Eastern,Nil,Manipur,India,795142
Chingai (P),,Branch Post Office,Delivery,North Eastern,Ukhrul,Manipur,North Eastern,Nil,Manipur,India,795142
Chingjaroiedbo,,Branch Post Office,Delivery,North Eastern,Ukhrul,Manipur,North Eastern,Nil,Manipur,India,795142
Chither (P),,Branch Post Office,Delivery,North Eastern,Ukhrul,Manipur,North Eastern,Nil,Manipur,India,795142
Huining,,Branch Post Office,Delivery,North Eastern,Ukhrul,Manipur,North Eastern,Nil,Manipur,India,795142
Hundung,,Branch Post Office,Delivery,North Eastern,Ukhrul,Manipur,North Eastern,Nil,Manipur,India,795142
Jessami Edno,,Branch Post Office,Delivery,North Eastern,Ukhrul,Manipur,North Eastern,Nil,Manipur,India,795142
Kagai,,Branch Post Office,Delivery,North Eastern,Ukhrul,Manipur,North Eastern,Nil,Manipur,India,795142
Khamasom,,Branch Post Office,Delivery,North Eastern,Ukhrul,Manipur,North Eastern,Nil,Manipur,India,795142
Kharasom,,Branch Post Office,Delivery,North Eastern,Ukhrul,Manipur,North Eastern,Nil,Manipur,India,795142
Khayang,,Branch Post Office,Delivery,North Eastern,Ukhrul,Manipur,North Eastern,Nil,Manipur,India,795142
Lamlang Gate,,Branch Post Office,Delivery,North Eastern,Ukhrul,Manipur,North Eastern,Nil,Manipur,India,795142
Leisan,,Branch Post Office,Delivery,North Eastern,Ukhrul,Manipur,North Eastern,Nil,Manipur,India,795142
Mapum,,Branch Post Office,Delivery,North Eastern,Ukhrul,Manipur,North Eastern,Nil,Manipur,India,795142
Ngairou,,Branch Post Office,Delivery,North Eastern,Ukhrul,Manipur,North Eastern,Nil,Manipur,India,795142
Nungbi Khunou,,Branch Post Office,Delivery,North Eastern,Ukhrul,Manipur,North Eastern,Nil,Manipur,India,795142
Nungshang,,Branch Post Office,Delivery,North Eastern,Ukhrul,Manipur,North Eastern,Nil,Manipur,India,795142
Paorei,,Branch Post Office,Delivery,North Eastern,Ukhrul,Manipur,North Eastern,Nil,Manipur,India,795142
Paoyii,,Branch Post Office,Delivery,North Eastern,Ukhrul,Manipur,North Eastern,Nil,Manipur,India,795142
Phungcham,,Branch Post Office,Delivery,North Eastern,Ukhrul,Manipur,North Eastern,Nil,Manipur,India,795142
Poii,,Branch Post Office,Delivery,North Eastern,Ukhrul,Manipur,North Eastern,Nil,Manipur,India,795142
Pushing,,Branch Post Office,Delivery,North Eastern,Ukhrul,Manipur,North Eastern,Nil,Manipur,India,795142
Rajai Khunou,,Branch Post Office,Delivery,North Eastern,Ukhrul,Manipur,North Eastern,Nil,Manipur,India,795142
Sirarakhong,,Branch Post Office,Delivery,North Eastern,Ukhrul,Manipur,North Eastern,Nil,Manipur,India,795142
Siroi,,Branch Post Office,Delivery,North Eastern,Ukhrul,Manipur,North Eastern,Nil,Manipur,India,795142
Sorang Phung,,Branch Post Office,Delivery,North Eastern,Ukhrul,Manipur,North Eastern,Nil,Manipur,India,795142
T.C. Ground,,Branch Post Office,Delivery,North Eastern,Ukhrul,Manipur,North Eastern,Nil,Manipur,India,795142
Tolloi,,Branch Post Office,Delivery,North Eastern,Ukhrul,Manipur,North Eastern,Nil,Manipur,India,795142
Tuinem,,Branch Post Office,Delivery,North Eastern,Ukhrul,Manipur,North Eastern,Nil,Manipur,India,795142
Tungou,,Branch Post Office,Delivery,North Eastern,Ukhrul,Manipur,North Eastern,Nil,Manipur,India,795142
Tushem,,Branch Post Office,Delivery,North Eastern,Ukhrul,Manipur,North Eastern,Nil,Manipur,India,795142
Ukhrul,,Sub Post Office,Delivery,North Eastern,Ukhrul,Manipur,North Eastern,Nil,Manipur,India,795142
Aibulon,,Branch Post Office,Delivery,North Eastern,Churachandpur,Manipur,North Eastern,Nil,Manipur,India,795143
Bukpi,,Branch Post Office,Delivery,North Eastern,Churachandpur,Manipur,North Eastern,Nil,Manipur,India,795143
Bungpilon,,Branch Post Office,Delivery,North Eastern,Churachandpur,Manipur,North Eastern,Nil,Manipur,India,795143
Hanship,,Branch Post Office,Delivery,North Eastern,Churachandpur,Manipur,North Eastern,Nil,Manipur,India,795143
Khajang,,Branch Post Office,Delivery,North Eastern,Churachandpur,Manipur,North Eastern,Nil,Manipur,India,795143
Leijangphai,,Branch Post Office,Delivery,North Eastern,Churachandpur,Manipur,North Eastern,Nil,Manipur,India,795143
Leison,,Branch Post Office,Delivery,North Eastern,Churachandpur,Manipur,North Eastern,Nil,Manipur,India,795143
Millongmun,,Branch Post Office,Delivery,North Eastern,Churachandpur,Manipur,North Eastern,Nil,Manipur,India,795143
Parbung,,Branch Post Office,Delivery,North Eastern,Churachandpur,Manipur,North Eastern,Nil,Manipur,India,795143
Phaijang,,Branch Post Office,Delivery,North Eastern,Churachandpur,Manipur,North Eastern,Nil,Manipur,India,795143
Pherazol,,Branch Post Office,Delivery,North Eastern,Churachandpur,Manipur,North Eastern,Nil,Manipur,India,795143
Pmzol,,Branch Post Office,Delivery,North Eastern,Churachandpur,Manipur,North Eastern,Nil,Manipur,India,795143
Sawaiphaih (T/C/D),,Branch Post Office,Delivery,North Eastern,Churachandpur,Manipur,North Eastern,Nil,Manipur,India,795143
Semon,,Branch Post Office,Delivery,North Eastern,Churachandpur,Manipur,North Eastern,Nil,Manipur,India,795143
Singjawl,,Branch Post Office,Delivery,North Eastern,Churachandpur,Manipur,North Eastern,Nil,Manipur,India,795143
Taithu,,Branch Post Office,Delivery,North Eastern,Churachandpur,Manipur,North Eastern,Nil,Manipur,India,795143
Thanlon,,Sub Post Office,Delivery,North Eastern,Churachandpur,Manipur,North Eastern,Nil,Manipur,India,795143
Tingsong,,Branch Post Office,Delivery,North Eastern,Churachandpur,Manipur,North Eastern,Nil,Manipur,India,795143
Tipaimukh (P),,Branch Post Office,Delivery,North Eastern,Churachandpur,Manipur,North Eastern,Nil,Manipur,India,795143
Tuabung,,Branch Post Office,Delivery,North Eastern,Churachandpur,Manipur,North Eastern,Nil,Manipur,India,795143
Huime,,Branch Post Office,Delivery,North Eastern,Ukhrul,Manipur,North Eastern,Nil,Manipur,India,795144
Kachal,,Branch Post Office,Delivery,North Eastern,Ukhrul,Manipur,North Eastern,Nil,Manipur,India,795144
Khongdei Simphung,,Branch Post Office,Delivery,North Eastern,Ukhrul,Manipur,North Eastern,Nil,Manipur,India,795144
Ngari Khullen,,Branch Post Office,Delivery,North Eastern,Ukhrul,Manipur,North Eastern,Nil,Manipur,India,795144
Phadang,,Branch Post Office,Delivery,North Eastern,Ukhrul,Manipur,North Eastern,Nil,Manipur,India,795144
Somdal,,Sub Post Office,Delivery,North Eastern,Ukhrul,Manipur,North Eastern,Nil,Manipur,India,795144
Thiwa,,Branch Post Office,Delivery,North Eastern,Ukhrul,Manipur,North Eastern,Nil,Manipur,India,795144
Ashi,,Branch Post Office,Delivery,North Eastern,Ukhrul,Manipur,North Eastern,Nil,Manipur,India,795145
Chadong,,Branch Post Office,Delivery,North Eastern,Ukhrul,Manipur,North Eastern,Nil,Manipur,India,795145
Chassad,,Branch Post Office,Delivery,North Eastern,Ukhrul,Manipur,North Eastern,Nil,Manipur,India,795145
Grihang,,Branch Post Office,Delivery,North Eastern,Ukhrul,Manipur,North Eastern,Nil,Manipur,India,795145
Kongpat Khunou,,Branch Post Office,Delivery,North Eastern,Ukhrul,Manipur,North Eastern,Nil,Manipur,India,795145
L Tangkhul,,Branch Post Office,Delivery,North Eastern,Ukhrul,Manipur,North Eastern,Nil,Manipur,India,795145
Lambui,,Branch Post Office,Delivery,North Eastern,Ukhrul,Manipur,North Eastern,Nil,Manipur,India,795145
Leiting,,Branch Post Office,Delivery,North Eastern,Ukhrul,Manipur,North Eastern,Nil,Manipur,India,795145
Litan,,Sub Post Office,Delivery,North Eastern,Ukhrul,Manipur,North Eastern,Nil,Manipur,India,795145
Lungphu,,Branch Post Office,Delivery,North Eastern,Ukhrul,Manipur,North Eastern,Nil,Manipur,India,795145
Maku,,Branch Post Office,Delivery,North Eastern,Ukhrul,Manipur,North Eastern,Nil,Manipur,India,795145
Maokot,,Branch Post Office,Delivery,North Eastern,Ukhrul,Manipur,North Eastern,Nil,Manipur,India,795145
Phungyar,,Branch Post Office,Delivery,North Eastern,Ukhrul,Manipur,North Eastern,Nil,Manipur,India,795145
Sanakeithel,,Branch Post Office,Delivery,North Eastern,Ukhrul,Manipur,North Eastern,Nil,Manipur,India,795145
Semol,,Branch Post Office,Delivery,North Eastern,Ukhrul,Manipur,North Eastern,Nil,Manipur,India,795145
Shongshak,,Branch Post Office,Delivery,North Eastern,Ukhrul,Manipur,North Eastern,Nil,Manipur,India,795145
Siyamongjam,,Branch Post Office,Delivery,North Eastern,Ukhrul,Manipur,North Eastern,Nil,Manipur,India,795145
Sorde,,Branch Post Office,Delivery,North Eastern,Ukhrul,Manipur,North Eastern,Nil,Manipur,India,795145
Thawai,,Branch Post Office,Delivery,North Eastern,Ukhrul,Manipur,North Eastern,Nil,Manipur,India,795145
Yangangpokpi,,Branch Post Office,Delivery,North Eastern,Ukhrul,Manipur,North Eastern,Nil,Manipur,India,795145
Christan Centre Haochong,,Branch Post Office,Delivery,North Eastern,Imphal West,Manipur,North Eastern,Nil,Manipur,India,795146
Heibongpokpi,,Branch Post Office,Delivery,North Eastern,Imphal West,Manipur,North Eastern,Nil,Manipur,India,795146
Ijairong,,Branch Post Office,Delivery,North Eastern,Imphal West,Manipur,North Eastern,Nil,Manipur,India,795146
Irengnaga,,Branch Post Office,Delivery,North Eastern,Imphal West,Manipur,North Eastern,Nil,Manipur,India,795146
Kangchup Chiru,,Branch Post Office,Delivery,North Eastern,Imphal West,Manipur,North Eastern,Nil,Manipur,India,795146
Kangchup Hill (P),,Branch Post Office,Delivery,North Eastern,Imphal West,Manipur,North Eastern,Nil,Manipur,India,795146
Kangchup Makhong,,Branch Post Office,Delivery,North Eastern,Imphal West,Manipur,North Eastern,Nil,Manipur,India,795146
Karam Vaiphei,,Branch Post Office,Delivery,North Eastern,Imphal West,Manipur,North Eastern,Nil,Manipur,India,795146
Khundong Khukhaiba,,Branch Post Office,Delivery,North Eastern,Imphal West,Manipur,North Eastern,Nil,Manipur,India,795146
Lairen Sajik,,Branch Post Office,Delivery,North Eastern,Imphal West,Manipur,North Eastern,Nil,Manipur,India,795146
Lamdeng,,Branch Post Office,Delivery,North Eastern,Imphal West,Manipur,North Eastern,Nil,Manipur,India,795146
Lamsang,,Sub Post Office,Delivery,North Eastern,Imphal West,Manipur,North Eastern,Nil,Manipur,India,795146
Mayang Langjing,,Branch Post Office,Delivery,North Eastern,Imphal West,Manipur,North Eastern,Nil,Manipur,India,795146
Oktan,,Branch Post Office,Delivery,North Eastern,Imphal West,Manipur,North Eastern,Nil,Manipur,India,795146
Phayeng,,Branch Post Office,Delivery,North Eastern,Imphal West,Manipur,North Eastern,Nil,Manipur,India,795146
Ponlian,,Branch Post Office,Delivery,North Eastern,Imphal West,Manipur,North Eastern,Nil,Manipur,India,795146
Chongmun,,Branch Post Office,Delivery,North Eastern,Tamenglong,Manipur,North Eastern,Nil,Manipur,India,795147
Kambiron,,Branch Post Office,Delivery,North Eastern,Tamenglong,Manipur,North Eastern,Nil,Manipur,India,795147
Khoupum,,Branch Post Office,Delivery,North Eastern,Tamenglong,Manipur,North Eastern,Nil,Manipur,India,795147
Mukti Khullen,,Branch Post Office,Delivery,North Eastern,Tamenglong,Manipur,North Eastern,Nil,Manipur,India,795147
Nungba,,Sub Post Office,Delivery,North Eastern,Tamenglong,Manipur,North Eastern,Nil,Manipur,India,795147
Nungnang,,Branch Post Office,Delivery,North Eastern,Tamenglong,Manipur,North Eastern,Nil,Manipur,India,795147
Rengpang,,Branch Post Office,Delivery,North Eastern,Tamenglong,Manipur,North Eastern,Nil,Manipur,India,795147
Sibilong,,Branch Post Office,Delivery,North Eastern,Tamenglong,Manipur,North Eastern,Nil,Manipur,India,795147
Cherapur,,Branch Post Office,Delivery,North Eastern,Thoubal,Manipur,North Eastern,Nil,Manipur,India,795148
Heirok Part 2,,Branch Post Office,Delivery,North Eastern,Thoubal,Manipur,North Eastern,Nil,Manipur,India,795148
Herok Part 1,,Branch Post Office,Delivery,North Eastern,Thoubal,Manipur,North Eastern,Nil,Manipur,India,795148
Karongthel,,Branch Post Office,Delivery,North Eastern,Thoubal,Manipur,North Eastern,Nil,Manipur,India,795148
Khongjom,,Branch Post Office,Delivery,North Eastern,Thoubal,Manipur,North Eastern,Nil,Manipur,India,795148
Phundrei,,Branch Post Office,Delivery,North Eastern,Thoubal,Manipur,North Eastern,Nil,Manipur,India,795148
Puleilokpi,,Branch Post Office,Delivery,North Eastern,Thoubal,Manipur,North Eastern,Nil,Manipur,India,795148
Salungpham,,Branch Post Office,Delivery,North Eastern,Thoubal,Manipur,North Eastern,Nil,Manipur,India,795148
Samaram,,Branch Post Office,Delivery,North Eastern,Thoubal,Manipur,North Eastern,Nil,Manipur,India,795148
Sangaiyumpham,,Branch Post Office,Delivery,North Eastern,Thoubal,Manipur,North Eastern,Nil,Manipur,India,795148
Sapam Salai,,Branch Post Office,Delivery,North Eastern,Thoubal,Manipur,North Eastern,Nil,Manipur,India,795148
Tekcham,,Branch Post Office,Delivery,North Eastern,Thoubal,Manipur,North Eastern,Nil,Manipur,India,795148
Tentha,,Branch Post Office,Delivery,North Eastern,Thoubal,Manipur,North Eastern,Nil,Manipur,India,795148
Tollen,,Branch Post Office,Delivery,North Eastern,Thoubal,Manipur,North Eastern,Nil,Manipur,India,795148
Wangjing,,Sub Post Office,Delivery,North Eastern,Thoubal,Manipur,North Eastern,Nil,Manipur,India,795148
Andro,,Branch Post Office,Delivery,North Eastern,Thoubal,Manipur,North Eastern,Nil;,Manipur,India,795149
Angtha,,Branch Post Office,Delivery,North Eastern,Thoubal,Manipur,North Eastern,Nil,Manipur,India,795149
Bongbal Khullen,,Branch Post Office,Delivery,North Eastern,Thoubal,Manipur,North Eastern,Nil,Manipur,India,795149
Changamdabi,,Branch Post Office,Delivery,North Eastern,Thoubal,Manipur,North Eastern,Nil,Manipur,India,795149
Haokhongching,,Branch Post Office,Delivery,North Eastern,Thoubal,Manipur,North Eastern,Nil,Manipur,India,795149
Heinganglok,,Branch Post Office,Delivery,North Eastern,Thoubal,Manipur,North Eastern,Nil,Manipur,India,795149
Hulkap,,Branch Post Office,Delivery,North Eastern,Thoubal,Manipur,North Eastern,Nil,Manipur,India,795149
Irong Tangkhul,,Branch Post Office,Delivery,North Eastern,Thoubal,Manipur,North Eastern,Nil,Manipur,India,795149
Kamu Tampak,,Branch Post Office,Delivery,North Eastern,Thoubal,Manipur,North Eastern,Nil,Manipur,India,795149
Kamu Tongam,,Branch Post Office,Delivery,North Eastern,Thoubal,Manipur,North Eastern,Nil,Manipur,India,795149
Kamuching,,Branch Post Office,Delivery,North Eastern,Thoubal,Manipur,North Eastern,Nil,Manipur,India,795149
Kasom Khullen,,Branch Post Office,Delivery,North Eastern,Thoubal,Manipur,North Eastern,Nil,Manipur,India,795149
Khoirom,,Branch Post Office,Delivery,North Eastern,Thoubal,Manipur,North Eastern,Nil,Manipur,India,795149
Khonglou Vaiphei (T/C/D),,Branch Post Office,Delivery,North Eastern,Thoubal,Manipur,North Eastern,Nil,Manipur,India,795149
Louremba,,Branch Post Office,Delivery,North Eastern,Thoubal,Manipur,North Eastern,Nil,Manipur,India,795149
Lungthar,,Branch Post Office,Delivery,North Eastern,Thoubal,Manipur,North Eastern,Nil,Manipur,India,795149
Mollen (T/C/D),,Branch Post Office,Delivery,North Eastern,Thoubal,Manipur,North Eastern,Nil,Manipur,India,795149
Nambasi,,Branch Post Office,Delivery,North Eastern,Thoubal,Manipur,North Eastern,Nil,Manipur,India,795149
Nongpok Sekmai,,Branch Post Office,Delivery,North Eastern,Thoubal,Manipur,North Eastern,Nil,Manipur,India,795149
Phouoibi,,Branch Post Office,Delivery,North Eastern,Thoubal,Manipur,North Eastern,Nil,Manipur,India,795149
Saram Patong,,Branch Post Office,Delivery,North Eastern,Thoubal,Manipur,North Eastern,Nil,Manipur,India,795149
Soichang,,Branch Post Office,Delivery,North Eastern,Thoubal,Manipur,North Eastern,Nil,Manipur,India,795149
Top Chingtha,,Branch Post Office,Delivery,North Eastern,Thoubal,Manipur,North Eastern,Nil,Manipur,India,795149
Yairipok,,Sub Post Office,Delivery,North Eastern,Thoubal,Manipur,North Eastern,Nil,Manipur,India,795149
Yairipok Tulihal,,Branch Post Office,Delivery,North Eastern,Thoubal,Manipur,North Eastern,Nil,Manipur,India,795149
Yambem Laxmi Bazar,,Branch Post Office,Delivery,North Eastern,Thoubal,Manipur,North Eastern,Nil,Manipur,India,795149
Mao,,Sub Post Office,Delivery,North Eastern,Senapati,Manipur,North Eastern,Nil,Manipur,India,795150
Pfukhro,,Branch Post Office,Delivery,North Eastern,Senapati,Manipur,North Eastern,Nil,Manipur,India,795150
Phunanamei,,Branch Post Office,Delivery,North Eastern,Senapati,Manipur,North Eastern,Nil,Manipur,India,795150
Pudunamei,,Branch Post Office,Delivery,North Eastern,Senapati,Manipur,North Eastern,Nil,Manipur,India,795150
Awangkhul,,Branch Post Office,Delivery,North Eastern,Tamenglong,Manipur,North Eastern,Nil,Manipur,India,795159
Charoi Tupul,,Branch Post Office,Delivery,North Eastern,Tamenglong,Manipur,North Eastern,Nil,Manipur,India,795159
Haochong,,Branch Post Office,Delivery,North Eastern,Tamenglong,Manipur,North Eastern,Nil,Manipur,India,795159
Khongsang,,Branch Post Office,Delivery,North Eastern,Tamenglong,Manipur,North Eastern,Nil,Manipur,India,795159
Lukhambi,,Branch Post Office,Delivery,North Eastern,Tamenglong,Manipur,North Eastern,Nil,Manipur,India,795159
Nagaching,,Branch Post Office,Delivery,North Eastern,Tamenglong,Manipur,North Eastern,Nil,Manipur,India,795159
New Kabui Khullen,,Branch Post Office,Delivery,North Eastern,Tamenglong,Manipur,North Eastern,Nil,Manipur,India,795159
,,Sub Post Office,Delivery,North Eastern,Tamenglong,Manipur,North Eastern,Nil,Manipur,India,795159
Nungtek,,Branch Post Office,Delivery,North Eastern,Tamenglong,Manipur,North Eastern,Nil,Manipur,India,795159
Thingra,,Branch Post Office,Delivery,North Eastern,Tamenglong,Manipur,North Eastern,Nil,Manipur,India,795159
