Gangtok,,Head Post Office,Delivery,West Bengal,East Sikkim,Sikkim,North Bengal And Sikkim,Gangtok,Sikkim,India,737101
Gangtok Bazar,,Sub Post Office,Non-Delivery,West Bengal,East Sikkim,Sikkim,North Bengal And Sikkim,Gangtok,Sikkim,India,737101
Sichey Gaon,,Sub Post Office,Non-Delivery,West Bengal,East Sikkim,Sikkim,North Bengal And Sikkim,Gangtok,Sikkim,India,737101
Deorali,,Sub Post Office,Non-Delivery,West Bengal,East Sikkim,Sikkim,North Bengal And Sikkim,Gangtok,Sikkim,India,737102
Dhajey,,Branch Post Office,Delivery,West Bengal,East Sikkim,Sikkim,North Bengal And Sikkim,Gangtok,Sikkim,India,737102
Gnathang,,Branch Post Office,Delivery,West Bengal,East Sikkim,Sikkim,North Bengal And Sikkim,Gangtok,Sikkim,India,737102
Kupup,,Branch Post Office,Delivery,West Bengal,South Sikkim,Sikkim,North Bengal And Sikkim,Namchi,Sikkim,India,737102
Kyanglasha,,Branch Post Office,Delivery,West Bengal,East Sikkim,Sikkim,North Bengal And Sikkim,Gangtok,Sikkim,India,737102
Lingdum,,Branch Post Office,Delivery,West Bengal,East Sikkim,Sikkim,North Bengal And Sikkim,Gangtok,Sikkim,India,737102
Pabyiok,,Branch Post Office,Delivery,West Bengal,East Sikkim,Sikkim,North Bengal And Sikkim,Gangtok,Sikkim,India,737102
Samdur,,Branch Post Office,Delivery,West Bengal,East Sikkim,Sikkim,North Bengal And Sikkim,Gangtok,Sikkim,India,737102
Sherathang,,Branch Post Office,Delivery,West Bengal,East Sikkim,Sikkim,North Bengal And Sikkim,Gangtok,Sikkim,India,737102
SMU(Sikkim Manipal University),,Sub Post Office,Non-Delivery,West Bengal,East Sikkim,Sikkim,North Bengal And Sikkim,East District,Sikkim,India,737102
Tadong,,Sub Post Office,Delivery,West Bengal,East Sikkim,Sikkim,North Bengal And Sikkim,Gangtok,Sikkim,India,737102
Bhusuk,,Branch Post Office,Delivery,West Bengal,East Sikkim,Sikkim,North Bengal And Sikkim,Gangtok,Sikkim,India,737103
Bojoghari,,Branch Post Office,Delivery,West Bengal,East Sikkim,Sikkim,North Bengal And Sikkim,Gangtok,Sikkim,India,737103
Chongey,,Branch Post Office,Delivery,West Bengal,East Sikkim,Sikkim,North Bengal And Sikkim,Gangtok,Sikkim,India,737103
Lingdok,,Branch Post Office,Delivery,West Bengal,East Sikkim,Sikkim,North Bengal And Sikkim,Gangtok,Sikkim,India,737103
Luing,,Branch Post Office,Delivery,West Bengal,East Sikkim,Sikkim,North Bengal And Sikkim,Gangtok,Sikkim,India,737103
Penlong,,Branch Post Office,Delivery,West Bengal,East Sikkim,Sikkim,North Bengal And Sikkim,Gangtok,Sikkim,India,737103
Rajbhawan (East Sikkim),,Sub Post Office,Delivery,West Bengal,East Sikkim,Sikkim,North Bengal And Sikkim,Gangtok,Sikkim,India,737103
Tashiling,,Sub Post Office,Non-Delivery,West Bengal,East Sikkim,Sikkim,North Bengal And Sikkim,Gangtok,Sikkim,India,737103
Bering,,Branch Post Office,Delivery,West Bengal,East Sikkim,Sikkim,North Bengal And Sikkim,Pakyong,Sikkim,India,737106
Changayshanti,,Branch Post Office,Delivery,West Bengal,East Sikkim,Sikkim,North Bengal And Sikkim,Pakyong,Sikkim,India,737106
Karthok,,Branch Post Office,Delivery,West Bengal,East Sikkim,Sikkim,North Bengal And Sikkim,Pakyong,Sikkim,India,737106
Linkey,,Branch Post Office,Delivery,West Bengal,East Sikkim,Sikkim,North Bengal And Sikkim,Pakyong,Sikkim,India,737106
Namcheybong,,Branch Post Office,Delivery,West Bengal,East Sikkim,Sikkim,North Bengal And Sikkim,Pakyong,Sikkim,India,737106
Pacheykhani,,Branch Post Office,Delivery,West Bengal,East Sikkim,Sikkim,North Bengal And Sikkim,Pakyong,Sikkim,India,737106
Pakyong,,Sub Post Office,Delivery,West Bengal,East Sikkim,Sikkim,North Bengal And Sikkim,Pakyong,Sikkim,India,737106
Tshalamthang,,Branch Post Office,Delivery,West Bengal,East Sikkim,Sikkim,North Bengal And Sikkim,Pakyong,Sikkim,India,737106
Dikchu,,Sub Post Office,Delivery,West Bengal,East Sikkim,Sikkim,North Bengal And Sikkim,Dikchu,Sikkim,India,737107
Gor,,Branch Post Office,Delivery,West Bengal,East Sikkim,Sikkim,North Bengal And Sikkim,Dikchu,Sikkim,India,737107
Lumlingthyang,,Branch Post Office,Delivery,West Bengal,East Sikkim,Sikkim,North Bengal And Sikkim,Dikchu,Sikkim,India,737107
Rakdong,,Branch Post Office,Delivery,West Bengal,East Sikkim,Sikkim,North Bengal And Sikkim,Dikchu,Sikkim,India,737107
Raley Khesey,,Branch Post Office,Delivery,West Bengal,East Sikkim,Sikkim,North Bengal And Sikkim,Dikchu,Sikkim,India,737107
Samdong,,Branch Post Office,Delivery,West Bengal,East Sikkim,Sikkim,North Bengal And Sikkim,Dikchu,Sikkim,India,737107
Arithang,,Branch Post Office,Delivery,West Bengal,West Sikkim,Sikkim,North Bengal And Sikkim,Gayzing,Sikkim,India,737111
Bhaluthang,,Branch Post Office,Delivery,West Bengal,West Sikkim,Sikkim,North Bengal And Sikkim,Gayzing,Sikkim,India,737111
Chingthang,,Branch Post Office,Delivery,West Bengal,West Sikkim,Sikkim,North Bengal And Sikkim,Gayzing,Sikkim,India,737111
Gayzing,,Sub Post Office,Delivery,West Bengal,West Sikkim,Sikkim,North Bengal And Sikkim,Gayzing,Sikkim,India,737111
Gerathang,,Branch Post Office,Delivery,West Bengal,West Sikkim,Sikkim,North Bengal And Sikkim,Gayzing,Sikkim,India,737111
Karjee,,Branch Post Office,Delivery,West Bengal,West Sikkim,Sikkim,North Bengal And Sikkim,Gayzing,Sikkim,India,737111
Legship,,Branch Post Office,Delivery,West Bengal,West Sikkim,Sikkim,North Bengal And Sikkim,Gayzing,Sikkim,India,737111
Lingchom,,Branch Post Office,Delivery,West Bengal,West Sikkim,Sikkim,North Bengal And Sikkim,Gayzing,Sikkim,India,737111
Rangship,,Branch Post Office,Delivery,West Bengal,West Sikkim,Sikkim,North Bengal And Sikkim,Gayzing,Sikkim,India,737111
Rinchenpong,,Branch Post Office,Delivery,West Bengal,West Sikkim,Sikkim,North Bengal And Sikkim,Gayzing,Sikkim,India,737111
Sinek,,Branch Post Office,Delivery,West Bengal,West Sikkim,Sikkim,North Bengal And Sikkim,Gayzing,Sikkim,India,737111
Tashiding,,Branch Post Office,Delivery,West Bengal,West Sikkim,Sikkim,North Bengal And Sikkim,Gayzing,Sikkim,India,737111
Yangtey,,Branch Post Office,Delivery,West Bengal,West Sikkim,Sikkim,North Bengal And Sikkim,Gayzing,Sikkim,India,737111
Yangthang,,Branch Post Office,Delivery,West Bengal,West Sikkim,Sikkim,North Bengal And Sikkim,Gayzing,Sikkim,India,737111
Bermiok,,Branch Post Office,Delivery,West Bengal,East Sikkim,Sikkim,North Bengal And Sikkim,Pelling,Sikkim,India,737113
Darap,,Branch Post Office,Delivery,West Bengal,West Sikkim,Sikkim,North Bengal And Sikkim,Pelling,Sikkim,India,737113
Dentam,,Branch Post Office,Delivery,West Bengal,West Sikkim,Sikkim,North Bengal And Sikkim,Pelling,Sikkim,India,737113
Hee Gaon,,Branch Post Office,Delivery,West Bengal,West Sikkim,Sikkim,North Bengal And Sikkim,Pelling,Sikkim,India,737113
Kaluk,,Branch Post Office,Delivery,West Bengal,West Sikkim,Sikkim,North Bengal And Sikkim,Pelling,Sikkim,India,737113
Karmatar,,Branch Post Office,Delivery,West Bengal,West Sikkim,Sikkim,North Bengal And Sikkim,Pelling,Sikkim,India,737113
Khechuperi,,Branch Post Office,Delivery,West Bengal,West Sikkim,Sikkim,North Bengal And Sikkim,Pelling,Sikkim,India,737113
Mechi Aching,,Branch Post Office,Delivery,West Bengal,West Sikkim,Sikkim,North Bengal And Sikkim,Pelling,Sikkim,India,737113
Namphu,,Branch Post Office,Delivery,West Bengal,West Sikkim,Sikkim,North Bengal And Sikkim,Pelling,Sikkim,India,737113
Pelling,,Sub Post Office,Delivery,West Bengal,West Sikkim,Sikkim,North Bengal And Sikkim,Pelling,Sikkim,India,737113
Radhu Khandu,,Branch Post Office,Delivery,West Bengal,West Sikkim,Sikkim,North Bengal And Sikkim,Pelling,Sikkim,India,737113
Rimbi,,Branch Post Office,Delivery,West Bengal,West Sikkim,Sikkim,North Bengal And Sikkim,Pelling,Sikkim,India,737113
Thingling,,Branch Post Office,Delivery,West Bengal,West Sikkim,Sikkim,North Bengal And Sikkim,Pelling,Sikkim,India,737113
Uttarey,,Branch Post Office,Delivery,West Bengal,West Sikkim,Sikkim,North Bengal And Sikkim,Pelling,Sikkim,India,737113
Yuksom,,Branch Post Office,Delivery,West Bengal,West Sikkim,Sikkim,North Bengal And Sikkim,Pelling,Sikkim,India,737113
Lingdem,,Branch Post Office,Delivery,West Bengal,North Sikkim,Sikkim,North Bengal And Sikkim,Mangan,Sikkim,India,737116
Lingthem,,Branch Post Office,Delivery,West Bengal,North Sikkim,Sikkim,North Bengal And Sikkim,Mangan,Sikkim,India,737116
Lower Dzongu,,Branch Post Office,Delivery,West Bengal,North Sikkim,Sikkim,North Bengal And Sikkim,Mangan,Sikkim,India,737116
Mangan,,Sub Post Office,Delivery,West Bengal,North Sikkim,Sikkim,North Bengal And Sikkim,Mangan,Sikkim,India,737116
Manul,,Branch Post Office,Delivery,West Bengal,North Sikkim,Sikkim,North Bengal And Sikkim,Mangan,Sikkim,India,737116
Men Rong Rong,,Branch Post Office,Delivery,West Bengal,North Sikkim,Sikkim,North Bengal And Sikkim,Mangan,Sikkim,India,737116
Namok,,Branch Post Office,Delivery,West Bengal,North Sikkim,Sikkim,North Bengal And Sikkim,Mangan,Sikkim,India,737116
Phamtam,,Branch Post Office,Delivery,West Bengal,North Sikkim,Sikkim,North Bengal And Sikkim,Mangan,Sikkim,India,737116
Ramthang,,Branch Post Office,Delivery,West Bengal,North Sikkim,Sikkim,North Bengal And Sikkim,Mangan,Sikkim,India,737116
Rangrang,,Branch Post Office,Delivery,West Bengal,North Sikkim,Sikkim,North Bengal And Sikkim,Mangan,Sikkim,India,737116
Sangkalan,,Branch Post Office,Delivery,West Bengal,North Sikkim,Sikkim,North Bengal And Sikkim,Mangan,Sikkim,India,737116
Singhik,,Branch Post Office,Delivery,West Bengal,North Sikkim,Sikkim,North Bengal And Sikkim,Mangan,Sikkim,India,737116
Tingchim,,Branch Post Office,Delivery,West Bengal,North Sikkim,Sikkim,North Bengal And Sikkim,Mangan,Sikkim,India,737116
Tingvong,,Branch Post Office,Delivery,West Bengal,North Sikkim,Sikkim,North Bengal And Sikkim,Mangan,Sikkim,India,737116
Kabi,,Sub Post Office,Delivery,West Bengal,North Sikkim,Sikkim,North Bengal And Sikkim,Mangan,Sikkim,India,737117
Phensong,,Sub Post Office,Delivery,West Bengal,North Sikkim,Sikkim,North Bengal And Sikkim,Mangan,Sikkim,India,737118
Phudong,,Sub Post Office,Delivery,West Bengal,North Sikkim,Sikkim,North Bengal And Sikkim,Mangan,Sikkim,India,737119
Chungthang,,Sub Post Office,Delivery,West Bengal,North Sikkim,Sikkim,North Bengal And Sikkim,Chungthang,Sikkim,India,737120
Lachen,,Branch Post Office,Delivery,West Bengal,North Sikkim,Sikkim,North Bengal And Sikkim,Chungthang,Sikkim,India,737120
Lachung,,Branch Post Office,Delivery,West Bengal,North Sikkim,Sikkim,North Bengal And Sikkim,Chungthang,Sikkim,India,737120
Naga,,Branch Post Office,Delivery,West Bengal,North Sikkim,Sikkim,North Bengal And Sikkim,Chungthang,Sikkim,India,737120
Shipgyare,,Branch Post Office,Delivery,West Bengal,North Sikkim,Sikkim,North Bengal And Sikkim,Chungthang,Sikkim,India,737120
Arubotay,,Branch Post Office,Delivery,West Bengal,West Sikkim,Sikkim,North Bengal And Sikkim,Jorethang,Sikkim,India,737121
Budang,,Branch Post Office,Delivery,West Bengal,West Sikkim,Sikkim,North Bengal And Sikkim,Jorethang,Sikkim,India,737121
Buriakhop,,Branch Post Office,Delivery,West Bengal,West Sikkim,Sikkim,North Bengal And Sikkim,Jorethang,Sikkim,India,737121
Chakung,,Branch Post Office,Delivery,West Bengal,West Sikkim,Sikkim,North Bengal And Sikkim,Jorethang,Sikkim,India,737121
Chumbong,,Branch Post Office,Delivery,West Bengal,West Sikkim,Sikkim,North Bengal And Sikkim,Jorethang,Sikkim,India,737121
Majitar,,Branch Post Office,Delivery,West Bengal,West Sikkim,Sikkim,North Bengal And Sikkim,Jorethang,Sikkim,India,737121
Malbasey,,Branch Post Office,Delivery,West Bengal,West Sikkim,Sikkim,North Bengal And Sikkim,Jorethang,Sikkim,India,737121
Naya Bazar (West Sikkim),,Sub Post Office,Delivery,West Bengal,West Sikkim,Sikkim,North Bengal And Sikkim,Jorethang,Sikkim,India,737121
Okharey,,Branch Post Office,Delivery,West Bengal,South Sikkim,Sikkim,North Bengal And Sikkim,Jorethang,Sikkim,India,737121
Pipalay,,Branch Post Office,Delivery,West Bengal,South Sikkim,Sikkim,North Bengal And Sikkim,Jorethang,Sikkim,India,737121
Reshi,,Branch Post Office,Delivery,West Bengal,South Sikkim,Sikkim,North Bengal And Sikkim,Jorethang,Sikkim,India,737121
Ribdi-bhareng,,Branch Post Office,Delivery,West Bengal,South Sikkim,Sikkim,North Bengal And Sikkim,Jorethang,Sikkim,India,737121
Sanchabarey Daramdim,,Branch Post Office,Delivery,West Bengal,South Sikkim,Sikkim,North Bengal And Sikkim,Jorethang,Sikkim,India,737121
Sanganath,,Branch Post Office,Delivery,West Bengal,South Sikkim,Sikkim,North Bengal And Sikkim,Jorethang,Sikkim,India,737121
Sombaria,,Branch Post Office,Delivery,West Bengal,South Sikkim,Sikkim,North Bengal And Sikkim,Jorethang,Sikkim,India,737121
Soreng,,Branch Post Office,Delivery,West Bengal,South Sikkim,Sikkim,North Bengal And Sikkim,Jorethang,Sikkim,India,737121
Sri Badam,,Branch Post Office,Delivery,West Bengal,West Sikkim,Sikkim,North Bengal And Sikkim,Jorethang,Sikkim,India,737121
Suldung,,Branch Post Office,Delivery,West Bengal,West Sikkim,Sikkim,North Bengal And Sikkim,Jorethang,Sikkim,India,737121
Takuthang,,Branch Post Office,Delivery,West Bengal,West Sikkim,Sikkim,North Bengal And Sikkim,Jorethang,Sikkim,India,737121
Tharpu,,Branch Post Office,Delivery,West Bengal,West Sikkim,Sikkim,North Bengal And Sikkim,Jorethang,Sikkim,India,737121
Tikpur,,Branch Post Office,Delivery,West Bengal,West Sikkim,Sikkim,North Bengal And Sikkim,Jorethang,Sikkim,India,737121
Timburbong,,Branch Post Office,Delivery,West Bengal,West Sikkim,Sikkim,North Bengal And Sikkim,Jorethang,Sikkim,India,737121
Zoom,,Branch Post Office,Delivery,West Bengal,West Sikkim,Sikkim,North Bengal And Sikkim,Jorethang,Sikkim,India,737121
Gangtok,,Head Post Office,Delivery,West Bengal,East Sikkim,Sikkim,North Bengal And Sikkim,Gangtok,Sikkim,India,737101
Gangtok Bazar,,Sub Post Office,Non-Delivery,West Bengal,East Sikkim,Sikkim,North Bengal And Sikkim,Gangtok,Sikkim,India,737101
Sichey Gaon,,Sub Post Office,Non-Delivery,West Bengal,East Sikkim,Sikkim,North Bengal And Sikkim,Gangtok,Sikkim,India,737101
Deorali,,Sub Post Office,Non-Delivery,West Bengal,East Sikkim,Sikkim,North Bengal And Sikkim,Gangtok,Sikkim,India,737102
Dhajey,,Branch Post Office,Delivery,West Bengal,East Sikkim,Sikkim,North Bengal And Sikkim,Gangtok,Sikkim,India,737102
Gnathang,,Branch Post Office,Delivery,West Bengal,East Sikkim,Sikkim,North Bengal And Sikkim,Gangtok,Sikkim,India,737102
Kupup,,Branch Post Office,Delivery,West Bengal,South Sikkim,Sikkim,North Bengal And Sikkim,Namchi,Sikkim,India,737102
Kyanglasha,,Branch Post Office,Delivery,West Bengal,East Sikkim,Sikkim,North Bengal And Sikkim,Gangtok,Sikkim,India,737102
Lingdum,,Branch Post Office,Delivery,West Bengal,East Sikkim,Sikkim,North Bengal And Sikkim,Gangtok,Sikkim,India,737102
Pabyiok,,Branch Post Office,Delivery,West Bengal,East Sikkim,Sikkim,North Bengal And Sikkim,Gangtok,Sikkim,India,737102
Samdur,,Branch Post Office,Delivery,West Bengal,East Sikkim,Sikkim,North Bengal And Sikkim,Gangtok,Sikkim,India,737102
Sherathang,,Branch Post Office,Delivery,West Bengal,East Sikkim,Sikkim,North Bengal And Sikkim,Gangtok,Sikkim,India,737102
SMU(Sikkim Manipal University),,Sub Post Office,Non-Delivery,West Bengal,East Sikkim,Sikkim,North Bengal And Sikkim,East District,Sikkim,India,737102
Tadong,,Sub Post Office,Delivery,West Bengal,East Sikkim,Sikkim,North Bengal And Sikkim,Gangtok,Sikkim,India,737102
Bhusuk,,Branch Post Office,Delivery,West Bengal,East Sikkim,Sikkim,North Bengal And Sikkim,Gangtok,Sikkim,India,737103
Bojoghari,,Branch Post Office,Delivery,West Bengal,East Sikkim,Sikkim,North Bengal And Sikkim,Gangtok,Sikkim,India,737103
Chongey,,Branch Post Office,Delivery,West Bengal,East Sikkim,Sikkim,North Bengal And Sikkim,Gangtok,Sikkim,India,737103
Lingdok,,Branch Post Office,Delivery,West Bengal,East Sikkim,Sikkim,North Bengal And Sikkim,Gangtok,Sikkim,India,737103
Luing,,Branch Post Office,Delivery,West Bengal,East Sikkim,Sikkim,North Bengal And Sikkim,Gangtok,Sikkim,India,737103
Penlong,,Branch Post Office,Delivery,West Bengal,East Sikkim,Sikkim,North Bengal And Sikkim,Gangtok,Sikkim,India,737103
Rajbhawan (East Sikkim),,Sub Post Office,Delivery,West Bengal,East Sikkim,Sikkim,North Bengal And Sikkim,Gangtok,Sikkim,India,737103
Tashiling,,Sub Post Office,Non-Delivery,West Bengal,East Sikkim,Sikkim,North Bengal And Sikkim,Gangtok,Sikkim,India,737103
Bering,,Branch Post Office,Delivery,West Bengal,East Sikkim,Sikkim,North Bengal And Sikkim,Pakyong,Sikkim,India,737106
Changayshanti,,Branch Post Office,Delivery,West Bengal,East Sikkim,Sikkim,North Bengal And Sikkim,Pakyong,Sikkim,India,737106
Karthok,,Branch Post Office,Delivery,West Bengal,East Sikkim,Sikkim,North Bengal And Sikkim,Pakyong,Sikkim,India,737106
Linkey,,Branch Post Office,Delivery,West Bengal,East Sikkim,Sikkim,North Bengal And Sikkim,Pakyong,Sikkim,India,737106
Namcheybong,,Branch Post Office,Delivery,West Bengal,East Sikkim,Sikkim,North Bengal And Sikkim,Pakyong,Sikkim,India,737106
Pacheykhani,,Branch Post Office,Delivery,West Bengal,East Sikkim,Sikkim,North Bengal And Sikkim,Pakyong,Sikkim,India,737106
Pakyong,,Sub Post Office,Delivery,West Bengal,East Sikkim,Sikkim,North Bengal And Sikkim,Pakyong,Sikkim,India,737106
Tshalamthang,,Branch Post Office,Delivery,West Bengal,East Sikkim,Sikkim,North Bengal And Sikkim,Pakyong,Sikkim,India,737106
Dikchu,,Sub Post Office,Delivery,West Bengal,East Sikkim,Sikkim,North Bengal And Sikkim,Dikchu,Sikkim,India,737107
Gor,,Branch Post Office,Delivery,West Bengal,East Sikkim,Sikkim,North Bengal And Sikkim,Dikchu,Sikkim,India,737107
Lumlingthyang,,Branch Post Office,Delivery,West Bengal,East Sikkim,Sikkim,North Bengal And Sikkim,Dikchu,Sikkim,India,737107
Rakdong,,Branch Post Office,Delivery,West Bengal,East Sikkim,Sikkim,North Bengal And Sikkim,Dikchu,Sikkim,India,737107
Raley Khesey,,Branch Post Office,Delivery,West Bengal,East Sikkim,Sikkim,North Bengal And Sikkim,Dikchu,Sikkim,India,737107
Samdong,,Branch Post Office,Delivery,West Bengal,East Sikkim,Sikkim,North Bengal And Sikkim,Dikchu,Sikkim,India,737107
Arithang,,Branch Post Office,Delivery,West Bengal,West Sikkim,Sikkim,North Bengal And Sikkim,Gayzing,Sikkim,India,737111
Bhaluthang,,Branch Post Office,Delivery,West Bengal,West Sikkim,Sikkim,North Bengal And Sikkim,Gayzing,Sikkim,India,737111
Chingthang,,Branch Post Office,Delivery,West Bengal,West Sikkim,Sikkim,North Bengal And Sikkim,Gayzing,Sikkim,India,737111
Gayzing,,Sub Post Office,Delivery,West Bengal,West Sikkim,Sikkim,North Bengal And Sikkim,Gayzing,Sikkim,India,737111
Gerathang,,Branch Post Office,Delivery,West Bengal,West Sikkim,Sikkim,North Bengal And Sikkim,Gayzing,Sikkim,India,737111
Karjee,,Branch Post Office,Delivery,West Bengal,West Sikkim,Sikkim,North Bengal And Sikkim,Gayzing,Sikkim,India,737111
Legship,,Branch Post Office,Delivery,West Bengal,West Sikkim,Sikkim,North Bengal And Sikkim,Gayzing,Sikkim,India,737111
Lingchom,,Branch Post Office,Delivery,West Bengal,West Sikkim,Sikkim,North Bengal And Sikkim,Gayzing,Sikkim,India,737111
Rangship,,Branch Post Office,Delivery,West Bengal,West Sikkim,Sikkim,North Bengal And Sikkim,Gayzing,Sikkim,India,737111
Rinchenpong,,Branch Post Office,Delivery,West Bengal,West Sikkim,Sikkim,North Bengal And Sikkim,Gayzing,Sikkim,India,737111
Sinek,,Branch Post Office,Delivery,West Bengal,West Sikkim,Sikkim,North Bengal And Sikkim,Gayzing,Sikkim,India,737111
Tashiding,,Branch Post Office,Delivery,West Bengal,West Sikkim,Sikkim,North Bengal And Sikkim,Gayzing,Sikkim,India,737111
Yangtey,,Branch Post Office,Delivery,West Bengal,West Sikkim,Sikkim,North Bengal And Sikkim,Gayzing,Sikkim,India,737111
Yangthang,,Branch Post Office,Delivery,West Bengal,West Sikkim,Sikkim,North Bengal And Sikkim,Gayzing,Sikkim,India,737111
Bermiok,,Branch Post Office,Delivery,West Bengal,East Sikkim,Sikkim,North Bengal And Sikkim,Pelling,Sikkim,India,737113
Darap,,Branch Post Office,Delivery,West Bengal,West Sikkim,Sikkim,North Bengal And Sikkim,Pelling,Sikkim,India,737113
Dentam,,Branch Post Office,Delivery,West Bengal,West Sikkim,Sikkim,North Bengal And Sikkim,Pelling,Sikkim,India,737113
Hee Gaon,,Branch Post Office,Delivery,West Bengal,West Sikkim,Sikkim,North Bengal And Sikkim,Pelling,Sikkim,India,737113
Kaluk,,Branch Post Office,Delivery,West Bengal,West Sikkim,Sikkim,North Bengal And Sikkim,Pelling,Sikkim,India,737113
Karmatar,,Branch Post Office,Delivery,West Bengal,West Sikkim,Sikkim,North Bengal And Sikkim,Pelling,Sikkim,India,737113
Khechuperi,,Branch Post Office,Delivery,West Bengal,West Sikkim,Sikkim,North Bengal And Sikkim,Pelling,Sikkim,India,737113
Mechi Aching,,Branch Post Office,Delivery,West Bengal,West Sikkim,Sikkim,North Bengal And Sikkim,Pelling,Sikkim,India,737113
Namphu,,Branch Post Office,Delivery,West Bengal,West Sikkim,Sikkim,North Bengal And Sikkim,Pelling,Sikkim,India,737113
Pelling,,Sub Post Office,Delivery,West Bengal,West Sikkim,Sikkim,North Bengal And Sikkim,Pelling,Sikkim,India,737113
Radhu Khandu,,Branch Post Office,Delivery,West Bengal,West Sikkim,Sikkim,North Bengal And Sikkim,Pelling,Sikkim,India,737113
Rimbi,,Branch Post Office,Delivery,West Bengal,West Sikkim,Sikkim,North Bengal And Sikkim,Pelling,Sikkim,India,737113
Thingling,,Branch Post Office,Delivery,West Bengal,West Sikkim,Sikkim,North Bengal And Sikkim,Pelling,Sikkim,India,737113
Uttarey,,Branch Post Office,Delivery,West Bengal,West Sikkim,Sikkim,North Bengal And Sikkim,Pelling,Sikkim,India,737113
Yuksom,,Branch Post Office,Delivery,West Bengal,West Sikkim,Sikkim,North Bengal And Sikkim,Pelling,Sikkim,India,737113
Lingdem,,Branch Post Office,Delivery,West Bengal,North Sikkim,Sikkim,North Bengal And Sikkim,Mangan,Sikkim,India,737116
Lingthem,,Branch Post Office,Delivery,West Bengal,North Sikkim,Sikkim,North Bengal And Sikkim,Mangan,Sikkim,India,737116
Lower Dzongu,,Branch Post Office,Delivery,West Bengal,North Sikkim,Sikkim,North Bengal And Sikkim,Mangan,Sikkim,India,737116
Mangan,,Sub Post Office,Delivery,West Bengal,North Sikkim,Sikkim,North Bengal And Sikkim,Mangan,Sikkim,India,737116
Manul,,Branch Post Office,Delivery,West Bengal,North Sikkim,Sikkim,North Bengal And Sikkim,Mangan,Sikkim,India,737116
Men Rong Rong,,Branch Post Office,Delivery,West Bengal,North Sikkim,Sikkim,North Bengal And Sikkim,Mangan,Sikkim,India,737116
Namok,,Branch Post Office,Delivery,West Bengal,North Sikkim,Sikkim,North Bengal And Sikkim,Mangan,Sikkim,India,737116
Phamtam,,Branch Post Office,Delivery,West Bengal,North Sikkim,Sikkim,North Bengal And Sikkim,Mangan,Sikkim,India,737116
Ramthang,,Branch Post Office,Delivery,West Bengal,North Sikkim,Sikkim,North Bengal And Sikkim,Mangan,Sikkim,India,737116
Rangrang,,Branch Post Office,Delivery,West Bengal,North Sikkim,Sikkim,North Bengal And Sikkim,Mangan,Sikkim,India,737116
Sangkalan,,Branch Post Office,Delivery,West Bengal,North Sikkim,Sikkim,North Bengal And Sikkim,Mangan,Sikkim,India,737116
Singhik,,Branch Post Office,Delivery,West Bengal,North Sikkim,Sikkim,North Bengal And Sikkim,Mangan,Sikkim,India,737116
Tingchim,,Branch Post Office,Delivery,West Bengal,North Sikkim,Sikkim,North Bengal And Sikkim,Mangan,Sikkim,India,737116
Tingvong,,Branch Post Office,Delivery,West Bengal,North Sikkim,Sikkim,North Bengal And Sikkim,Mangan,Sikkim,India,737116
Kabi,,Sub Post Office,Delivery,West Bengal,North Sikkim,Sikkim,North Bengal And Sikkim,Mangan,Sikkim,India,737117
Phensong,,Sub Post Office,Delivery,West Bengal,North Sikkim,Sikkim,North Bengal And Sikkim,Mangan,Sikkim,India,737118
Phudong,,Sub Post Office,Delivery,West Bengal,North Sikkim,Sikkim,North Bengal And Sikkim,Mangan,Sikkim,India,737119
Chungthang,,Sub Post Office,Delivery,West Bengal,North Sikkim,Sikkim,North Bengal And Sikkim,Chungthang,Sikkim,India,737120
Lachen,,Branch Post Office,Delivery,West Bengal,North Sikkim,Sikkim,North Bengal And Sikkim,Chungthang,Sikkim,India,737120
Lachung,,Branch Post Office,Delivery,West Bengal,North Sikkim,Sikkim,North Bengal And Sikkim,Chungthang,Sikkim,India,737120
Naga,,Branch Post Office,Delivery,West Bengal,North Sikkim,Sikkim,North Bengal And Sikkim,Chungthang,Sikkim,India,737120
Shipgyare,,Branch Post Office,Delivery,West Bengal,North Sikkim,Sikkim,North Bengal And Sikkim,Chungthang,Sikkim,India,737120
Arubotay,,Branch Post Office,Delivery,West Bengal,West Sikkim,Sikkim,North Bengal And Sikkim,Jorethang,Sikkim,India,737121
Budang,,Branch Post Office,Delivery,West Bengal,West Sikkim,Sikkim,North Bengal And Sikkim,Jorethang,Sikkim,India,737121
Buriakhop,,Branch Post Office,Delivery,West Bengal,West Sikkim,Sikkim,North Bengal And Sikkim,Jorethang,Sikkim,India,737121
Chakung,,Branch Post Office,Delivery,West Bengal,West Sikkim,Sikkim,North Bengal And Sikkim,Jorethang,Sikkim,India,737121
Chumbong,,Branch Post Office,Delivery,West Bengal,West Sikkim,Sikkim,North Bengal And Sikkim,Jorethang,Sikkim,India,737121
Majitar,,Branch Post Office,Delivery,West Bengal,West Sikkim,Sikkim,North Bengal And Sikkim,Jorethang,Sikkim,India,737121
Malbasey,,Branch Post Office,Delivery,West Bengal,West Sikkim,Sikkim,North Bengal And Sikkim,Jorethang,Sikkim,India,737121
Naya Bazar (West Sikkim),,Sub Post Office,Delivery,West Bengal,West Sikkim,Sikkim,North Bengal And Sikkim,Jorethang,Sikkim,India,737121
Okharey,,Branch Post Office,Delivery,West Bengal,South Sikkim,Sikkim,North Bengal And Sikkim,Jorethang,Sikkim,India,737121
Pipalay,,Branch Post Office,Delivery,West Bengal,South Sikkim,Sikkim,North Bengal And Sikkim,Jorethang,Sikkim,India,737121
Reshi,,Branch Post Office,Delivery,West Bengal,South Sikkim,Sikkim,North Bengal And Sikkim,Jorethang,Sikkim,India,737121
Ribdi-bhareng,,Branch Post Office,Delivery,West Bengal,South Sikkim,Sikkim,North Bengal And Sikkim,Jorethang,Sikkim,India,737121
Sanchabarey Daramdim,,Branch Post Office,Delivery,West Bengal,South Sikkim,Sikkim,North Bengal And Sikkim,Jorethang,Sikkim,India,737121
Sanganath,,Branch Post Office,Delivery,West Bengal,South Sikkim,Sikkim,North Bengal And Sikkim,Jorethang,Sikkim,India,737121
Sombaria,,Branch Post Office,Delivery,West Bengal,South Sikkim,Sikkim,North Bengal And Sikkim,Jorethang,Sikkim,India,737121
Soreng,,Branch Post Office,Delivery,West Bengal,South Sikkim,Sikkim,North Bengal And Sikkim,Jorethang,Sikkim,India,737121
Sri Badam,,Branch Post Office,Delivery,West Bengal,West Sikkim,Sikkim,North Bengal And Sikkim,Jorethang,Sikkim,India,737121
Suldung,,Branch Post Office,Delivery,West Bengal,West Sikkim,Sikkim,North Bengal And Sikkim,Jorethang,Sikkim,India,737121
Takuthang,,Branch Post Office,Delivery,West Bengal,West Sikkim,Sikkim,North Bengal And Sikkim,Jorethang,Sikkim,India,737121
Tharpu,,Branch Post Office,Delivery,West Bengal,West Sikkim,Sikkim,North Bengal And Sikkim,Jorethang,Sikkim,India,737121
Tikpur,,Branch Post Office,Delivery,West Bengal,West Sikkim,Sikkim,North Bengal And Sikkim,Jorethang,Sikkim,India,737121
Timburbong,,Branch Post Office,Delivery,West Bengal,West Sikkim,Sikkim,North Bengal And Sikkim,Jorethang,Sikkim,India,737121
Zoom,,Branch Post Office,Delivery,West Bengal,West Sikkim,Sikkim,North Bengal And Sikkim,Jorethang,Sikkim,India,737121
Assangthang,,Branch Post Office,Delivery,West Bengal,South Sikkim,Sikkim,North Bengal And Sikkim,Namchi,Sikkim,India,737126
Damthang,,Branch Post Office,Delivery,West Bengal,South Sikkim,Sikkim,North Bengal And Sikkim,Namchi,Sikkim,India,737126
Kitam,,Branch Post Office,Delivery,West Bengal,South Sikkim,Sikkim,North Bengal And Sikkim,Namchi,Sikkim,India,737126
Maniram,,Branch Post Office,Delivery,West Bengal,South Sikkim,Sikkim,North Bengal And Sikkim,Namchi,Sikkim,India,737126
Mic Khola,,Branch Post Office,Delivery,West Bengal,South Sikkim,Sikkim,North Bengal And Sikkim,Namchi,Sikkim,India,737126
Namchi,,Sub Post Office,Delivery,West Bengal,South Sikkim,Sikkim,North Bengal And Sikkim,Namchi,Sikkim,India,737126
Nandugaon,,Branch Post Office,Delivery,West Bengal,South Sikkim,Sikkim,North Bengal And Sikkim,Namchi,Sikkim,India,737126
Pabong,,Branch Post Office,Delivery,West Bengal,South Sikkim,Sikkim,North Bengal And Sikkim,Namchi,Sikkim,India,737126
Perbing,,Branch Post Office,Delivery,West Bengal,South Sikkim,Sikkim,North Bengal And Sikkim,Namchi,Sikkim,India,737126
Phalidara,,Branch Post Office,Delivery,West Bengal,South Sikkim,Sikkim,North Bengal And Sikkim,Namchi,Sikkim,India,737126
Poklok,,Branch Post Office,Delivery,West Bengal,South Sikkim,Sikkim,North Bengal And Sikkim,Namchi,Sikkim,India,737126
Rong,,Branch Post Office,Delivery,West Bengal,South Sikkim,Sikkim,North Bengal And Sikkim,Namchi,Sikkim,India,737126
Shalghari,,Branch Post Office,Delivery,West Bengal,South Sikkim,Sikkim,North Bengal And Sikkim,Namchi,Sikkim,India,737126
Singhithang,,Branch Post Office,Delivery,West Bengal,South Sikkim,Sikkim,North Bengal And Sikkim,Namchi,Sikkim,India,737126
Sorok,,Branch Post Office,Delivery,West Bengal,South Sikkim,Sikkim,North Bengal And Sikkim,Namchi,Sikkim,India,737126
Wok,,Branch Post Office,Delivery,West Bengal,South Sikkim,Sikkim,North Bengal And Sikkim,Namchi,Sikkim,India,737126
Kerabari,,Branch Post Office,Delivery,West Bengal,South Sikkim,Sikkim,North Bengal And Sikkim,Melli,Sikkim,India,737128
Lungchuk,,Branch Post Office,Delivery,West Bengal,South Sikkim,Sikkim,North Bengal And Sikkim,Melli,Sikkim,India,737128
Manpur,,Branch Post Office,Delivery,West Bengal,South Sikkim,Sikkim,North Bengal And Sikkim,Melli,Sikkim,India,737128
Melli Bazar,,Sub Post Office,Delivery,West Bengal,South Sikkim,Sikkim,North Bengal And Sikkim,Melli,Sikkim,India,737128
Melli Dara,,Branch Post Office,Delivery,West Bengal,South Sikkim,Sikkim,North Bengal And Sikkim,Melli,Sikkim,India,737128
Payiong,,Branch Post Office,Delivery,West Bengal,South Sikkim,Sikkim,North Bengal And Sikkim,Melli,Sikkim,India,737128
Rateypani,,Branch Post Office,Delivery,West Bengal,South Sikkim,Sikkim,North Bengal And Sikkim,Melli,Sikkim,India,737128
Sadam,,Branch Post Office,Delivery,West Bengal,South Sikkim,Sikkim,North Bengal And Sikkim,Melli,Sikkim,India,737128
Sumbuk,,Branch Post Office,Delivery,West Bengal,South Sikkim,Sikkim,North Bengal And Sikkim,Melli,Sikkim,India,737128
Turuk,,Branch Post Office,Delivery,West Bengal,South Sikkim,Sikkim,North Bengal And Sikkim,Melli,Sikkim,India,737128
Chujachen,,Branch Post Office,Delivery,West Bengal,East Sikkim,Sikkim,North Bengal And Sikkim,Rangli,Sikkim,India,737131
Dalapchand,,Branch Post Office,Delivery,West Bengal,East Sikkim,Sikkim,North Bengal And Sikkim,Rangli,Sikkim,India,737131
Latuk,,Branch Post Office,Delivery,West Bengal,East Sikkim,Sikkim,North Bengal And Sikkim,Rangli,Sikkim,India,737131
Lingtam,,Branch Post Office,Delivery,West Bengal,East Sikkim,Sikkim,North Bengal And Sikkim,Rangli,Sikkim,India,737131
North Regu,,Branch Post Office,Delivery,West Bengal,East Sikkim,Sikkim,North Bengal And Sikkim,Rangli,Sikkim,India,737131
Parkha,,Branch Post Office,Delivery,West Bengal,East Sikkim,Sikkim,North Bengal And Sikkim,Rangli,Sikkim,India,737131
Phadamchen,,Branch Post Office,Delivery,West Bengal,East Sikkim,Sikkim,North Bengal And Sikkim,Rangli,Sikkim,India,737131
Rangli Bazar,,Sub Post Office,Delivery,West Bengal,East Sikkim,Sikkim,North Bengal And Sikkim,Rangli,Sikkim,India,737131
Rolep,,Branch Post Office,Delivery,West Bengal,East Sikkim,Sikkim,North Bengal And Sikkim,Rangli,Sikkim,India,737131
South Regu,,Branch Post Office,Delivery,West Bengal,East Sikkim,Sikkim,North Bengal And Sikkim,Rangli,Sikkim,India,737131
Duga,,Branch Post Office,Delivery,West Bengal,East Sikkim,Sikkim,North Bengal And Sikkim,Rangpo,Sikkim,India,737132
East Pendam,,Branch Post Office,Delivery,West Bengal,East Sikkim,Sikkim,North Bengal And Sikkim,Rangpo,Sikkim,India,737132
Kateng Bokrang,,Branch Post Office,Delivery,West Bengal,East Sikkim,Sikkim,North Bengal And Sikkim,Rangpo,Sikkim,India,737132
Mamring,,Branch Post Office,Delivery,West Bengal,East Sikkim,Sikkim,North Bengal And Sikkim,Rangpo,Sikkim,India,737132
Maney Dara,,Branch Post Office,Delivery,West Bengal,East Sikkim,Sikkim,North Bengal And Sikkim,Rangpo,Sikkim,India,737132
Namthang,,Branch Post Office,Delivery,West Bengal,East Sikkim,Sikkim,North Bengal And Sikkim,Rangpo,Sikkim,India,737132
Rangpo,,Sub Post Office,Delivery,West Bengal,East Sikkim,Sikkim,North Bengal And Sikkim,Rangpo,Sikkim,India,737132
Turung,,Branch Post Office,Delivery,West Bengal,East Sikkim,Sikkim,North Bengal And Sikkim,Rangpo,Sikkim,India,737132
Upper Pendam,,Branch Post Office,Delivery,West Bengal,East Sikkim,Sikkim,North Bengal And Sikkim,Rangpo,Sikkim,India,737132
Amba,,Branch Post Office,Delivery,West Bengal,East Sikkim,Sikkim,North Bengal And Sikkim,Rhenock,Sikkim,India,737133
Aritar,,Branch Post Office,Delivery,West Bengal,East Sikkim,Sikkim,North Bengal And Sikkim,Rhenock,Sikkim,India,737133
Rhenock,,Sub Post Office,Delivery,West Bengal,East Sikkim,Sikkim,North Bengal And Sikkim,Rhenock,Sikkim,India,737133
Rorathang,,Branch Post Office,Delivery,West Bengal,East Sikkim,Sikkim,North Bengal And Sikkim,Rhenock,Sikkim,India,737133
Shivalaya Mandir Lingsey,,Branch Post Office,Delivery,West Bengal,East Sikkim,Sikkim,North Bengal And Sikkim,Rhenock,Sikkim,India,737133
Sudunglakha,,Branch Post Office,Delivery,West Bengal,East Sikkim,Sikkim,North Bengal And Sikkim,Rhenock,Sikkim,India,737133
Taza,,Branch Post Office,Delivery,West Bengal,East Sikkim,Sikkim,North Bengal And Sikkim,Rhenock,Sikkim,India,737133
Upper Dalapchand,,Branch Post Office,Delivery,West Bengal,East Sikkim,Sikkim,North Bengal And Sikkim,Rhenock,Sikkim,India,737133
Upper Khamdong,,Branch Post Office,Delivery,West Bengal,East Sikkim,Sikkim,North Bengal And Sikkim,Rhenock,Sikkim,India,737133
Bardang,,Branch Post Office,Delivery,West Bengal,East Sikkim,Sikkim,North Bengal And Sikkim,Singtam,Sikkim,India,737134
Bermiok,,Branch Post Office,Delivery,West Bengal,East Sikkim,Sikkim,North Bengal And Sikkim,Singtam,Sikkim,India,737134
Beyong,,Branch Post Office,Delivery,West Bengal,East Sikkim,Sikkim,North Bengal And Sikkim,Singtam,Sikkim,India,737134
Dipudara Nhpc Complex,,Branch Post Office,Delivery,West Bengal,East Sikkim,Sikkim,North Bengal And Sikkim,Singtam,Sikkim,India,737134
Gangkha Busty,,Branch Post Office,Delivery,West Bengal,East Sikkim,Sikkim,North Bengal And Sikkim,Singtam,Sikkim,India,737134
Khamdong,,Branch Post Office,Delivery,West Bengal,East Sikkim,Sikkim,North Bengal And Sikkim,Singtam,Sikkim,India,737134
Kokalay,,Branch Post Office,Delivery,West Bengal,East Sikkim,Sikkim,North Bengal And Sikkim,Singtam,Sikkim,India,737134
Lingee,,Branch Post Office,Delivery,West Bengal,East Sikkim,Sikkim,North Bengal And Sikkim,Singtam,Sikkim,India,737134
Lingmoo,,Branch Post Office,Delivery,West Bengal,East Sikkim,Sikkim,North Bengal And Sikkim,Singtam,Sikkim,India,737134
Lingzey,,Branch Post Office,Delivery,West Bengal,East Sikkim,Sikkim,North Bengal And Sikkim,Singtam,Sikkim,India,737134
Lunsing,,Branch Post Office,Delivery,West Bengal,East Sikkim,Sikkim,North Bengal And Sikkim,Singtam,Sikkim,India,737134
Namphing,,Branch Post Office,Delivery,West Bengal,East Sikkim,Sikkim,North Bengal And Sikkim,Singtam,Sikkim,India,737134
Nazitam,,Branch Post Office,Delivery,West Bengal,East Sikkim,Sikkim,North Bengal And Sikkim,Singtam,Sikkim,India,737134
Neya,,Branch Post Office,Delivery,West Bengal,East Sikkim,Sikkim,North Bengal And Sikkim,Singtam,Sikkim,India,737134
Sakhu Busty,,Branch Post Office,Delivery,West Bengal,East Sikkim,Sikkim,North Bengal And Sikkim,Singtam,Sikkim,India,737134
Sangkhola,,Branch Post Office,Delivery,West Bengal,East Sikkim,Sikkim,North Bengal And Sikkim,Singtam,Sikkim,India,737134
Sinchuthang,,Branch Post Office,Delivery,West Bengal,East Sikkim,Sikkim,North Bengal And Sikkim,Singtam,Sikkim,India,737134
Singtam,,Sub Post Office,Delivery,West Bengal,East Sikkim,Sikkim,North Bengal And Sikkim,Singtam,Sikkim,India,737134
Song,,Branch Post Office,Delivery,West Bengal,East Sikkim,Sikkim,North Bengal And Sikkim,Singtam,Sikkim,India,737134
Sumin,,Branch Post Office,Delivery,West Bengal,East Sikkim,Sikkim,North Bengal And Sikkim,Singtam,Sikkim,India,737134
Tarku,,Branch Post Office,Delivery,West Bengal,East Sikkim,Sikkim,North Bengal And Sikkim,Singtam,Sikkim,India,737134
Temi Tarku,,Branch Post Office,Delivery,West Bengal,East Sikkim,Sikkim,North Bengal And Sikkim,Singtam,Sikkim,India,737134
Tumin,,Branch Post Office,Delivery,West Bengal,East Sikkim,Sikkim,North Bengal And Sikkim,Singtam,Sikkim,India,737134
West Pendam,,Branch Post Office,Delivery,West Bengal,East Sikkim,Sikkim,North Bengal And Sikkim,Singtam,Sikkim,India,737134
Yangyang,,Branch Post Office,Delivery,West Bengal,East Sikkim,Sikkim,North Bengal And Sikkim,Singtam,Sikkim,India,737134
Ahoo Busty,,Branch Post Office,Delivery,West Bengal,East Sikkim,Sikkim,North Bengal And Sikkim,Ranipool,Sikkim,India,737135
Assam Lingzey,,Branch Post Office,Delivery,West Bengal,East Sikkim,Sikkim,North Bengal And Sikkim,Ranipool,Sikkim,India,737135
Middle Camp,,Branch Post Office,Delivery,West Bengal,East Sikkim,Sikkim,North Bengal And Sikkim,Ranipool,Sikkim,India,737135
Nandok,,Branch Post Office,Delivery,West Bengal,East Sikkim,Sikkim,North Bengal And Sikkim,Ranipool / Gangtok,Sikkim,India,737135
Ranipool,,Sub Post Office,Delivery,West Bengal,East Sikkim,Sikkim,North Bengal And Sikkim,Gangtok,Sikkim,India,737135
Rautey-rumtek,,Branch Post Office,Delivery,West Bengal,East Sikkim,Sikkim,North Bengal And Sikkim,Ranipool / Gangtok,Sikkim,India,737135
Ray-mindu,,Branch Post Office,Delivery,West Bengal,East Sikkim,Sikkim,North Bengal And Sikkim,Ranipool,Sikkim,India,737135
Rumtek,,Branch Post Office,Delivery,West Bengal,East Sikkim,Sikkim,North Bengal And Sikkim,Ranipool,Sikkim,India,737135
Samlick-marchak,,Branch Post Office,Delivery,West Bengal,East Sikkim,Sikkim,North Bengal And Sikkim,Ranipool,Sikkim,India,737135
Upper Martam,,Branch Post Office,Delivery,West Bengal,East Sikkim,Sikkim,North Bengal And Sikkim,Ranipool / Gangtok,Sikkim,India,737135
Majitar,,Sub Post Office,Delivery,West Bengal,East Sikkim,Sikkim,North Bengal And Sikkim,Rangpo,Sikkim,India,737136
Makha,,Sub Post Office,Delivery,West Bengal,East Sikkim,Sikkim,North Bengal And Sikkim,Singtam,Sikkim,India,737138
Barfung,,Branch Post Office,Delivery,West Bengal,South Sikkim,Sikkim,North Bengal And Sikkim,Ravangla,Sikkim,India,737139
Ben,,Branch Post Office,Delivery,West Bengal,South Sikkim,Sikkim,North Bengal And Sikkim,Ravangla,Sikkim,India,737139
Berang,,Branch Post Office,Delivery,West Bengal,South Sikkim,Sikkim,North Bengal And Sikkim,Ravangla,Sikkim,India,737139
Kewzing,,Branch Post Office,Delivery,West Bengal,South Sikkim,Sikkim,North Bengal And Sikkim,Ravangla,Sikkim,India,737139
Phamtam,,Branch Post Office,Delivery,West Bengal,South Sikkim,Sikkim,North Bengal And Sikkim,Ravangla,Sikkim,India,737139
Ralang,,Branch Post Office,Delivery,West Bengal,South Sikkim,Sikkim,North Bengal And Sikkim,Ravangla,Sikkim,India,737139
Ravangla,,Sub Post Office,Delivery,West Bengal,South Sikkim,Sikkim,North Bengal And Sikkim,Ravangla,Sikkim,India,737139
Sangmoo,,Branch Post Office,Delivery,West Bengal,South Sikkim,Sikkim,North Bengal And Sikkim,Ravangla,Sikkim,India,737139
Tingmoo,,Branch Post Office,Delivery,West Bengal,South Sikkim,Sikkim,North Bengal And Sikkim,Ravangla,Sikkim,India,737139
Tinkitam,,Branch Post Office,Delivery,West Bengal,South Sikkim,Sikkim,North Bengal And Sikkim,Ravangla,Sikkim,India,737139
