Agartala,,Head Post Office,Delivery,North Eastern,West Tripura,Agartala,Shillong HQ,Sadar,Tripura,India,799001
Agartala Bazar,,Sub Post Office,Non-Delivery,North Eastern,West Tripura,Agartala,Shillong HQ,NA,Tripura,India,799001
Agartala Court,,Sub Post Office,Non-Delivery,North Eastern,West Tripura,Agartala,Shillong HQ,NA,Tripura,India,799001
Jaganath Bari Road,,Sub Post Office,Non-Delivery,North Eastern,West Tripura,Agartala,Shillong HQ,NA,Tripura,India,799001
AgartalaGuard Post,,Branch Post Office,Delivery,North Eastern,West Tripura,Agartala,Shillong HQ,Sadar,Tripura,India,799002
Barjala,,Branch Post Office,Delivery,North Eastern,West Tripura,Agartala,Shillong HQ,Sadar,Tripura,India,799002
Border Rampur,,Branch Post Office,Delivery,North Eastern,West Tripura,Agartala,Shillong HQ,NA,Tripura,India,799002
Krishnagar,,Branch Post Office,Delivery,North Eastern,West Tripura,Agartala,Shillong HQ,Sadar,Tripura,India,799002
Paschim Bhubanban,,Branch Post Office,Delivery,North Eastern,West Tripura,Agartala,Shillong HQ,Sadar,Tripura,India,799002
Puran Kalibari,,Branch Post Office,Delivery,North Eastern,West Tripura,Agartala,Shillong HQ,Sadar,Tripura,India,799002
Ramnagar (West Tripura),,Sub Post Office,Delivery,North Eastern,West Tripura,Agartala,Shillong HQ,Sadar,Tripura,India,799002
Town Rampur,,Branch Post Office,Delivery,North Eastern,West Tripura,Agartala,Shillong HQ,Sadar,Tripura,India,799002
Arundhutinagar,,Sub Post Office,Delivery,North Eastern,West Tripura,Agartala,Shillong HQ,Sadar,Tripura,India,799003
Badharghat,,Branch Post Office,Delivery,North Eastern,West Tripura,Agartala,Shillong HQ,Sadar,Tripura,India,799003
Bhattapukur,,Branch Post Office,Delivery,North Eastern,West Tripura,Agartala,Shillong HQ,NA,Tripura,India,799003
Charipara,,Branch Post Office,Delivery,North Eastern,West Tripura,Agartala,Shillong HQ,Sadar,Tripura,India,799003
Ishanchandranagar,,Branch Post Office,Delivery,North Eastern,West Tripura,Agartala,Shillong HQ,Sadar,Tripura,India,799003
Madhuban,,Branch Post Office,Delivery,North Eastern,West Tripura,Agartala,Shillong HQ,Sadar,Tripura,India,799003
Ranirkhamar,,Branch Post Office,Delivery,North Eastern,West Tripura,Agartala,Shillong HQ,Sadar,Tripura,India,799003
S.D.Mission Colony,,Branch Post Office,Non-Delivery,North Eastern,West Tripura,Agartala,Shillong HQ,Sadar,Tripura,India,799003
Siddhi Ashram,,Branch Post Office,Delivery,North Eastern,West Tripura,Agartala,Shillong HQ,Sadar,Tripura,India,799003
Agartala College,,Sub Post Office,Delivery,North Eastern,West Tripura,Agartala,Shillong HQ,NA,Tripura,India,799004
Anandanagar,,Branch Post Office,Delivery,North Eastern,West Tripura,Agartala,Shillong HQ,Sadar,Tripura,India,799004
Aralia,,Branch Post Office,Delivery,North Eastern,West Tripura,Agartala,Shillong HQ,Agartala,Tripura,India,799004
Dhupcherra,,Branch Post Office,Delivery,North Eastern,West Tripura,Agartala,Shillong HQ,Agartala,Tripura,India,799004
Gabordi,,Branch Post Office,Delivery,North Eastern,West Tripura,Agartala,Shillong HQ,Sadar,Tripura,India,799004
Jogendranagar,,Branch Post Office,Delivery,North Eastern,West Tripura,Agartala,Shillong HQ,Sadar,Tripura,India,799004
Nagicherra,,Branch Post Office,Delivery,North Eastern,West Tripura,Agartala,Shillong HQ,Sadar,Tripura,India,799004
Purba Pratapgarh,,Branch Post Office,Delivery,North Eastern,West Tripura,Agartala,Shillong HQ,Sadar,Tripura,India,799004
Renters Colony,,Branch Post Office,Delivery,North Eastern,West Tripura,Agartala,Shillong HQ,Sadar,Tripura,India,799004
Srinagar Kacharipara,,Branch Post Office,Delivery,North Eastern,West Tripura,Agartala,Shillong HQ,Sadar,Tripura,India,799004
Town pratapgarh,,Branch Post Office,Delivery,North Eastern,West Tripura,Agartala,Shillong HQ,Sadar,Tripura,India,799004
Abhoynagar,,Sub Post Office,Delivery,North Eastern,West Tripura,Agartala,Shillong HQ,NA,Tripura,India,799005
Bankumari E/SB,,Branch Post Office,Delivery,North Eastern,West Tripura,Agartala,Shillong HQ,Sadar,Tripura,India,799006
G.B.Hospital,,Branch Post Office,Delivery,North Eastern,West Tripura,Agartala,Shillong HQ,Sadar,Tripura,India,799006
Indranagar,,Branch Post Office,Delivery,North Eastern,West Tripura,Agartala,Shillong HQ,Sadar,Tripura,India,799006
Kathalbagan,,Branch Post Office,Delivery,North Eastern,West Tripura,Agartala,Shillong HQ,Sadar,Tripura,India,799006
Kunjaban,,Sub Post Office,Delivery,North Eastern,West Tripura,Agartala,Shillong HQ,Sadar,Tripura,India,799006
Kunjabon Road,,Branch Post Office,Delivery,North Eastern,West Tripura,Agartala,Shillong HQ,Sadar,Tripura,India,799006
Nandannagar,,Branch Post Office,Delivery,North Eastern,West Tripura,Agartala,Shillong HQ,Sadar,Tripura,India,799006
Noagaon Krishnagar,,Branch Post Office,Delivery,North Eastern,West Tripura,Agartala,Shillong HQ,Sadar,Tripura,India,799006
Banamalipur,,Branch Post Office,Delivery,North Eastern,West Tripura,Agartala,Shillong HQ,NA,Tripura,India,799007
Dhaleswar,,Sub Post Office,Delivery,North Eastern,West Tripura,Agartala,Shillong HQ,Sadar,Tripura,India,799007
Khasnoagaon,,Branch Post Office,Delivery,North Eastern,West Tripura,Agartala,Shillong HQ,Khayerpur,Tripura,India,799008
Khayerpur,,Sub Post Office,Delivery,North Eastern,West Tripura,Agartala,Shillong HQ,Jirania,Tripura,India,799008
Mariamnagar,,Branch Post Office,Delivery,North Eastern,West Tripura,Agartala,Shillong HQ,Khayerpur,Tripura,India,799008
Neepco,,Branch Post Office,Delivery,North Eastern,West Tripura,Agartala,Shillong HQ,Khayerpur,Tripura,India,799008
Old Agartala,,Branch Post Office,Delivery,North Eastern,West Tripura,Agartala,Shillong HQ,Khayerpur,Tripura,India,799008
Paschim Champamur,,Branch Post Office,Delivery,North Eastern,West Tripura,Agartala,Shillong HQ,Khayerpur,Tripura,India,799008
Paschim Noabadi,,Branch Post Office,Delivery,North Eastern,West Tripura,Agartala,Shillong HQ,Khayerpur,Tripura,India,799008
Ramachandranagar,,Branch Post Office,Delivery,North Eastern,West Tripura,Agartala,Shillong HQ,Khayerpur,Tripura,India,799008
Reshambagan,,Branch Post Office,Delivery,North Eastern,West Tripura,Agartala,Shillong HQ,Khayerpur,Tripura,India,799008
Agartala Aerodrome,,Sub Post Office,Delivery,North Eastern,West Tripura,Agartala,Shillong HQ,Mohanpur,Tripura,India,799009
Durjaynagar,,Branch Post Office,Delivery,North Eastern,West Tripura,Agartala,Shillong HQ,Sadar,Tripura,India,799009
Lankamura,,Branch Post Office,Delivery,North Eastern,West Tripura,Agartala,Shillong HQ,Sadar,Tripura,India,799009
Narayanpur,,Branch Post Office,Delivery,North Eastern,West Tripura,Agartala,Shillong HQ,Sadar,Tripura,India,799009
Nutannagar,,Branch Post Office,Delivery,North Eastern,West Tripura,Agartala,Shillong HQ,Sadar,Tripura,India,799009
Agartala Secretariat,,Sub Post Office,Delivery,North Eastern,West Tripura,Agartala,Shillong HQ,NA,Tripura,India,799010
Gandhigram,,Branch Post Office,Delivery,North Eastern,West Tripura,Agartala,Shillong HQ,Sadar,Tripura,India,799012
Salbagan,,Sub Post Office,Delivery,North Eastern,West Tripura,Agartala,Shillong HQ,Sadar,Tripura,India,799012
Abani Reangpara,,Branch Post Office,Delivery,North Eastern,South Tripura,Agartala,Shillong HQ,NA,Tripura,India,799013
Dakshin Chandrapur,,Branch Post Office,Delivery,North Eastern,South Tripura,Agartala,Shillong HQ,Udaipur,Tripura,India,799013
Dakshin Maharani,,Branch Post Office,Delivery,North Eastern,South Tripura,Agartala,Shillong HQ,Udaipur,Tripura,India,799013
Fulkumari,,Branch Post Office,Delivery,North Eastern,South Tripura,Agartala,Shillong HQ,Udaipur,Tripura,India,799013
Holakhet,,Branch Post Office,Delivery,North Eastern,South Tripura,Agartala,Shillong HQ,Udaipur,Tripura,India,799013
Jamjuri,,Branch Post Office,Delivery,North Eastern,South Tripura,Agartala,Shillong HQ,Udaipur,Tripura,India,799013
Joalikhamar,,Branch Post Office,Delivery,North Eastern,South Tripura,Agartala,Shillong HQ,Udaipur,Tripura,India,799013
Lakshipati,,Branch Post Office,Delivery,North Eastern,South Tripura,Agartala,Shillong HQ,Udaipur,Tripura,India,799013
Maharani,,Branch Post Office,Delivery,North Eastern,South Tripura,Agartala,Shillong HQ,Udaipur,Tripura,India,799013
Murapara,,Branch Post Office,Delivery,North Eastern,South Tripura,Agartala,Shillong HQ,Udaipur,Tripura,India,799013
Tripureswari Colony,,Sub Post Office,Delivery,North Eastern,South Tripura,Agartala,Shillong HQ,Udaipur,Tripura,India,799013
Agartala ONGC,,Sub Post Office,Delivery,North Eastern,West Tripura,Agartala,Shillong HQ,Sadar,Tripura,India,799014
Bimangarh,,Sub Post Office,Delivery,North Eastern,West Tripura,Agartala,Shillong HQ,Sadar,Tripura,India,799015
Tebaria,,Branch Post Office,Delivery,North Eastern,South Tripura,Agartala,Shillong HQ,Sadar,Tripura,India,799015
Tripura University,,Sub Post Office,Delivery,North Eastern,West Tripura,Agartala,Shillong HQ,Bishalgarh,Tripura,India,799022
Burakha Landless Colony,,Branch Post Office,Delivery,North Eastern,West Tripura,Agartala,Shillong HQ,Ranirbazar,Tripura,India,799035
Dinabandhupara,,Branch Post Office,Delivery,North Eastern,West Tripura,Agartala,Shillong HQ,Ranirbazar,Tripura,India,799035
Durganagar,,Branch Post Office,Delivery,North Eastern,West Tripura,Agartala,Shillong HQ,Ranirbazar,Tripura,India,799035
Majlishpur,,Branch Post Office,Delivery,North Eastern,West Tripura,Agartala,Shillong HQ,Ranirbazar,Tripura,India,799035
Meghlipara,,Branch Post Office,Delivery,North Eastern,West Tripura,Agartala,Shillong HQ,Ranirbazar,Tripura,India,799035
Purba Noagaon,,Branch Post Office,Delivery,North Eastern,West Tripura,Agartala,Shillong HQ,Ranirbazar,Tripura,India,799035
Ranirbazar,,Sub Post Office,Delivery,North Eastern,West Tripura,Agartala,Shillong HQ,Ranirbazar,Tripura,India,799035
Sonamani sepaipara,,Branch Post Office,Delivery,North Eastern,West Tripura,Agartala,Shillong HQ,Ranirbazar,Tripura,India,799035
Wakinagar,,Branch Post Office,Delivery,North Eastern,West Tripura,Agartala,Shillong HQ,Ranirbazar,Tripura,India,799035
Ashigarh,,Branch Post Office,Delivery,North Eastern,West Tripura,Agartala,Shillong HQ,Birendranagar,Tripura,India,799045
Atharacord Colony,,Branch Post Office,Delivery,North Eastern,West Tripura,Agartala,Shillong HQ,NA,Tripura,India,799045
Belbari,,Branch Post Office,Delivery,North Eastern,West Tripura,Agartala,Shillong HQ,Birendranagar,Tripura,India,799045
Birendranagar,,Sub Post Office,Delivery,North Eastern,West Tripura,Agartala,Shillong HQ,NA,Tripura,India,799045
Brigudaspara,,Branch Post Office,Delivery,North Eastern,West Tripura,Agartala,Shillong HQ,Birendranagar,Tripura,India,799045
Champaknagar,,Branch Post Office,Delivery,North Eastern,South Tripura,Agartala,Shillong HQ,Birendranagar,Tripura,India,799045
Gurudas Colony,,Branch Post Office,Delivery,North Eastern,West Tripura,Agartala,Shillong HQ,Birendranagar,Tripura,India,799045
Janmejoynagar,,Branch Post Office,Delivery,North Eastern,West Tripura,Agartala,Shillong HQ,Birendranagar,Tripura,India,799045
Mandainagar,,Branch Post Office,Delivery,North Eastern,West Tripura,Agartala,Shillong HQ,Birendranagar,Tripura,India,799045
Mdhabbari,,Branch Post Office,Delivery,North Eastern,West Tripura,Agartala,Shillong HQ,Birendranagar,Tripura,India,799045
Noabadi,,Branch Post Office,Delivery,North Eastern,West Tripura,Agartala,Shillong HQ,Birendranagar,Tripura,India,799045
Radhamohanpur,,Branch Post Office,Delivery,North Eastern,West Tripura,Agartala,Shillong HQ,Birendranagar,Tripura,India,799045
Sanchindranagar Colony,,Branch Post Office,Delivery,North Eastern,West Tripura,Agartala,Shillong HQ,Birendranagar,Tripura,India,799045
NIT Agartala,,Sub Post Office,Delivery,North Eastern,West Tripura,Agartala,Shillong HQ,Jirania,Tripura,India,799046
Amarpur (South Tripura),,Sub Post Office,Delivery,North Eastern,South Tripura,Agartala,Shillong HQ,Amarpur,Tripura,India,799101
Ampinagar,,Branch Post Office,Delivery,North Eastern,South Tripura,Agartala,Shillong HQ,Ampi,Tripura,India,799101
Bampur,,Branch Post Office,Delivery,North Eastern,South Tripura,Agartala,Shillong HQ,Amarpur,Tripura,India,799101
Chechuajamatiabari,,Branch Post Office,Delivery,North Eastern,South Tripura,Agartala,Shillong HQ,Amarpur,Tripura,India,799101
Chellagong,,Branch Post Office,Delivery,North Eastern,South Tripura,Agartala,Shillong HQ,Amarpur,Tripura,India,799101
Dakshin taidu,,Branch Post Office,Delivery,North Eastern,South Tripura,Agartala,Shillong HQ,Amarpur,Tripura,India,799101
Debbari,,Branch Post Office,Delivery,North Eastern,South Tripura,Agartala,Shillong HQ,Amarpur,Tripura,India,799101
Dhanlekha,,Branch Post Office,Delivery,North Eastern,South Tripura,Agartala,Shillong HQ,Amarpur,Tripura,India,799101
Gamakubari,,Branch Post Office,Delivery,North Eastern,South Tripura,Agartala,Shillong HQ,Amarpur,Tripura,India,799101
Kurma,,Branch Post Office,Delivery,North Eastern,South Tripura,Agartala,Shillong HQ,Amarpur,Tripura,India,799101
Mahuamillan,,Branch Post Office,Delivery,North Eastern,South Tripura,Agartala,Shillong HQ,Amarpur,Tripura,India,799101
Malbassa,,Branch Post Office,Delivery,North Eastern,South Tripura,Agartala,Shillong HQ,Amarpur,Tripura,India,799101
Nagrai,,Branch Post Office,Delivery,North Eastern,South Tripura,Agartala,Shillong HQ,Amarpur,Tripura,India,799101
Paharpur,,Branch Post Office,Delivery,North Eastern,South Tripura,Agartala,Shillong HQ,Amarpur,Tripura,India,799101
Palku,,Branch Post Office,Delivery,North Eastern,South Tripura,Agartala,Shillong HQ,Amarpur,Tripura,India,799101
Rangamati,,Branch Post Office,Delivery,North Eastern,South Tripura,Agartala,Shillong HQ,Amarpur,Tripura,India,799101
Rangkhang,,Branch Post Office,Delivery,North Eastern,South Tripura,Agartala,Shillong HQ,Amarpur,Tripura,India,799101
Sarbong,,Branch Post Office,Delivery,North Eastern,South Tripura,Agartala,Shillong HQ,Amarpur,Tripura,India,799101
Taidubari,,Branch Post Office,Delivery,North Eastern,South Tripura,Agartala,Shillong HQ,NA,Tripura,India,799101
Bishalgarh,,Sub Post Office,Delivery,North Eastern,West Tripura,Agartala,Shillong HQ,Bishalgarh,Tripura,India,799102
Boxonagar,,Branch Post Office,Delivery,North Eastern,West Tripura,Agartala,Shillong HQ,Boxonagar,Tripura,India,799102
Brajapur,,Branch Post Office,Delivery,North Eastern,West Tripura,Agartala,Shillong HQ,Bishalgarh,Tripura,India,799102
Dhajanagar,,Branch Post Office,Delivery,North Eastern,West Tripura,Agartala,Shillong HQ,Bishalgarh,Tripura,India,799102
Gazaria,,Branch Post Office,Delivery,North Eastern,West Tripura,Agartala,Shillong HQ,Bishalgarh,Tripura,India,799102
Golaghati,,Branch Post Office,Delivery,North Eastern,West Tripura,Agartala,Shillong HQ,Bishalgarh,Tripura,India,799102
Harishnagar T.E.,,Branch Post Office,Delivery,North Eastern,West Tripura,Agartala,Shillong HQ,Bishalgarh,Tripura,India,799102
Jampuijala,,Branch Post Office,Delivery,North Eastern,West Tripura,Agartala,Shillong HQ,Bishalgarh,Tripura,India,799102
Jampuijala Colony,,Branch Post Office,Delivery,North Eastern,West Tripura,Agartala,Shillong HQ,Bishalgarh,Tripura,India,799102
Kaiyadhepa,,Branch Post Office,Delivery,North Eastern,West Tripura,Agartala,Shillong HQ,Bishalgarh,Tripura,India,799102
Kalamcherra,,Branch Post Office,Delivery,North Eastern,West Tripura,Agartala,Shillong HQ,Bishalgarh,Tripura,India,799102
Kalasimura,,Branch Post Office,Delivery,North Eastern,West Tripura,Agartala,Shillong HQ,Bishalgarh,Tripura,India,799102
Kalkalia,,Branch Post Office,Delivery,North Eastern,West Tripura,Agartala,Shillong HQ,NA,Tripura,India,799102
Kamalasagar,,Branch Post Office,Delivery,North Eastern,West Tripura,Agartala,Shillong HQ,Bishalgarh,Tripura,India,799102
Kanakraipara,,Branch Post Office,Delivery,North Eastern,West Tripura,Agartala,Shillong HQ,Bishalgarh,Tripura,India,799102
Kendraicherra,,Branch Post Office,Delivery,North Eastern,West Tripura,Agartala,Shillong HQ,Bishalgarh,Tripura,India,799102
Konabon,,Branch Post Office,Delivery,North Eastern,West Tripura,Agartala,Shillong HQ,Bishalgarh,Tripura,India,799102
Krishnakishorenagar,,Branch Post Office,Delivery,North Eastern,West Tripura,Agartala,Shillong HQ,Bishalgarh,Tripura,India,799102
Lalsingmura,,Branch Post Office,Delivery,North Eastern,West Tripura,Agartala,Shillong HQ,Bishalgarh,Tripura,India,799102
Madhupur,,Branch Post Office,Delivery,North Eastern,West Tripura,Agartala,Shillong HQ,Bishalgarh,Tripura,India,799102
Nabasantiganj Bazar,,Branch Post Office,Delivery,North Eastern,West Tripura,Agartala,Shillong HQ,Bishalgarh,Tripura,India,799102
Nabinagar,,Branch Post Office,Delivery,North Eastern,West Tripura,Agartala,Shillong HQ,Bishalgarh,Tripura,India,799102
No.2 Chandranagar,,Branch Post Office,Delivery,North Eastern,West Tripura,Agartala,Shillong HQ,Bishalgarh,Tripura,India,799102
Purathalrajnagar,,Branch Post Office,Delivery,North Eastern,West Tripura,Agartala,Shillong HQ,Bishalgarh,Tripura,India,799102
Purba Gokulnagar,,Branch Post Office,Delivery,North Eastern,West Tripura,Agartala,Shillong HQ,Bishalgarh,Tripura,India,799102
Purba Laxmi Bill,,Branch Post Office,Delivery,North Eastern,West Tripura,Agartala,Shillong HQ,Bishalgarh,Tripura,India,799102
Putia,,Branch Post Office,Delivery,North Eastern,West Tripura,Agartala,Shillong HQ,Bishalgarh,Tripura,India,799102
Rohimpur,,Branch Post Office,Delivery,North Eastern,West Tripura,Agartala,Shillong HQ,Bishalgarh,Tripura,India,799102
Rokhia G.T Project,,Branch Post Office,Delivery,North Eastern,West Tripura,Agartala,Shillong HQ,Bishalgarh,Tripura,India,799102
Sankumabari,,Branch Post Office,Delivery,North Eastern,West Tripura,Agartala,Shillong HQ,Bishalgarh,Tripura,India,799102
Sepahijala,,Branch Post Office,Delivery,North Eastern,West Tripura,Agartala,Shillong HQ,Bishalgarh,Tripura,India,799102
South Nehalchandranagar,,Branch Post Office,Non-Delivery,North Eastern,West Tripura,Agartala,Shillong HQ,Bishalgarh,Tripura,India,799102
Sutarmura,,Branch Post Office,Delivery,North Eastern,West Tripura,Agartala,Shillong HQ,Bishalgarh,Tripura,India,799102
Takarjala,,Branch Post Office,Delivery,North Eastern,West Tripura,Agartala,Shillong HQ,Bishalgarh,Tripura,India,799102
Ujan Ghaniamara,,Branch Post Office,Delivery,North Eastern,West Tripura,Agartala,Shillong HQ,Bishalgarh,Tripura,India,799102
Veluarchar,,Branch Post Office,Delivery,North Eastern,West Tripura,Agartala,Shillong HQ,Bishalgarh,Tripura,India,799102
West Laxmibill,,Branch Post Office,Non-Delivery,North Eastern,West Tripura,Agartala,Shillong HQ,Bishalgarh,Tripura,India,799102
Amarendranagar,,Branch Post Office,Delivery,North Eastern,West Tripura,Agartala,Shillong HQ,Bishramganj,Tripura,India,799103
Bagmara,,Branch Post Office,Delivery,North Eastern,South Tripura,Agartala,Shillong HQ,Bishramganj,Tripura,India,799103
Barjala,,Branch Post Office,Delivery,North Eastern,West Tripura,Agartala,Shillong HQ,Bishramganj,Tripura,India,799103
Bishramganj,,Sub Post Office,Delivery,North Eastern,West Tripura,Agartala,Shillong HQ,Bishramganj,Tripura,India,799103
Charilam,,Branch Post Office,Delivery,North Eastern,West Tripura,Agartala,Shillong HQ,Bishramganj,Tripura,India,799103
Chechrimile,,Branch Post Office,Delivery,North Eastern,West Tripura,Agartala,Shillong HQ,Bishramganj,Tripura,India,799103
Goliraibari,,Branch Post Office,Delivery,North Eastern,West Tripura,Agartala,Shillong HQ,Bishramganj,Tripura,India,799103
Latiacherra,,Branch Post Office,Delivery,North Eastern,West Tripura,Agartala,Shillong HQ,Bishramganj,Tripura,India,799103
Padmanagar,,Branch Post Office,Delivery,North Eastern,West Tripura,Agartala,Shillong HQ,Bishramganj,Tripura,India,799103
Pathaliaghat,,Branch Post Office,Delivery,North Eastern,West Tripura,Agartala,Shillong HQ,Bishramganj,Tripura,India,799103
Promodenagar,,Branch Post Office,Delivery,North Eastern,West Tripura,Agartala,Shillong HQ,Bishramganj,Tripura,India,799103
Ramnagar Bazar,,Branch Post Office,Delivery,North Eastern,West Tripura,Agartala,Shillong HQ,Bishramganj,Tripura,India,799103
Rangamala Bazar,,Branch Post Office,Delivery,North Eastern,West Tripura,Agartala,Shillong HQ,Bishramganj,Tripura,India,799103
South Charilam,,Branch Post Office,Delivery,North Eastern,West Tripura,Agartala,Shillong HQ,Bishramganj,Tripura,India,799103
Tekshapara,,Branch Post Office,Delivery,North Eastern,West Tripura,Agartala,Shillong HQ,Bishramganj,Tripura,India,799103
Barbil,,Branch Post Office,Delivery,North Eastern,South Tripura,Agartala,Shillong HQ,Jatanbari,Tripura,India,799104
Boalkhali,,Branch Post Office,Delivery,North Eastern,South Tripura,Agartala,Shillong HQ,Jatanbari,Tripura,India,799104
Dumburnagar,,Branch Post Office,Delivery,North Eastern,South Tripura,Agartala,Shillong HQ,Jatanbari,Tripura,India,799104
Ghorakappa,,Branch Post Office,Delivery,North Eastern,South Tripura,Agartala,Shillong HQ,Jatanbari,Tripura,India,799104
Gomti Project,,Sub Post Office,Delivery,North Eastern,South Tripura,Agartala,Shillong HQ,NA,Tripura,India,799104
Jalaya,,Branch Post Office,Delivery,North Eastern,South Tripura,Agartala,Shillong HQ,Jatanbari,Tripura,India,799104
Karbook,,Branch Post Office,Delivery,North Eastern,South Tripura,Agartala,Shillong HQ,Jatanbari,Tripura,India,799104
Lebacherra,,Branch Post Office,Delivery,North Eastern,South Tripura,Agartala,Shillong HQ,Jatanbari,Tripura,India,799104
Paticherri,,Branch Post Office,Delivery,North Eastern,South Tripura,Agartala,Shillong HQ,Jatanbari,Tripura,India,799104
Purba Manikya Dewan,,Branch Post Office,Delivery,North Eastern,South Tripura,Agartala,Shillong HQ,Jatanbari,Tripura,India,799104
Raima,,Branch Post Office,Delivery,North Eastern,South Tripura,Agartala,Shillong HQ,Jatanbari,Tripura,India,799104
Silacharri,,Branch Post Office,Delivery,North Eastern,South Tripura,Agartala,Shillong HQ,Jatanbari,Tripura,India,799104
Suknacherri,,Branch Post Office,Delivery,North Eastern,South Tripura,Agartala,Shillong HQ,Jatanbari,Tripura,India,799104
Tirthamukh,,Branch Post Office,Delivery,North Eastern,South Tripura,Agartala,Shillong HQ,Jatanbari,Tripura,India,799104
Tuichama,,Branch Post Office,Delivery,North Eastern,South Tripura,Agartala,Shillong HQ,Jatanbari,Tripura,India,799104
Uttar Chellagonj,,Branch Post Office,Delivery,North Eastern,South Tripura,Agartala,Shillong HQ,Jatanbari,Tripura,India,799104
Bazar Amtali,,Branch Post Office,Delivery,North Eastern,South Tripura,Agartala,Shillong HQ,Kakranan,Tripura,India,799105
Chandul,,Branch Post Office,Delivery,North Eastern,West Tripura,Agartala,Shillong HQ,Kakranan,Tripura,India,799105
Dhuptali,,Branch Post Office,Delivery,North Eastern,South Tripura,Agartala,Shillong HQ,Kakranan,Tripura,India,799105
East Mirza,,Branch Post Office,Delivery,North Eastern,South Tripura,Agartala,Shillong HQ,Kakranan,Tripura,India,799105
Hadra,,Branch Post Office,Delivery,North Eastern,South Tripura,Agartala,Shillong HQ,Kakranan,Tripura,India,799105
Ichacherra,,Branch Post Office,Delivery,North Eastern,South Tripura,Agartala,Shillong HQ,Kakranan,Tripura,India,799105
Jitendranagar,,Branch Post Office,Delivery,North Eastern,South Tripura,Agartala,Shillong HQ,Kakranan,Tripura,India,799105
Kakraban,,Sub Post Office,Delivery,North Eastern,South Tripura,Agartala,Shillong HQ,Kakranan,Tripura,India,799105
Kamrangatali,,Branch Post Office,Delivery,North Eastern,West Tripura,Agartala,Shillong HQ,Kakranan,Tripura,India,799105
Kishoreganj,,Branch Post Office,Delivery,North Eastern,South Tripura,Agartala,Shillong HQ,NA,Tripura,India,799105
Kusumara,,Branch Post Office,Delivery,North Eastern,South Tripura,Agartala,Shillong HQ,Kakranan,Tripura,India,799105
Mogpuskarini,,Branch Post Office,Delivery,North Eastern,South Tripura,Agartala,Shillong HQ,Udaipur,Tripura,India,799105
Mohanbhog,,Branch Post Office,Delivery,North Eastern,West Tripura,Agartala,Shillong HQ,Kakranan,Tripura,India,799105
Palatana,,Branch Post Office,Delivery,North Eastern,South Tripura,Agartala,Shillong HQ,Udaipur,Tripura,India,799105
Paschim Mogpuskarini,,Branch Post Office,Delivery,North Eastern,South Tripura,Agartala,Shillong HQ,Udaipur,Tripura,India,799105
Rani,,Branch Post Office,Delivery,North Eastern,South Tripura,Agartala,Shillong HQ,Kakranan,Tripura,India,799105
Samukcherra,,Branch Post Office,Delivery,North Eastern,South Tripura,Agartala,Shillong HQ,Kakranan,Tripura,India,799105
Silghati,,Branch Post Office,Delivery,North Eastern,South Tripura,Agartala,Shillong HQ,Kakranan,Tripura,India,799105
Taibandal,,Branch Post Office,Delivery,North Eastern,West Tripura,Agartala,Shillong HQ,Kakranan,Tripura,India,799105
Upendranagar,,Branch Post Office,Delivery,North Eastern,South Tripura,Agartala,Shillong HQ,Kakranan,Tripura,India,799105
Bagma ED,,Branch Post Office,Delivery,North Eastern,South Tripura,Agartala,Shillong HQ,Bagma,Tripura,India,799114
East Bagabassa,,Branch Post Office,Delivery,North Eastern,South Tripura,Agartala,Shillong HQ,Udaipur,Tripura,India,799114
Gakulpur,,Sub Post Office,Delivery,North Eastern,South Tripura,Agartala,Shillong HQ,Matarbari,Tripura,India,799114
Garjanmura,,Branch Post Office,Delivery,North Eastern,South Tripura,Agartala,Shillong HQ,Udaipur,Tripura,India,799114
Khilpara,,Branch Post Office,Delivery,North Eastern,South Tripura,Agartala,Shillong HQ,Udaipur,Tripura,India,799114
Killarbazar,,Branch Post Office,Delivery,North Eastern,South Tripura,Agartala,Shillong HQ,Udaipur,Tripura,India,799114
Kupilong,,Branch Post Office,Delivery,North Eastern,South Tripura,Agartala,Shillong HQ,Udaipur,Tripura,India,799114
Manikya,,Branch Post Office,Delivery,North Eastern,South Tripura,Agartala,Shillong HQ,Udaipur,Tripura,India,799114
Pitra Bazar,,Branch Post Office,Delivery,North Eastern,South Tripura,Agartala,Shillong HQ,Udaipur,Tripura,India,799114
Raiyabari,,Branch Post Office,Delivery,North Eastern,South Tripura,Agartala,Shillong HQ,Udaipur,Tripura,India,799114
Rajarbag,,Branch Post Office,Delivery,North Eastern,South Tripura,Agartala,Shillong HQ,Udaipur,Tripura,India,799114
Rajnagar Colony,,Branch Post Office,Delivery,North Eastern,South Tripura,Agartala,Shillong HQ,Udaipur,Tripura,India,799114
Salgara,,Branch Post Office,Delivery,North Eastern,South Tripura,Agartala,Shillong HQ,Udaipur,Tripura,India,799114
Tepania,,Branch Post Office,Delivery,North Eastern,South Tripura,Agartala,Shillong HQ,Udaipur,Tripura,India,799114
Thelakum,,Branch Post Office,Delivery,North Eastern,South Tripura,Agartala,Shillong HQ,Udaipur,Tripura,India,799114
Uttar Brojendranagar,,Branch Post Office,Delivery,North Eastern,South Tripura,Agartala,Shillong HQ,Udaipur,Tripura,India,799114
Bagabassa,,Branch Post Office,Delivery,North Eastern,South Tripura,Agartala,Shillong HQ,Melaghar,Tripura,India,799115
Bardwal,,Branch Post Office,Delivery,North Eastern,West Tripura,Agartala,Shillong HQ,Melaghar,Tripura,India,799115
Battali,,Branch Post Office,Delivery,North Eastern,West Tripura,Agartala,Shillong HQ,Melaghar,Tripura,India,799115
Chandigarh,,Branch Post Office,Delivery,North Eastern,West Tripura,Agartala,Shillong HQ,Melaghar,Tripura,India,799115
Chowmouhani,,Branch Post Office,Delivery,North Eastern,West Tripura,Agartala,Shillong HQ,Melaghar,Tripura,India,799115
Durlavnarayan,,Branch Post Office,Delivery,North Eastern,West Tripura,Agartala,Shillong HQ,Melaghar,Tripura,India,799115
Jumerdhepa,,Branch Post Office,Delivery,North Eastern,West Tripura,Agartala,Shillong HQ,Melaghar,Tripura,India,799115
Kemtali,,Branch Post Office,Delivery,North Eastern,West Tripura,Agartala,Shillong HQ,Melaghar,Tripura,India,799115
Khas Chowmouhani,,Branch Post Office,Delivery,North Eastern,West Tripura,Agartala,Shillong HQ,Melaghar,Tripura,India,799115
Lakshmandhepa,,Branch Post Office,Delivery,North Eastern,West Tripura,Agartala,Shillong HQ,Melaghar,Tripura,India,799115
Melaghar,,Sub Post Office,Delivery,North Eastern,West Tripura,Agartala,Shillong HQ,Melaghar,Tripura,India,799115
Nalchar,,Branch Post Office,Delivery,North Eastern,West Tripura,Agartala,Shillong HQ,Melaghar,Tripura,India,799115
Rudijala,,Branch Post Office,Delivery,North Eastern,West Tripura,Agartala,Shillong HQ,Melaghar,Tripura,India,799115
Telkajla,,Branch Post Office,Delivery,North Eastern,West Tripura,Agartala,Shillong HQ,Melaghar,Tripura,India,799115
Urmai,,Branch Post Office,Delivery,North Eastern,West Tripura,Agartala,Shillong HQ,Melaghar,Tripura,India,799115
West Nalchar,,Branch Post Office,Delivery,North Eastern,West Tripura,Agartala,Shillong HQ,Melaghar,Tripura,India,799115
Radhakishorepur,,Head Post Office,Delivery,North Eastern,South Tripura,Agartala,Shillong HQ,Radhakishorepur,Tripura,India,799120
Gangacherra,,Branch Post Office,Delivery,North Eastern,South Tripura,Agartala,Shillong HQ,Garjee,Tripura,India,799125
Garjee,,Sub Post Office,Delivery,North Eastern,South Tripura,Agartala,Shillong HQ,NA,Tripura,India,799125
Kalabon,,Branch Post Office,Delivery,North Eastern,South Tripura,Agartala,Shillong HQ,Garjee,Tripura,India,799125
Paikhola,,Branch Post Office,Delivery,North Eastern,South Tripura,Agartala,Shillong HQ,NA,Tripura,India,799125
Paschim Paticherri Colony,,Branch Post Office,Delivery,North Eastern,South Tripura,Agartala,Shillong HQ,Garjee,Tripura,India,799125
Rajapur,,Branch Post Office,Delivery,North Eastern,South Tripura,Agartala,Shillong HQ,Garjee,Tripura,India,799125
Tainani,,Branch Post Office,Delivery,North Eastern,South Tripura,Agartala,Shillong HQ,Garjee,Tripura,India,799125
Takmacherra,,Branch Post Office,Delivery,North Eastern,South Tripura,Agartala,Shillong HQ,Garjee,Tripura,India,799125
Amtali,,Branch Post Office,Delivery,North Eastern,West Tripura,Agartala,Shillong HQ,Sekerkote,Tripura,India,799130
Champamura Bazar,,Branch Post Office,Delivery,North Eastern,West Tripura,Agartala,Shillong HQ,Sekerkote,Tripura,India,799130
Kanchanmala,,Branch Post Office,Delivery,North Eastern,West Tripura,Agartala,Shillong HQ,Sekerkote,Tripura,India,799130
Pandavpur,,Branch Post Office,Delivery,North Eastern,West Tripura,Agartala,Shillong HQ,Sekerkote,Tripura,India,799130
Paschim Gokulnagar,,Branch Post Office,Delivery,North Eastern,West Tripura,Agartala,Shillong HQ,Sekerkote,Tripura,India,799130
Pravapur,,Branch Post Office,Delivery,North Eastern,West Tripura,Agartala,Shillong HQ,Sekerkote,Tripura,India,799130
Rayermura,,Branch Post Office,Delivery,North Eastern,West Tripura,Agartala,Shillong HQ,Sekerkote,Tripura,India,799130
Sekerkote,,Sub Post Office,Delivery,North Eastern,West Tripura,Agartala,Shillong HQ,NA,Tripura,India,799130
Viveknagar,,Branch Post Office,Delivery,North Eastern,West Tripura,Agartala,Shillong HQ,Sekerkote,Tripura,India,799130
Bejimara,,Branch Post Office,Delivery,North Eastern,West Tripura,Agartala,Shillong HQ,Sonamura,Tripura,India,799131
Bhabanipur,,Branch Post Office,Delivery,North Eastern,West Tripura,Agartala,Shillong HQ,Sonamura,Tripura,India,799131
Dhanpur,,Branch Post Office,Delivery,North Eastern,West Tripura,Agartala,Shillong HQ,Sonamura,Tripura,India,799131
Durgapur,,Branch Post Office,Delivery,North Eastern,West Tripura,Agartala,Shillong HQ,NA,Tripura,India,799131
Induria,,Branch Post Office,Delivery,North Eastern,West Tripura,Agartala,Shillong HQ,Sonamura,Tripura,India,799131
Jatrapur,,Branch Post Office,Delivery,North Eastern,West Tripura,Agartala,Shillong HQ,Sonamura,Tripura,India,799131
Kalikrishnagar,,Branch Post Office,Non-Delivery,North Eastern,West Tripura,Agartala,Shillong HQ,Sonamura,Tripura,India,799131
Kamalnagar,,Branch Post Office,Delivery,North Eastern,West Tripura,Agartala,Shillong HQ,Sonamura,Tripura,India,799131
Kathalia,,Branch Post Office,Delivery,North Eastern,West Tripura,Agartala,Shillong HQ,Kathalia,Tripura,India,799131
Khedabari,,Branch Post Office,Delivery,North Eastern,West Tripura,Agartala,Shillong HQ,Sonamura,Tripura,India,799131
Kulubari,,Branch Post Office,Delivery,North Eastern,West Tripura,Agartala,Shillong HQ,Sonamura,Tripura,India,799131
Maheshpur,,Branch Post Office,Delivery,North Eastern,West Tripura,Agartala,Shillong HQ,Sonamura,Tripura,India,799131
Matinagar,,Branch Post Office,Delivery,North Eastern,West Tripura,Agartala,Shillong HQ,Sonamura,Tripura,India,799131
Mnaipather,,Branch Post Office,Delivery,North Eastern,West Tripura,Agartala,Shillong HQ,Sonamura,Tripura,India,799131
Nidya,,Branch Post Office,Delivery,North Eastern,West Tripura,Agartala,Shillong HQ,Sonamura,Tripura,India,799131
Nirvaypur,,Branch Post Office,Delivery,North Eastern,West Tripura,Agartala,Shillong HQ,Sonamura,Tripura,India,799131
Rabindranagar Colony,,Branch Post Office,Delivery,North Eastern,West Tripura,Agartala,Shillong HQ,Sonamura,Tripura,India,799131
Sonamura,,Sub Post Office,Delivery,North Eastern,West Tripura,Agartala,Shillong HQ,Sonamura,Tripura,India,799131
Dakshin Hichacherri,,Branch Post Office,Delivery,North Eastern,South Tripura,Agartala,Shillong HQ,NA,Tripura,India,799141
Debdaru Bazar,,Branch Post Office,Delivery,North Eastern,South Tripura,Agartala,Shillong HQ,Jolaibari,Tripura,India,799141
Jolaibari,,Sub Post Office,Delivery,North Eastern,South Tripura,Agartala,Shillong HQ,Bagafa,Tripura,India,799141
Kalashi Bazar,,Branch Post Office,Delivery,North Eastern,South Tripura,Agartala,Shillong HQ,Jolaibari,Tripura,India,799141
Kwaifunga,,Branch Post Office,Delivery,North Eastern,South Tripura,Agartala,Shillong HQ,Jolaibari,Tripura,India,799141
Madhya Pillak,,Branch Post Office,Delivery,North Eastern,South Tripura,Agartala,Shillong HQ,Jolaibari,Tripura,India,799141
Paschim Pillak,,Branch Post Office,Delivery,North Eastern,South Tripura,Agartala,Shillong HQ,Jolaibari,Tripura,India,799141
Sakbari,,Branch Post Office,Delivery,North Eastern,South Tripura,Agartala,Shillong HQ,Jolaibari,Tripura,India,799141
Thakurcherra,,Branch Post Office,Delivery,North Eastern,South Tripura,Agartala,Shillong HQ,Jolaibari,Tripura,India,799141
Charakbai,,Branch Post Office,Delivery,North Eastern,South Tripura,Agartala,Shillong HQ,Muhuripur,Tripura,India,799142
Muhuri Ratanpur,,Branch Post Office,Delivery,North Eastern,South Tripura,Agartala,Shillong HQ,Muhuripur,Tripura,India,799142
Muhuripur,,Sub Post Office,Delivery,North Eastern,South Tripura,Agartala,Shillong HQ,Muhuripur,Tripura,India,799142
Amlighat,,Branch Post Office,Delivery,North Eastern,South Tripura,Agartala,Shillong HQ,Manubazar,Tripura,India,799143
Bhuratali,,Branch Post Office,Delivery,North Eastern,South Tripura,Agartala,Shillong HQ,Manubazar,Tripura,India,799143
Bishnupur,,Branch Post Office,Delivery,North Eastern,South Tripura,Agartala,Shillong HQ,Manubazar,Tripura,India,799143
Dakshin Fulcherri,,Branch Post Office,Delivery,North Eastern,South Tripura,Agartala,Shillong HQ,Manubazar,Tripura,India,799143
Dakshin Manubankul,,Branch Post Office,Delivery,North Eastern,South Tripura,Agartala,Shillong HQ,NA,Tripura,India,799143
Guachand,,Branch Post Office,Delivery,North Eastern,South Tripura,Agartala,Shillong HQ,Manubazar,Tripura,India,799143
Magurcherra,,Branch Post Office,Delivery,North Eastern,South Tripura,Agartala,Shillong HQ,Manubazar,Tripura,India,799143
Manubazar,,Sub Post Office,Delivery,North Eastern,South Tripura,Agartala,Shillong HQ,Satchand,Tripura,India,799143
Satchand,,Branch Post Office,Delivery,North Eastern,South Tripura,Agartala,Shillong HQ,Manubazar,Tripura,India,799143
Sindukpathar,,Branch Post Office,Delivery,North Eastern,South Tripura,Agartala,Shillong HQ,Manubazar,Tripura,India,799143
Srinagar,,Branch Post Office,Delivery,North Eastern,South Tripura,Agartala,Shillong HQ,Manubazar,Tripura,India,799143
Tekkatulsi,,Branch Post Office,Delivery,North Eastern,South Tripura,Agartala,Shillong HQ,Manubazar,Tripura,India,799143
Bagafa,,Branch Post Office,Delivery,North Eastern,South Tripura,Agartala,Shillong HQ,Santirbazar,Tripura,India,799144
Baikhora,,Branch Post Office,Delivery,North Eastern,South Tripura,Agartala,Shillong HQ,Santirbazar,Tripura,India,799144
Betaga,,Branch Post Office,Delivery,North Eastern,South Tripura,Agartala,Shillong HQ,NA,Tripura,India,799144
East Bagafa,,Branch Post Office,Delivery,North Eastern,South Tripura,Agartala,Shillong HQ,Santirbazar,Tripura,India,799144
Kanchannagar,,Branch Post Office,Delivery,North Eastern,South Tripura,Agartala,Shillong HQ,NA,Tripura,India,799144
Kathaliacherra,,Branch Post Office,Delivery,North Eastern,South Tripura,Agartala,Shillong HQ,Santirbazar,Tripura,India,799144
Laxmicherra,,Branch Post Office,Delivery,North Eastern,South Tripura,Agartala,Shillong HQ,Santirbazar,Tripura,India,799144
Lowgang,,Branch Post Office,Delivery,North Eastern,South Tripura,Agartala,Shillong HQ,Santirbazar,Tripura,India,799144
Manpather,,Branch Post Office,Delivery,North Eastern,South Tripura,Agartala,Shillong HQ,Santirbazar,Tripura,India,799144
Purba Manu,,Branch Post Office,Delivery,North Eastern,South Tripura,Agartala,Shillong HQ,Santirbazar,Tripura,India,799144
Rachakishoreganj,,Branch Post Office,Delivery,North Eastern,South Tripura,Agartala,Shillong HQ,Santirbazar,Tripura,India,799144
Santirbazar,,Sub Post Office,Delivery,North Eastern,South Tripura,Agartala,Shillong HQ,Bagafa,Tripura,India,799144
Urrat Takmacherra,,Branch Post Office,Delivery,North Eastern,South Tripura,Agartala,Shillong HQ,Santirbazar,Tripura,India,799144
Uttar Debipur,,Branch Post Office,Delivery,North Eastern,South Tripura,Agartala,Shillong HQ,Santirbazar,Tripura,India,799144
Baishnabpur,,Branch Post Office,Delivery,North Eastern,South Tripura,Agartala,Shillong HQ,Sabroom,Tripura,India,799145
Bijoynagar,,Branch Post Office,Delivery,North Eastern,South Tripura,Agartala,Shillong HQ,Sabroom,Tripura,India,799145
Chalitacherra,,Branch Post Office,Delivery,North Eastern,South Tripura,Agartala,Shillong HQ,Sabroom,Tripura,India,799145
Doulbari,,Branch Post Office,Delivery,North Eastern,South Tripura,Agartala,Shillong HQ,Sabroom,Tripura,India,799145
Harbatali,,Branch Post Office,Delivery,North Eastern,South Tripura,Agartala,Shillong HQ,Sabroom,Tripura,India,799145
Harina Bazar,,Branch Post Office,Delivery,North Eastern,South Tripura,Agartala,Shillong HQ,Sabroom,Tripura,India,799145
Jalefa Bazar,,Branch Post Office,Delivery,North Eastern,South Tripura,Agartala,Shillong HQ,Sabroom,Tripura,India,799145
Kathalcherri,,Branch Post Office,Delivery,North Eastern,South Tripura,Agartala,Shillong HQ,Sabroom,Tripura,India,799145
Ludhua,,Branch Post Office,Delivery,North Eastern,South Tripura,Agartala,Shillong HQ,Sabroom,Tripura,India,799145
Ludhua Tea Estate,,Branch Post Office,Delivery,North Eastern,South Tripura,Agartala,Shillong HQ,Sabroom,Tripura,India,799145
Rupaicherri,,Branch Post Office,Delivery,North Eastern,South Tripura,Agartala,Shillong HQ,Sabroom,Tripura,India,799145
Sabroom,,Sub Post Office,Delivery,North Eastern,South Tripura,Agartala,Shillong HQ,Sabroom,Tripura,India,799145
Sonaicherri,,Branch Post Office,Delivery,North Eastern,South Tripura,Agartala,Shillong HQ,Sabroom,Tripura,India,799145
Kasari,,Branch Post Office,Delivery,North Eastern,South Tripura,Agartala,Shillong HQ,Rajnagar,Tripura,India,799150
Rajnagar (South Tripura),,Sub Post Office,Delivery,North Eastern,South Tripura,Agartala,Shillong HQ,Rajnagar,Tripura,India,799150
Radhanagar (West Tripura),,Sub Post Office,Delivery,North Eastern,West Tripura,Agartala,Shillong HQ,Radhanagar,Tripura,India,799153
Rangamura,,Branch Post Office,Delivery,North Eastern,South Tripura,Agartala,Shillong HQ,Radhanagar,Tripura,India,799153
Abhoyganj Bazar,,Branch Post Office,Delivery,North Eastern,South Tripura,Agartala,Shillong HQ,NA,Tripura,India,799155
Barpathari,,Branch Post Office,Delivery,North Eastern,South Tripura,Agartala,Shillong HQ,Beloniya,Tripura,India,799155
Baspadua,,Branch Post Office,Delivery,North Eastern,South Tripura,Agartala,Shillong HQ,Beloniya,Tripura,India,799155
Belonia aerodrome,,Branch Post Office,Delivery,North Eastern,South Tripura,Agartala,Shillong HQ,Beloniya,Tripura,India,799155
Beloniya,,Sub Post Office,Delivery,North Eastern,South Tripura,Agartala,Shillong HQ,NA,Tripura,India,799155
Chittamara,,Branch Post Office,Delivery,North Eastern,South Tripura,Agartala,Shillong HQ,Beloniya,Tripura,India,799155
Dakshin Sonaicharri,,Branch Post Office,Delivery,North Eastern,South Tripura,Agartala,Shillong HQ,Beloniya,Tripura,India,799155
Debipur,,Branch Post Office,Delivery,North Eastern,South Tripura,Agartala,Shillong HQ,Beloniya,Tripura,India,799155
Matai,,Branch Post Office,Delivery,North Eastern,South Tripura,Agartala,Shillong HQ,Matai,Tripura,India,799155
Paschim Pipariakhola,,Branch Post Office,Delivery,North Eastern,South Tripura,Agartala,Shillong HQ,Beloniya,Tripura,India,799155
Sarasima,,Branch Post Office,Delivery,North Eastern,South Tripura,Agartala,Shillong HQ,Beloniya,Tripura,India,799155
South Bharat Ch.Nagar,,Branch Post Office,Delivery,North Eastern,South Tripura,Agartala,Shillong HQ,Beloniya,Tripura,India,799155
Subashnagar,,Branch Post Office,Delivery,North Eastern,South Tripura,Agartala,Shillong HQ,Beloniya,Tripura,India,799155
Uttar Bharat Ch Nagar,,Branch Post Office,Delivery,North Eastern,South Tripura,Agartala,Shillong HQ,Beloniya,Tripura,India,799155
Uttar Sonaicherri,,Branch Post Office,Delivery,North Eastern,South Tripura,Agartala,Shillong HQ,Beloniya,Tripura,India,799155
Hrishyamukh,,Sub Post Office,Delivery,North Eastern,South Tripura,Agartala,Shillong HQ,Hrishyamukh,Tripura,India,799156
Madhabnagar,,Branch Post Office,Delivery,North Eastern,South Tripura,Agartala,Shillong HQ,Hrishyamukh,Tripura,India,799156
Nalua,,Branch Post Office,Delivery,North Eastern,South Tripura,Agartala,Shillong HQ,Hrishyamukh,Tripura,India,799156
Samarendraganj,,Branch Post Office,Delivery,North Eastern,South Tripura,Agartala,Shillong HQ,Hrishyamukh,Tripura,India,799156
South Krishnagar,,Branch Post Office,Delivery,North Eastern,South Tripura,Agartala,Shillong HQ,Hrishyamukh,Tripura,India,799156
Anandapur (South Tripura),,Sub Post Office,Delivery,North Eastern,South Tripura,Agartala,Shillong HQ,NA,Tripura,India,799157
Baldakhal,,Branch Post Office,Delivery,North Eastern,South Tripura,Agartala,Shillong HQ,Rajnagar,Tripura,India,799157
Dimatali,,Branch Post Office,Delivery,North Eastern,South Tripura,Agartala,Shillong HQ,Anandapur,Tripura,India,799157
Gabtali,,Branch Post Office,Delivery,North Eastern,South Tripura,Agartala,Shillong HQ,Anandapur,Tripura,India,799157
Puran Rajbari,,Branch Post Office,Delivery,North Eastern,South Tripura,Agartala,Shillong HQ,NA,Tripura,India,799157
Siddhinagar,,Branch Post Office,Delivery,North Eastern,South Tripura,Agartala,Shillong HQ,Anandapur,Tripura,India,799157
South srirampur,,Branch Post Office,Delivery,North Eastern,South Tripura,Agartala,Shillong HQ,Anandapur,Tripura,India,799157
Agagartilla,,Branch Post Office,Delivery,North Eastern,West Tripura,Dharmanagar,Shillong HQ,Paschim Sonatala,Tripura,India,799201
Asharambari,,Branch Post Office,Delivery,North Eastern,West Tripura,Dharmanagar,Shillong HQ,Asharambari,Tripura,India,799201
Bachaibari,,Branch Post Office,Delivery,North Eastern,West Tripura,Dharmanagar,Shillong HQ,Bachaibari,Tripura,India,799201
Banbazar,,Branch Post Office,Delivery,North Eastern,West Tripura,Dharmanagar,Shillong HQ,Banbazar,Tripura,India,799201
Bdelchedrra,,Branch Post Office,Delivery,North Eastern,West Tripura,Dharmanagar,Shillong HQ,Belcherra,Tripura,India,799201
Behalabari,,Branch Post Office,Delivery,North Eastern,West Tripura,Dharmanagar,Shillong HQ,Behalabari,Tripura,India,799201
Champahaor,,Branch Post Office,Delivery,North Eastern,West Tripura,Dharmanagar,Shillong HQ,Ramchandraghat,Tripura,India,799201
East Bachaibari,,Branch Post Office,Delivery,North Eastern,West Tripura,Dharmanagar,Shillong HQ,Tulashikhar,Tripura,India,799201
Gakulbari,,Branch Post Office,Delivery,North Eastern,West Tripura,Dharmanagar,Shillong HQ,Gakulbari,Tripura,India,799201
Ganki,,Branch Post Office,Delivery,North Eastern,West Tripura,Dharmanagar,Shillong HQ,Ganki,Tripura,India,799201
Karingicherra,,Branch Post Office,Delivery,North Eastern,West Tripura,Dharmanagar,Shillong HQ,Paschim Karingicherra,Tripura,India,799201
Khowai,,Sub Post Office,Delivery,North Eastern,West Tripura,Dharmanagar,Shillong HQ,Khowai,Tripura,India,799201
Khowai T. E,,Branch Post Office,Delivery,North Eastern,West Tripura,Dharmanagar,Shillong HQ,Khowai,Tripura,India,799201
Paharmora,,Branch Post Office,Delivery,North Eastern,West Tripura,Dharmanagar,Shillong HQ,Paharmora,Tripura,India,799201
Paschim Belcherra,,Branch Post Office,Delivery,North Eastern,West Tripura,Dharmanagar,Shillong HQ,Paschimbelcherra,Tripura,India,799201
Paschim Laxmicherra,,Branch Post Office,Delivery,North Eastern,West Tripura,Dharmanagar,Shillong HQ,Paschim Laxmicherra,Tripura,India,799201
Ratanpurbazar,,Branch Post Office,Delivery,North Eastern,West Tripura,Dharmanagar,Shillong HQ,Padmabil,Tripura,India,799201
Samatal Padmabil,,Branch Post Office,Delivery,North Eastern,West Tripura,Dharmanagar,Shillong HQ,Samatal Padmabil,Tripura,India,799201
Singicherra,,Branch Post Office,Delivery,North Eastern,West Tripura,Dharmanagar,Shillong HQ,Singicherra,Tripura,India,799201
Subashpark,,Branch Post Office,Non-Delivery,North Eastern,West Tripura,Dharmanagar,Shillong HQ,Khowai,Tripura,India,799201
Khowai Court,,Sub Post Office,Delivery,North Eastern,West Tripura,Dharmanagar,Shillong HQ,Khowai,Tripura,India,799202
Barmaidan Bazar,,Branch Post Office,Delivery,North Eastern,West Tripura,Dharmanagar,Shillong HQ,Baramaidan,Tripura,India,799203
Dakshin Promode L. L.Colony,,Branch Post Office,Delivery,North Eastern,West Tripura,Dharmanagar,Shillong HQ,Promodenagar,Tripura,India,799203
Durgapur,,Branch Post Office,Delivery,North Eastern,West Tripura,Dharmanagar,Shillong HQ,Durgapur,Tripura,India,799203
Dwarikapur,,Branch Post Office,Delivery,North Eastern,West Tripura,Dharmanagar,Shillong HQ,Paschimkalyanpur,Tripura,India,799203
Ghilatali,,Branch Post Office,Delivery,North Eastern,West Tripura,Dharmanagar,Shillong HQ,Ghilatali,Tripura,India,799203
Kalyanpur (West Tripura),,Sub Post Office,Delivery,North Eastern,West Tripura,Dharmanagar,Shillong HQ,Kalyanpur,Tripura,India,799203
Kalyanpur T. E,,Branch Post Office,Delivery,North Eastern,West Tripura,Dharmanagar,Shillong HQ,Dwarikapur,Tripura,India,799203
Moharcherra,,Branch Post Office,Delivery,North Eastern,West Tripura,Dharmanagar,Shillong HQ,Moharcherra,Tripura,India,799203
Paschim Kalyanpur,,Branch Post Office,Delivery,North Eastern,West Tripura,Dharmanagar,Shillong HQ,Kalyanpur,Tripura,India,799203
Paschim Kunjaban,,Branch Post Office,Delivery,North Eastern,West Tripura,Dharmanagar,Shillong HQ,Kunjaban,Tripura,India,799203
Paschim Santinagar,,Branch Post Office,Delivery,North Eastern,West Tripura,Dharmanagar,Shillong HQ,Santinagar,Tripura,India,799203
Ramdayal Lendless Colony,,Branch Post Office,Delivery,North Eastern,West Tripura,Dharmanagar,Shillong HQ,Paschim Ddwarikapur,Tripura,India,799203
Ratia,,Branch Post Office,Delivery,North Eastern,West Tripura,Dharmanagar,Shillong HQ,Ratia,Tripura,India,799203
Tablabari,,Branch Post Office,Delivery,North Eastern,West Tripura,Dharmanagar,Shillong HQ,Tablabari Madhya Ganki,Tripura,India,799203
Uttat Pulinpur,,Branch Post Office,Delivery,North Eastern,West Tripura,Dharmanagar,Shillong HQ,Pulinpur,Tripura,India,799203
Balarambazar,,Branch Post Office,Delivery,North Eastern,Dhalai,Dharmanagar,Shillong HQ,Balaram,Tripura,India,799204
Kulaibazar,,Sub Post Office,Delivery,North Eastern,Dhalai,Dharmanagar,Shillong HQ,Kulai,Tripura,India,799204
Nalicherra,,Branch Post Office,Delivery,North Eastern,Dhalai,Dharmanagar,Shillong HQ,Nalicherra,Tripura,India,799204
Ataromura,,Branch Post Office,Delivery,North Eastern,West Tripura,Dharmanagar,Shillong HQ,Teliamura,Tripura,India,799205
Barmura Project,,Branch Post Office,Delivery,North Eastern,West Tripura,Dharmanagar,Shillong HQ,Barmura,Tripura,India,799205
Brahmacherra,,Branch Post Office,Delivery,North Eastern,West Tripura,Dharmanagar,Shillong HQ,Brahmacherra,Tripura,India,799205
Chakmaghat,,Branch Post Office,Delivery,North Eastern,West Tripura,Dharmanagar,Shillong HQ,Chakmaghat,Tripura,India,799205
Golabari,,Branch Post Office,Delivery,North Eastern,West Tripura,Dharmanagar,Shillong HQ,Golabari,Tripura,India,799205
Hadrai,,Branch Post Office,Delivery,North Eastern,West Tripura,Dharmanagar,Shillong HQ,Hadrai,Tripura,India,799205
Howaibari,,Branch Post Office,Delivery,North Eastern,West Tripura,Dharmanagar,Shillong HQ,Howaibari,Tripura,India,799205
Kalitilla,,Branch Post Office,Non-Delivery,North Eastern,West Tripura,Dharmanagar,Shillong HQ,Teliamura,Tripura,India,799205
Karailong,,Branch Post Office,Delivery,North Eastern,West Tripura,Dharmanagar,Shillong HQ,Karailong,Tripura,India,799205
Khasiamangal,,Branch Post Office,Delivery,North Eastern,West Tripura,Dharmanagar,Shillong HQ,Khasiamangal,Tripura,India,799205
Maharanipur,,Branch Post Office,Delivery,North Eastern,West Tripura,Dharmanagar,Shillong HQ,Maharanipur,Tripura,India,799205
Maigonga,,Branch Post Office,Delivery,North Eastern,West Tripura,Dharmanagar,Shillong HQ,Maigonga,Tripura,India,799205
Mongtukupara,,Branch Post Office,Delivery,North Eastern,West Tripura,Dharmanagar,Shillong HQ,Madhya Krishnapur,Tripura,India,799205
Nabakumar Rankhal Para,,Branch Post Office,Delivery,North Eastern,West Tripura,Dharmanagar,Shillong HQ,Sandukarkari,Tripura,India,799205
Netajinagar,,Branch Post Office,Non-Delivery,North Eastern,West Tripura,Dharmanagar,Shillong HQ,Teliamura,Tripura,India,799205
Nunacherra,,Branch Post Office,Delivery,North Eastern,West Tripura,Dharmanagar,Shillong HQ,Nunacherra,Tripura,India,799205
Rupacherra,,Branch Post Office,Delivery,North Eastern,West Tripura,Dharmanagar,Shillong HQ,Rupacherra,Tripura,India,799205
Teliamura,,Sub Post Office,Delivery,North Eastern,West Tripura,Dharmanagar,Shillong HQ,Teliamura,Tripura,India,799205
Uttar Gakulnagar,,Branch Post Office,Delivery,North Eastern,West Tripura,Dharmanagar,Shillong HQ,Gakulnagar,Tripura,India,799205
Baijalbari,,Branch Post Office,Delivery,North Eastern,West Tripura,Dharmanagar,Shillong HQ,Dakshin Padmabil,Tripura,India,799207
Bharatsardarbari,,Branch Post Office,Delivery,North Eastern,West Tripura,Dharmanagar,Shillong HQ,Bharatsardarbari,Tripura,India,799207
Chankhala,,Branch Post Office,Delivery,North Eastern,West Tripura,Dharmanagar,Shillong HQ,Chankhala,Tripura,India,799207
Chebri,,Sub Post Office,Delivery,North Eastern,West Tripura,Dharmanagar,Shillong HQ,Chebri,Tripura,India,799207
Gouranga Tilla,,Branch Post Office,Delivery,North Eastern,West Tripura,Dharmanagar,Shillong HQ,Lakshminarayan Pur,Tripura,India,799207
Paglabari,,Branch Post Office,Delivery,North Eastern,West Tripura,Dharmanagar,Shillong HQ,Paglabari,Tripura,India,799207
Rajnagar Khowai,,Branch Post Office,Delivery,North Eastern,West Tripura,Dharmanagar,Shillong HQ,Badlabari,Tripura,India,799207
Ramchandraghat,,Branch Post Office,Delivery,North Eastern,West Tripura,Dharmanagar,Shillong HQ,Ramchandraghat,Tripura,India,799207
Sonatala,,Branch Post Office,Delivery,North Eastern,West Tripura,Dharmanagar,Shillong HQ,Sonatala,Tripura,India,799207
Uttarchebri,,Branch Post Office,Delivery,North Eastern,West Tripura,Dharmanagar,Shillong HQ,Uttarchebri,Tripura,India,799207
Bodhjungnagar,,Branch Post Office,Delivery,North Eastern,West Tripura,Agartala,Shillong HQ,Kamalghat,Tripura,India,799210
Brahman Puskarini,,Branch Post Office,Delivery,North Eastern,West Tripura,Agartala,Shillong HQ,Kamalghat,Tripura,India,799210
Chechuria,,Branch Post Office,Delivery,North Eastern,West Tripura,Agartala,Shillong HQ,Kamalghat,Tripura,India,799210
Fatikchhera,,Branch Post Office,Delivery,North Eastern,West Tripura,Agartala,Shillong HQ,Kamalghat,Tripura,India,799210
Harendranagar T.,,Branch Post Office,Delivery,North Eastern,West Tripura,Agartala,Shillong HQ,Kamalghat,Tripura,India,799210
Kamalghat,,Sub Post Office,Delivery,North Eastern,West Tripura,Agartala,Shillong HQ,Kamalghat,Tripura,India,799210
Laifunga,,Branch Post Office,Delivery,North Eastern,West Tripura,Agartala,Shillong HQ,Kamalghat,Tripura,India,799210
Lembucherra,,Branch Post Office,Delivery,North Eastern,West Tripura,Agartala,Shillong HQ,Kamalghat,Tripura,India,799210
Baikunthapur,,Branch Post Office,Delivery,North Eastern,West Tripura,Agartala,Shillong HQ,Mohanpur,Tripura,India,799211
Bamutia,,Branch Post Office,Delivery,North Eastern,West Tripura,Agartala,Shillong HQ,Mohanpur,Tripura,India,799211
Barkathalia,,Branch Post Office,Delivery,North Eastern,West Tripura,Agartala,Shillong HQ,Mohanpur,Tripura,India,799211
Bijoynagar Bazar,,Branch Post Office,Delivery,North Eastern,West Tripura,Agartala,Shillong HQ,Mohanpur,Tripura,India,799211
Chachubazar,,Branch Post Office,Delivery,North Eastern,West Tripura,Agartala,Shillong HQ,Mohanpur,Tripura,India,799211
Dighalia Bazar,,Branch Post Office,Delivery,North Eastern,West Tripura,Agartala,Shillong HQ,Mohanpur,Tripura,India,799211
Kalacherra T.E.,,Branch Post Office,Delivery,North Eastern,West Tripura,Agartala,Shillong HQ,Mohanpur,Tripura,India,799211
Kalkalia T.E.,,Branch Post Office,Delivery,North Eastern,West Tripura,Agartala,Shillong HQ,Mohanpur,Tripura,India,799211
Madhuchoudhurypara,,Branch Post Office,Delivery,North Eastern,West Tripura,Agartala,Shillong HQ,Mohanpur,Tripura,India,799211
Mohanpur (West Tripura),,Sub Post Office,Delivery,North Eastern,West Tripura,Agartala,Shillong HQ,Mohanpur,Tripura,India,799211
Patnipara,,Branch Post Office,Delivery,North Eastern,West Tripura,Agartala,Shillong HQ,Mohanpur,Tripura,India,799211
Subalsing,,Branch Post Office,Delivery,North Eastern,West Tripura,Agartala,Shillong HQ,Mohanpur,Tripura,India,799211
Taranagar,,Branch Post Office,Delivery,North Eastern,West Tripura,Agartala,Shillong HQ,Mohanpur,Tripura,India,799211
Tarapur,,Branch Post Office,Delivery,North Eastern,West Tripura,Agartala,Shillong HQ,Mohanpur,Tripura,India,799211
Thamakari,,Branch Post Office,Delivery,North Eastern,West Tripura,Agartala,Shillong HQ,Mohanpur,Tripura,India,799211
Uttar debendranagar,,Branch Post Office,Delivery,North Eastern,West Tripura,Agartala,Shillong HQ,Mohanpur,Tripura,India,799211
Balubon,,Branch Post Office,Delivery,North Eastern,West Tripura,Agartala,Shillong HQ,Sidhai,Tripura,India,799212
Darogamura,,Branch Post Office,Delivery,North Eastern,West Tripura,Agartala,Shillong HQ,Sidhai,Tripura,India,799212
Ishanpur,,Branch Post Office,Delivery,North Eastern,West Tripura,Agartala,Shillong HQ,Sidhai,Tripura,India,799212
Sidhai,,Sub Post Office,Delivery,North Eastern,West Tripura,Agartala,Shillong HQ,Sidhai,Tripura,India,799212
Simna,,Branch Post Office,Delivery,North Eastern,West Tripura,Agartala,Shillong HQ,Simna,Tripura,India,799212
Simna Colony,,Branch Post Office,Delivery,North Eastern,West Tripura,Agartala,Shillong HQ,Sidhai,Tripura,India,799212
Sonaram Bazar,,Branch Post Office,Delivery,North Eastern,West Tripura,Agartala,Shillong HQ,Sidhai,Tripura,India,799212
Sundartilla,,Branch Post Office,Delivery,North Eastern,West Tripura,Agartala,Shillong HQ,Sidhai,Tripura,India,799212
Uttar Dasgharia,,Branch Post Office,Delivery,North Eastern,West Tripura,Agartala,Shillong HQ,Sidhai,Tripura,India,799212
Dharmanagar,,Head Post Office,Delivery,North Eastern,North Tripura,Dharmanagar,Shillong HQ,Dharmanagar,Tripura,India,799250
Bakbaki,,Branch Post Office,Delivery,North Eastern,North Tripura,Dharmanagar,Shillong HQ,Bishnupur,Tripura,India,799251
Baruakandi,,Branch Post Office,Delivery,North Eastern,North Tripura,Dharmanagar,Shillong HQ,Baruakandi,Tripura,India,799251
Bhagyapur,,Branch Post Office,Delivery,North Eastern,North Tripura,Dharmanagar,Shillong HQ,Bhagyapur,Tripura,India,799251
Chandrapur (North Tripura),,Sub Post Office,Delivery,North Eastern,North Tripura,Dharmanagar,Shillong HQ,Chandrapur,Tripura,India,799251
Dighalbak,,Branch Post Office,Delivery,North Eastern,North Tripura,Dharmanagar,Shillong HQ,South Huruah,Tripura,India,799251
Gobindapur,,Branch Post Office,Delivery,North Eastern,North Tripura,Dharmanagar,Shillong HQ,Gobindapur,Tripura,India,799251
Huruah,,Branch Post Office,Delivery,North Eastern,North Tripura,Dharmanagar,Shillong HQ,East Huruah,Tripura,India,799251
Ichailalcherra,,Branch Post Office,Delivery,North Eastern,North Tripura,Dharmanagar,Shillong HQ,Ichailalcherra,Tripura,India,799251
Ichaisonapur,,Branch Post Office,Delivery,North Eastern,North Tripura,Dharmanagar,Shillong HQ,Praytyakroy,Tripura,India,799251
Kalacherra,,Branch Post Office,Delivery,North Eastern,North Tripura,Dharmanagar,Shillong HQ,Kalacherra,Tripura,India,799251
Nayapara N.D,,Branch Post Office,Non-Delivery,North Eastern,North Tripura,Dharmanagar,Shillong HQ,Dharmanagar,Tripura,India,799251
Paschimchandrapur,,Branch Post Office,Delivery,North Eastern,North Tripura,Dharmanagar,Shillong HQ,Chandrapur,Tripura,India,799251
Pratyekroy,,Branch Post Office,Delivery,North Eastern,North Tripura,Dharmanagar,Shillong HQ,Prayekroy,Tripura,India,799251
Raghna,,Branch Post Office,Delivery,North Eastern,North Tripura,Dharmanagar,Shillong HQ,Raghna,Tripura,India,799251
Sakaibari,,Branch Post Office,Delivery,North Eastern,North Tripura,Dharmanagar,Shillong HQ,Pratyakroy,Tripura,India,799251
Sonarurbassa,,Branch Post Office,Delivery,North Eastern,North Tripura,Dharmanagar,Shillong HQ,Pratyekroy,Tripura,India,799251
Thana Road,,Branch Post Office,Non-Delivery,North Eastern,North Tripura,Dharmanagar,Shillong HQ,Dharmanagar,Tripura,India,799251
Algapur,,Branch Post Office,Delivery,North Eastern,North Tripura,Dharmanagar,Shillong HQ,Baruakandi,Tripura,India,799253
Bagbassa,,Branch Post Office,Delivery,North Eastern,North Tripura,Dharmanagar,Shillong HQ,Bagbassa,Tripura,India,799253
Dharmanagar Bazar,,Branch Post Office,Non-Delivery,North Eastern,North Tripura,Dharmanagar,Shillong HQ,Dharmanagar,Tripura,India,799253
Dharmanagar College,,Branch Post Office,Delivery,North Eastern,North Tripura,Dharmanagar,Shillong HQ,Dharmanagar,Tripura,India,799253
Dhupirbond,,Branch Post Office,Delivery,North Eastern,North Tripura,Dharmanagar,Shillong HQ,Dhupirbond,Tripura,India,799253
East Huruah,,Branch Post Office,Delivery,North Eastern,North Tripura,Dharmanagar,Shillong HQ,Huruah,Tripura,India,799253
East Kamesawar,,Branch Post Office,Delivery,North Eastern,North Tripura,Dharmanagar,Shillong HQ,Kameswar,Tripura,India,799253
Kakrirpar,,Branch Post Office,Delivery,North Eastern,North Tripura,Dharmanagar,Shillong HQ,Dharmanagar,Tripura,India,799253
Kameswargaon,,Branch Post Office,Delivery,North Eastern,North Tripura,Dharmanagar,Shillong HQ,Kameswar,Tripura,India,799253
Krishnapur,,Branch Post Office,Delivery,North Eastern,North Tripura,Dharmanagar,Shillong HQ,Dharmanagar,Tripura,India,799253
Lalcherra Colony,,Branch Post Office,Delivery,North Eastern,North Tripura,Dharmanagar,Shillong HQ,Lalcherra,Tripura,India,799253
Padmapur,,Branch Post Office,Non-Delivery,North Eastern,North Tripura,Dharmanagar,Shillong HQ,Dharmanagar,Tripura,India,799253
Radhapur,,Branch Post Office,Delivery,North Eastern,North Tripura,Dharmanagar,Shillong HQ,Radhapur,Tripura,India,799253
Rajbari,,Sub Post Office,Delivery,North Eastern,North Tripura,Dharmanagar,Shillong HQ,Dharmanagar,Tripura,India,799253
South Ganganagar,,Branch Post Office,Delivery,North Eastern,North Tripura,Dharmanagar,Shillong HQ,South Ganganagar,Tripura,India,799253
Tripura Ganganagar,,Branch Post Office,Delivery,North Eastern,North Tripura,Dharmanagar,Shillong HQ,Northganganagar,Tripura,India,799253
Zaithang,,Branch Post Office,Delivery,North Eastern,North Tripura,Dharmanagar,Shillong HQ,Zaithang,Tripura,India,799253
Baithangbari,,Branch Post Office,Delivery,North Eastern,North Tripura,Dharmanagar,Shillong HQ,Balidhum,Tripura,India,799254
Balidhum,,Branch Post Office,Delivery,North Eastern,North Tripura,Dharmanagar,Shillong HQ,Balidhum,Tripura,India,799254
Dewanpassa,,Branch Post Office,Delivery,North Eastern,North Tripura,Dharmanagar,Shillong HQ,Dewanpassa,Tripura,India,799254
Halflongcherra,,Sub Post Office,Delivery,North Eastern,North Tripura,Dharmanagar,Shillong HQ,Halflong,Tripura,India,799254
Jubarajnagar,,Branch Post Office,Delivery,North Eastern,North Tripura,Dharmanagar,Shillong HQ,Jubarajnagar,Tripura,India,799254
Paschim Radhapur,,Branch Post Office,Delivery,North Eastern,North Tripura,Dharmanagar,Shillong HQ,Radhapur,Tripura,India,799254
Rajnagar Laxmipur,,Branch Post Office,Delivery,North Eastern,North Tripura,Dharmanagar,Shillong HQ,Rajnagar,Tripura,India,799254
Kacharicherra,,Branch Post Office,Delivery,North Eastern,North Tripura,Dharmanagar,Shillong HQ,Kacharicherra,Tripura,India,799256
Khedacherra,,Branch Post Office,Delivery,North Eastern,North Tripura,Dharmanagar,Shillong HQ,Khedacherra,Tripura,India,799256
Narendranagar,,Branch Post Office,Delivery,North Eastern,North Tripura,Dharmanagar,Shillong HQ,Narendranagar,Tripura,India,799256
Piplacherra,,Branch Post Office,Delivery,North Eastern,North Tripura,Dharmanagar,Shillong HQ,Piplacherra,Tripura,India,799256
Tripura Damcherra,,Sub Post Office,Delivery,North Eastern,North Tripura,Dharmanagar,Shillong HQ,Damcherra,Tripura,India,799256
Agnipassa,,Branch Post Office,Delivery,North Eastern,North Tripura,Dharmanagar,Shillong HQ,NA,Tripura,India,799260
Bilthai,,Branch Post Office,Delivery,North Eastern,North Tripura,Dharmanagar,Shillong HQ,Panisagar,Tripura,India,799260
Deocherra,,Branch Post Office,Delivery,North Eastern,North Tripura,Dharmanagar,Shillong HQ,Deocherra,Tripura,India,799260
Indurail,,Branch Post Office,Delivery,North Eastern,North Tripura,Dharmanagar,Shillong HQ,Indurail,Tripura,India,799260
Jalabazar,,Branch Post Office,Delivery,North Eastern,North Tripura,Dharmanagar,Shillong HQ,Chandrahalampara,Tripura,India,799260
Jalebassa,,Branch Post Office,Delivery,North Eastern,North Tripura,Dharmanagar,Shillong HQ,Jlebassa,Tripura,India,799260
Janata College,,Branch Post Office,Delivery,North Eastern,North Tripura,Dharmanagar,Shillong HQ,Ramnagar,Tripura,India,799260
Juri R.F,,Branch Post Office,Delivery,North Eastern,North Tripura,Dharmanagar,Shillong HQ,Juri,Tripura,India,799260
North Padmabil,,Branch Post Office,Delivery,North Eastern,North Tripura,Dharmanagar,Shillong HQ,Padmabil,Tripura,India,799260
Padmabil,,Branch Post Office,Delivery,North Eastern,North Tripura,Dharmanagar,Shillong HQ,Padmabil,Tripura,India,799260
Panisagar,,Sub Post Office,Delivery,North Eastern,North Tripura,Dharmanagar,Shillong HQ,Panisagar,Tripura,India,799260
Pekucherr,,Branch Post Office,Delivery,North Eastern,North Tripura,Dharmanagar,Shillong HQ,Pekucherra,Tripura,India,799260
Rahumcherra,,Branch Post Office,Delivery,North Eastern,North Tripura,Dharmanagar,Shillong HQ,Rahumcherra,Tripura,India,799260
Rowabazar,,Branch Post Office,Delivery,North Eastern,North Tripura,Dharmanagar,Shillong HQ,Rowa,Tripura,India,799260
Tilthai,,Branch Post Office,Delivery,North Eastern,North Tripura,Dharmanagar,Shillong HQ,Tilthai,Tripura,India,799260
Tilthai Nutanbazar,,Branch Post Office,Delivery,North Eastern,North Tripura,Dharmanagar,Shillong HQ,Tilthai,Tripura,India,799260
Ujan Sailenbari,,Branch Post Office,Delivery,North Eastern,North Tripura,Dharmanagar,Shillong HQ,Panisagar,Tripura,India,799260
Uptakhali,,Branch Post Office,Delivery,North Eastern,North Tripura,Dharmanagar,Shillong HQ,Uptakhali,Tripura,India,799260
West Panisagar,,Branch Post Office,Delivery,North Eastern,North Tripura,Dharmanagar,Shillong HQ,Panisagar,Tripura,India,799260
Amtilla,,Branch Post Office,Delivery,North Eastern,North Tripura,Dharmanagar,Shillong HQ,Saraspur,Tripura,India,799261
Brajendranagar,,Branch Post Office,Delivery,North Eastern,North Tripura,Dharmanagar,Shillong HQ,Brajendranagar,Tripura,India,799261
Kadamtala (North Tripura),,Sub Post Office,Delivery,North Eastern,North Tripura,Dharmanagar,Shillong HQ,Kadamtala,Tripura,India,799261
Kalagangar Par,,Branch Post Office,Delivery,North Eastern,North Tripura,Dharmanagar,Shillong HQ,Kalangangarpar,Tripura,India,799261
Kurit,,Branch Post Office,Delivery,North Eastern,North Tripura,Dharmanagar,Shillong HQ,Kurti,Tripura,India,799261
Pearacherra,,Branch Post Office,Delivery,North Eastern,North Tripura,Dharmanagar,Shillong HQ,Pearacherra,Tripura,India,799261
Premtala,,Branch Post Office,Delivery,North Eastern,North Tripura,Dharmanagar,Shillong HQ,Premtala,Tripura,India,799261
Rakhalgang,,Branch Post Office,Delivery,North Eastern,North Tripura,Dharmanagar,Shillong HQ,Bishnupur,Tripura,India,799261
Ranibari,,Branch Post Office,Delivery,North Eastern,North Tripura,Dharmanagar,Shillong HQ,Ranibari,Tripura,India,799261
Sarala,,Branch Post Office,Delivery,North Eastern,North Tripura,Dharmanagar,Shillong HQ,Brajendranagar,Tripura,India,799261
Tarakpur,,Branch Post Office,Delivery,North Eastern,North Tripura,Dharmanagar,Shillong HQ,Tarakpur,Tripura,India,799261
Balicherra,,Branch Post Office,Delivery,North Eastern,North Tripura,Dharmanagar,Shillong HQ,Balicherra,Tripura,India,799262
Churaibari,,Sub Post Office,Delivery,North Eastern,North Tripura,Dharmanagar,Shillong HQ,Churaibari,Tripura,India,799262
Fulbari,,Branch Post Office,Delivery,North Eastern,North Tripura,Dharmanagar,Shillong HQ,Fulbari,Tripura,India,799262
Kheranjuri,,Branch Post Office,Delivery,North Eastern,North Tripura,Dharmanagar,Shillong HQ,Lakhinagar,Tripura,India,799262
Sanicherra,,Branch Post Office,Delivery,North Eastern,North Tripura,Dharmanagar,Shillong HQ,Sanicherra,Tripura,India,799262
Andharcherra,,Branch Post Office,Delivery,North Eastern,North Tripura,Dharmanagar,Shillong HQ,Pecharthal,Tripura,India,799263
Dhanicherra,,Branch Post Office,Delivery,North Eastern,North Tripura,Dharmanagar,Shillong HQ,Dhanicherra,Tripura,India,799263
Govidabari,,Branch Post Office,Delivery,North Eastern,North Tripura,Dharmanagar,Shillong HQ,Nabincherra,Tripura,India,799263
Karaicherra,,Branch Post Office,Delivery,North Eastern,North Tripura,Dharmanagar,Shillong HQ,Karaicherra,Tripura,India,799263
Krishnatilla,,Branch Post Office,Delivery,North Eastern,North Tripura,Dharmanagar,Shillong HQ,Ramguna,Tripura,India,799263
Machmara,,Branch Post Office,Delivery,North Eastern,North Tripura,Dharmanagar,Shillong HQ,Machmara,Tripura,India,799263
Nabincherra,,Branch Post Office,Delivery,North Eastern,North Tripura,Dharmanagar,Shillong HQ,Nabincherra,Tripura,India,799263
Nalkata,,Branch Post Office,Delivery,North Eastern,North Tripura,Dharmanagar,Shillong HQ,Nalkata,Tripura,India,799263
Pecharthal,,Sub Post Office,Delivery,North Eastern,North Tripura,Dharmanagar,Shillong HQ,Pecharthal,Tripura,India,799263
Ramgunapara,,Branch Post Office,Delivery,North Eastern,North Tripura,Dharmanagar,Shillong HQ,Ramgunapara,Tripura,India,799263
Ugalcherra,,Branch Post Office,Delivery,North Eastern,North Tripura,Dharmanagar,Shillong HQ,Uttar Dhanicherra,Tripura,India,799263
Bhatisonaimuri,,Branch Post Office,Delivery,North Eastern,North Tripura,Dharmanagar,Shillong HQ,Sonaimuri,Tripura,India,799264
Darchai,,Branch Post Office,Delivery,North Eastern,North Tripura,Dharmanagar,Shillong HQ,Darchai,Tripura,India,799264
East Kanchanbari,,Branch Post Office,Delivery,North Eastern,North Tripura,Dharmanagar,Shillong HQ,Kumarghat,Tripura,India,799264
Kumarghat,,Sub Post Office,Delivery,North Eastern,North Tripura,Dharmanagar,Shillong HQ,Kumarghat,Tripura,India,799264
Notting Chedrra,,Branch Post Office,Delivery,North Eastern,North Tripura,Dharmanagar,Shillong HQ,Karamcherra,Tripura,India,799264
Pabiacherra,,Branch Post Office,Delivery,North Eastern,North Tripura,Dharmanagar,Shillong HQ,Sukantanagar,Tripura,India,799264
Sayedabari,,Branch Post Office,Delivery,North Eastern,North Tripura,Dharmanagar,Shillong HQ,Ambedkarnagar,Tripura,India,799264
South Unokoti,,Branch Post Office,Delivery,North Eastern,North Tripura,Dharmanagar,Shillong HQ,Unokoti,Tripura,India,799264
Betcherra,,Branch Post Office,Delivery,North Eastern,North Tripura,Dharmanagar,Shillong HQ,Betchesrra,Tripura,India,799266
Kanchancherra,,Sub Post Office,Delivery,North Eastern,Dhalai,Dharmanagar,Shillong HQ,Manu,Tripura,India,799266
Karamcherra,,Branch Post Office,Delivery,North Eastern,North Tripura,Dharmanagar,Shillong HQ,Karamcherra,Tripura,India,799266
Purba Betcherra,,Branch Post Office,Delivery,North Eastern,North Tripura,Dharmanagar,Shillong HQ,Betcherra,Tripura,India,799266
West Nalkata,,Branch Post Office,Delivery,North Eastern,North Tripura,Dharmanagar,Shillong HQ,Nalkata,Tripura,India,799266
Belianchief,,Branch Post Office,Delivery,North Eastern,North Tripura,Dharmanagar,Shillong HQ,Bhangmun,Tripura,India,799269
Hmungchuan,,Branch Post Office,Delivery,North Eastern,North Tripura,Dharmanagar,Shillong HQ,Vhamgmun,Tripura,India,799269
Hmunpui,,Branch Post Office,Delivery,North Eastern,North Tripura,Dharmanagar,Shillong HQ,Paschim Hmunpui,Tripura,India,799269
Jampui,,Sub Post Office,Delivery,North Eastern,North Tripura,Dharmanagar,Shillong HQ,Jampui,Tripura,India,799269
Kalagong,,Branch Post Office,Delivery,North Eastern,North Tripura,Dharmanagar,Shillong HQ,Kalagong,Tripura,India,799269
Kangrai,,Branch Post Office,Delivery,North Eastern,North Tripura,Dharmanagar,Shillong HQ,Kangrai,Tripura,India,799269
Phuldengsai,,Branch Post Office,Delivery,North Eastern,North Tripura,Dharmanagar,Shillong HQ,Vhangmun,Tripura,India,799269
Sabual,,Branch Post Office,Delivery,North Eastern,North Tripura,Dharmanagar,Shillong HQ,Sabual,Tripura,India,799269
Sailo,,Branch Post Office,Delivery,North Eastern,North Tripura,Dharmanagar,Shillong HQ,Vhangmun,Tripura,India,799269
Tlangsang,,Branch Post Office,Delivery,North Eastern,North Tripura,Dharmanagar,Shillong HQ,Tiangsang,Tripura,India,799269
Joyasree,,Branch Post Office,Delivery,North Eastern,North Tripura,Dharmanagar,Shillong HQ,Uttarlaljuri,Tripura,India,799270
Kanchanpur (North Tripura),,Sub Post Office,Delivery,North Eastern,North Tripura,Dharmanagar,Shillong HQ,Kanchanpur,Tripura,India,799270
Laljuri,,Branch Post Office,Delivery,North Eastern,North Tripura,Dharmanagar,Shillong HQ,Laljuri,Tripura,India,799270
Satnala,,Branch Post Office,Delivery,North Eastern,North Tripura,Dharmanagar,Shillong HQ,Satnala,Tripura,India,799270
Sibnagar,,Branch Post Office,Delivery,North Eastern,North Tripura,Dharmanagar,Shillong HQ,Sibnagar,Tripura,India,799270
Suknacherra,,Branch Post Office,Delivery,North Eastern,North Tripura,Dharmanagar,Shillong HQ,Suknacherra,Tripura,India,799270
Anandabazar,,Branch Post Office,Delivery,North Eastern,North Tripura,Dharmanagar,Shillong HQ,Anandabazar,Tripura,India,799271
Barhaldi,,Branch Post Office,Delivery,North Eastern,North Tripura,Dharmanagar,Shillong HQ,Dasda,Tripura,India,799271
Dasdabazar,,Sub Post Office,Delivery,North Eastern,North Tripura,Dharmanagar,Shillong HQ,Dasda,Tripura,India,799271
Garchirampara,,Branch Post Office,Delivery,North Eastern,North Tripura,Dharmanagar,Shillong HQ,Garchirampara,Tripura,India,799271
Kalapania,,Branch Post Office,Delivery,North Eastern,North Tripura,Dharmanagar,Shillong HQ,Kalapani,Tripura,India,799271
Sakhan Serhmun,,Branch Post Office,Delivery,North Eastern,North Tripura,Dharmanagar,Shillong HQ,Sakhan Serhmun,Tripura,India,799271
Tuichama,,Branch Post Office,Delivery,North Eastern,North Tripura,Dharmanagar,Shillong HQ,Tuichama,Tripura,India,799271
Bindulal Karbaripara,,Branch Post Office,Delivery,North Eastern,North Tripura,Dharmanagar,Shillong HQ,Lalcherra,Tripura,India,799273
Chailengta,,Sub Post Office,Delivery,North Eastern,Dhalai,Dharmanagar,Shillong HQ,Chailengta,Tripura,India,799273
Chawmanu,,Branch Post Office,Delivery,North Eastern,Dhalai,Dharmanagar,Shillong HQ,Chawmanu,Tripura,India,799273
Durgacherra,,Branch Post Office,Delivery,North Eastern,North Tripura,Dharmanagar,Shillong HQ,Durgacherra,Tripura,India,799273
Laldingabari,,Branch Post Office,Delivery,North Eastern,Dhalai,Dharmanagar,Shillong HQ,Labancherra,Tripura,India,799273
Manikpur,,Branch Post Office,Delivery,North Eastern,Dhalai,Dharmanagar,Shillong HQ,Manikpur,Tripura,India,799273
Natinmanu,,Branch Post Office,Delivery,North Eastern,Dhalai,Dharmanagar,Shillong HQ,Natinmanu,Tripura,India,799273
Demchedrra Colony,,Branch Post Office,Delivery,North Eastern,Dhalai,Dharmanagar,Shillong HQ,Demcherra,Tripura,India,799275
Dhumacherra,,Branch Post Office,Delivery,North Eastern,Dhalai,Dharmanagar,Shillong HQ,Dhumacherra,Tripura,India,799275
East Masli,,Branch Post Office,Delivery,North Eastern,Dhalai,Dharmanagar,Shillong HQ,Masli,Tripura,India,799275
Jarulcherra,,Branch Post Office,Delivery,North Eastern,Dhalai,Dharmanagar,Shillong HQ,Jamircherra,Tripura,India,799275
Karatichesdrra,,Branch Post Office,Delivery,North Eastern,Dhalai,Dharmanagar,Shillong HQ,Karaticherra,Tripura,India,799275
Longtharai,,Branch Post Office,Delivery,North Eastern,Dhalai,Dharmanagar,Shillong HQ,Longtharai,Tripura,India,799275
Mainerma,,Branch Post Office,Delivery,North Eastern,Dhalai,Dharmanagar,Shillong HQ,Mainerma,Tripura,India,799275
Manughat,,Sub Post Office,Delivery,North Eastern,Dhalai,Dharmanagar,Shillong HQ,Manughat,Tripura,India,799275
Maslicherra,,Branch Post Office,Delivery,North Eastern,Dhalai,Dharmanagar,Shillong HQ,Masli,Tripura,India,799275
Sindhukumarpara,,Branch Post Office,Delivery,North Eastern,Dhalai,Dharmanagar,Shillong HQ,Sindhukumarpara,Tripura,India,799275
Bhadrapally,,Branch Post Office,Delivery,North Eastern,North Tripura,Dharmanagar,Shillong HQ,Samrurpar,Tripura,India,799277
Chandipur,,Branch Post Office,Delivery,North Eastern,North Tripura,Dharmanagar,Shillong HQ,Chandipur,Tripura,India,799277
Gulakpur T.E,,Branch Post Office,Delivery,North Eastern,North Tripura,Dharmanagar,Shillong HQ,Gulakpur,Tripura,India,799277
Ichabpur,,Branch Post Office,Delivery,North Eastern,North Tripura,Dharmanagar,Shillong HQ,Ichabpur,Tripura,India,799277
Kailashahar,,Sub Post Office,Delivery,North Eastern,North Tripura,Dharmanagar,Shillong HQ,Kailashahar,Tripura,India,799277
Kalishahan,,Branch Post Office,Delivery,North Eastern,North Tripura,Dharmanagar,Shillong HQ,Sorojini,Tripura,India,799277
Manuvelly,,Branch Post Office,Delivery,North Eastern,North Tripura,Dharmanagar,Shillong HQ,Manuvelly,Tripura,India,799277
Noorpur,,Branch Post Office,Delivery,North Eastern,North Tripura,Dharmanagar,Shillong HQ,Noorpur,Tripura,India,799277
Panichowkibazar,,Sub Post Office,Non-Delivery,North Eastern,North Tripura,Dharmanagar,Shillong HQ,Kailashahar,Tripura,India,799277
Rangrung,,Branch Post Office,Delivery,North Eastern,North Tripura,Dharmanagar,Shillong HQ,Rangrung,Tripura,India,799277
Sadhanasram,,Branch Post Office,Delivery,North Eastern,North Tripura,Dharmanagar,Shillong HQ,Murticherra,Tripura,India,799277
Samrurpar,,Branch Post Office,Delivery,North Eastern,North Tripura,Dharmanagar,Shillong HQ,Samrurpar,Tripura,India,799277
Sreerampur,,Branch Post Office,Delivery,North Eastern,North Tripura,Dharmanagar,Shillong HQ,Sreerampur,Tripura,India,799277
Tachai,,Branch Post Office,Delivery,North Eastern,North Tripura,Dharmanagar,Shillong HQ,Rangrung,Tripura,India,799277
Tapaspalli,,Branch Post Office,Non-Delivery,North Eastern,North Tripura,Dharmanagar,Shillong HQ,Kailashahar,Tripura,India,799277
Kachucherra,,Branch Post Office,Delivery,North Eastern,Dhalai,Dharmanagar,Shillong HQ,Kachucherra,Tripura,India,799278
Maharani Bus Stop,,Branch Post Office,Delivery,North Eastern,Dhalai,Dharmanagar,Shillong HQ,Maharanipur,Tripura,India,799278
Mechuria,,Branch Post Office,Delivery,North Eastern,Dhalai,Dharmanagar,Shillong HQ,Mechuria,Tripura,India,799278
Mendihaor,,Branch Post Office,Delivery,North Eastern,Dhalai,Dharmanagar,Shillong HQ,Mendihaor,Tripura,India,799278
Paschim Dalucherra,,Branch Post Office,Delivery,North Eastern,Dhalai,Dharmanagar,Shillong HQ,Paschim Dalucherra,Tripura,India,799278
Salema,,Sub Post Office,Delivery,North Eastern,Dhalai,Dharmanagar,Shillong HQ,Salema,Tripura,India,799278
Bhagabannagar,,Branch Post Office,Delivery,North Eastern,North Tripura,Dharmanagar,Shillong HQ,Bhagabannagar,Tripura,India,799279
Chantail,,Branch Post Office,Delivery,North Eastern,North Tripura,Dharmanagar,Shillong HQ,Chantail,Tripura,India,799279
Chinibagan,,Branch Post Office,Delivery,North Eastern,North Tripura,Dharmanagar,Shillong HQ,Deoracherra,Tripura,India,799279
Deora Cherra,,Branch Post Office,Delivery,North Eastern,North Tripura,Dharmanagar,Shillong HQ,Deoracherra,Tripura,India,799279
Goldharpur,,Branch Post Office,Delivery,North Eastern,North Tripura,Dharmanagar,Shillong HQ,Goldharpur,Tripura,India,799279
Gournagar,,Branch Post Office,Delivery,North Eastern,North Tripura,Dharmanagar,Shillong HQ,Gournagar,Tripura,India,799279
Kailashahar Air Port,,Branch Post Office,Non-Delivery,North Eastern,North Tripura,Dharmanagar,Shillong HQ,Kailashahar,Tripura,India,799279
Kirtantali,,Branch Post Office,Delivery,North Eastern,North Tripura,Dharmanagar,Shillong HQ,Gournagar,Tripura,India,799279
Paiturbazar,,Sub Post Office,Delivery,North Eastern,North Tripura,Dharmanagar,Shillong HQ,Gournagar,Tripura,India,799279
Zarultali,,Branch Post Office,Delivery,North Eastern,North Tripura,Dharmanagar,Shillong HQ,Zamurtali,Tripura,India,799279
Balehar,,Branch Post Office,Delivery,North Eastern,North Tripura,Dharmanagar,Shillong HQ,Jalai,Tripura,India,799280
Birchandranagar,,Branch Post Office,Delivery,North Eastern,North Tripura,Dharmanagar,Shillong HQ,Birchandranagar,Tripura,India,799280
Dalugaon,,Branch Post Office,Delivery,North Eastern,North Tripura,Dharmanagar,Shillong HQ,Bilashpur,Tripura,India,799280
Dhanbilash,,Branch Post Office,Delivery,North Eastern,North Tripura,Dharmanagar,Shillong HQ,Dhanbilash,Tripura,India,799280
Fultali,,Branch Post Office,Delivery,North Eastern,North Tripura,Dharmanagar,Shillong HQ,Fultali,Tripura,India,799280
Jagannathpur,,Branch Post Office,Delivery,North Eastern,North Tripura,Dharmanagar,Shillong HQ,Jagannathpur,Tripura,India,799280
Pechardahar,,Branch Post Office,Delivery,North Eastern,North Tripura,Dharmanagar,Shillong HQ,Pechardahar,Tripura,India,799280
Sonamukhi (North Tripura),,Sub Post Office,Delivery,North Eastern,North Tripura,Dharmanagar,Shillong HQ,Sonamukhi,Tripura,India,799280
Baburbazar,,Sub Post Office,Delivery,North Eastern,North Tripura,Dharmanagar,Shillong HQ,Gournagar,Tripura,India,799281
Hiracherra,,Branch Post Office,Delivery,North Eastern,North Tripura,Dharmanagar,Shillong HQ,Gournagar,Tripura,India,799281
Irani,,Branch Post Office,Delivery,North Eastern,North Tripura,Dharmanagar,Shillong HQ,Irani,Tripura,India,799281
Latiapur,,Branch Post Office,Delivery,North Eastern,North Tripura,Dharmanagar,Shillong HQ,Latiapur,Tripura,India,799281
Rangauti,,Branch Post Office,Delivery,North Eastern,North Tripura,Dharmanagar,Shillong HQ,Rangauti,Tripura,India,799281
Tripura Tillabazar,,Branch Post Office,Delivery,North Eastern,North Tripura,Dharmanagar,Shillong HQ,Jubaraznagar,Tripura,India,799281
Bhagirathpara,,Branch Post Office,Delivery,North Eastern,Dhalai,Dharmanagar,Shillong HQ,Bhagirathpara,Tripura,India,799284
Bullongbassa,,Branch Post Office,Delivery,North Eastern,Dhalai,Dharmanagar,Shillong HQ,Bullongbassa,Tripura,India,799284
Dalapatipara,,Branch Post Office,Delivery,North Eastern,Dhalai,Dharmanagar,Shillong HQ,Dalapatipara,Tripura,India,799284
Jagabandhu Para,,Branch Post Office,Delivery,North Eastern,Dhalai,Dharmanagar,Shillong HQ,Jagabandhupara,Tripura,India,799284
Laxmipur,,Branch Post Office,Delivery,North Eastern,Dhalai,Dharmanagar,Shillong HQ,Laxmipur,Tripura,India,799284
Ranipukur,,Branch Post Office,Delivery,North Eastern,Dhalai,Dharmanagar,Shillong HQ,Ranipukur,Tripura,India,799284
Sarma,,Sub Post Office,Delivery,North Eastern,Dhalai,Dharmanagar,Shillong HQ,Sarma,Tripura,India,799284
Bagaicherri,,Branch Post Office,Delivery,North Eastern,Dhalai,Dharmanagar,Shillong HQ,Bagaicherri,Tripura,India,799285
Baligaon,,Branch Post Office,Delivery,North Eastern,Dhalai,Dharmanagar,Shillong HQ,Baligaon,Tripura,India,799285
Chotosarma,,Branch Post Office,Delivery,North Eastern,Dhalai,Dharmanagar,Shillong HQ,Chotosarma,Tripura,India,799285
Fulcherri,,Branch Post Office,Non-Delivery,North Eastern,Dhalai,Dharmanagar,Shillong HQ,Kamalpur,Tripura,India,799285
Garodtilla,,Branch Post Office,Delivery,North Eastern,Dhalai,Dharmanagar,Shillong HQ,Kalachari,Tripura,India,799285
Kamalpur (Dhalai),,Sub Post Office,Delivery,North Eastern,Dhalai,Dharmanagar,Shillong HQ,Kamalpur,Tripura,India,799285
Kamalpur Bazar,,Branch Post Office,Non-Delivery,North Eastern,Dhalai,Dharmanagar,Shillong HQ,Kamalpur,Tripura,India,799285
Maracherra,,Branch Post Office,Delivery,North Eastern,Dhalai,Dharmanagar,Shillong HQ,Maracherra,Tripura,India,799285
Noagoan,,Branch Post Office,Delivery,North Eastern,Dhalai,Dharmanagar,Shillong HQ,Noagaon,Tripura,India,799285
Ramdurlavpur,,Branch Post Office,Delivery,North Eastern,Dhalai,Dharmanagar,Shillong HQ,Mayachari,Tripura,India,799285
Singibill,,Branch Post Office,Delivery,North Eastern,Dhalai,Dharmanagar,Shillong HQ,Halhuli,Tripura,India,799285
Abhanga,,Branch Post Office,Delivery,North Eastern,Dhalai,Dharmanagar,Shillong HQ,Abhanga,Tripura,India,799286
Apareshkar,,Branch Post Office,Delivery,North Eastern,Dhalai,Dharmanagar,Shillong HQ,Abhanga,Tripura,India,799286
Bamancherra,,Branch Post Office,Delivery,North Eastern,Dhalai,Dharmanagar,Shillong HQ,Bamancherra,Tripura,India,799286
Baralutma,,Branch Post Office,Delivery,North Eastern,Dhalai,Dharmanagar,Shillong HQ,Baralutma,Tripura,India,799286
Chengkap,,Branch Post Office,Delivery,North Eastern,Dhalai,Dharmanagar,Shillong HQ,Chengkap,Tripura,India,799286
Halahali,,Sub Post Office,Delivery,North Eastern,Dhalai,Dharmanagar,Shillong HQ,Halahali,Tripura,India,799286
Jamthing,,Branch Post Office,Delivery,North Eastern,Dhalai,Dharmanagar,Shillong HQ,Jamthing,Tripura,India,799286
Katalutma,,Branch Post Office,Delivery,North Eastern,Dhalai,Dharmanagar,Shillong HQ,Katalutma,Tripura,India,799286
Kamalpur Aerodrome,,Branch Post Office,Delivery,North Eastern,Dhalai,Dharmanagar,Shillong HQ,Salema,Tripura,India,799287
Kuchainala,,Branch Post Office,Delivery,North Eastern,Dhalai,Dharmanagar,Shillong HQ,Kuchainala,Tripura,India,799287
Manikbhander,,Sub Post Office,Delivery,North Eastern,Dhalai,Dharmanagar,Shillong HQ,Manikbhander,Tripura,India,799287
Nagbangshi,,Branch Post Office,Delivery,North Eastern,Dhalai,Dharmanagar,Shillong HQ,Nagbangshi,Tripura,India,799287
Srirampur Lambucherra,,Branch Post Office,Delivery,North Eastern,Dhalai,Dharmanagar,Shillong HQ,Srirampur Lambucherra,Tripura,India,799287
Dengdung,,Branch Post Office,Delivery,North Eastern,North Tripura,Dharmanagar,Shillong HQ,Demdun,Tripura,India,799288
Dudhpur,,Branch Post Office,Delivery,North Eastern,North Tripura,Dharmanagar,Shillong HQ,Dudhpur,Tripura,India,799288
Kanchanbari,,Sub Post Office,Delivery,North Eastern,North Tripura,Dharmanagar,Shillong HQ,Kanchanbari,Tripura,India,799288
Laljuri East,,Branch Post Office,Delivery,North Eastern,North Tripura,Dharmanagar,Shillong HQ,Laljuri,Tripura,India,799288
Masauli,,Branch Post Office,Delivery,North Eastern,North Tripura,Dharmanagar,Shillong HQ,Masauli,Tripura,India,799288
Nepaltilla,,Branch Post Office,Delivery,North Eastern,North Tripura,Dharmanagar,Shillong HQ,Kathalcherra,Tripura,India,799288
Taraninagar,,Branch Post Office,Delivery,North Eastern,North Tripura,Dharmanagar,Shillong HQ,Taraninagar,Tripura,India,799288
Ujan Dodhpur,,Branch Post Office,Delivery,North Eastern,North Tripura,Dharmanagar,Shillong HQ,Ujandodhpur,Tripura,India,799288
Ambassa,,Sub Post Office,Delivery,North Eastern,Dhalai,Dharmanagar,Shillong HQ,Ambassa,Tripura,India,799289
Chandraipara,,Branch Post Office,Delivery,North Eastern,Dhalai,Dharmanagar,Shillong HQ,Ambassa,Tripura,India,799289
Ganganagar Tribalcolony,,Branch Post Office,Delivery,North Eastern,Dhalai,Dharmanagar,Shillong HQ,Ganganagar,Tripura,India,799289
Harincherra,,Branch Post Office,Delivery,North Eastern,Dhalai,Dharmanagar,Shillong HQ,Ambassa,Tripura,India,799289
Kamalacherra,,Branch Post Office,Delivery,North Eastern,Dhalai,Dharmanagar,Shillong HQ,Ambassa,Tripura,India,799289
Kanchanpur Colony,,Branch Post Office,Delivery,North Eastern,Dhalai,Dharmanagar,Shillong HQ,Ambassa,Tripura,India,799289
Karnamunipara,,Branch Post Office,Delivery,North Eastern,Dhalai,Dharmanagar,Shillong HQ,Ambassa,Tripura,India,799289
Lakraichowdhuripara,,Branch Post Office,Delivery,North Eastern,Dhalai,Dharmanagar,Shillong HQ,Ambassa,Tripura,India,799289
Sikaribari,,Branch Post Office,Delivery,North Eastern,Dhalai,Dharmanagar,Shillong HQ,Ambassa,Tripura,India,799289
Emrapassa,,Branch Post Office,Delivery,North Eastern,North Tripura,Dharmanagar,Shillong HQ,West Rataceherra,Tripura,India,799290
Fatikcherra,,Branch Post Office,Delivery,North Eastern,North Tripura,Dharmanagar,Shillong HQ,Fatikcherra,Tripura,India,799290
Fatikroy,,Sub Post Office,Delivery,North Eastern,North Tripura,Dharmanagar,Shillong HQ,Fatikroy,Tripura,India,799290
Gakulnagar,,Branch Post Office,Delivery,North Eastern,North Tripura,Dharmanagar,Shillong HQ,Gakulnagar,Tripura,India,799290
Ganganagar,,Branch Post Office,Delivery,North Eastern,North Tripura,Dharmanagar,Shillong HQ,Ganganagar,Tripura,India,799290
Noagaon Bazar,,Branch Post Office,Delivery,North Eastern,North Tripura,Dharmanagar,Shillong HQ,Ganganagar,Tripura,India,799290
Paschimratacherra,,Branch Post Office,Delivery,North Eastern,North Tripura,Dharmanagar,Shillong HQ,West Ratacherra,Tripura,India,799290
Rajkandi,,Branch Post Office,Delivery,North Eastern,North Tripura,Dharmanagar,Shillong HQ,Rajkandi,Tripura,India,799290
Ratacherra,,Branch Post Office,Delivery,North Eastern,North Tripura,Dharmanagar,Shillong HQ,Ratacherra,Tripura,India,799290
Saidarpar,,Branch Post Office,Delivery,North Eastern,North Tripura,Dharmanagar,Shillong HQ,Saidarpar,Tripura,India,799290
Tarapur,,Branch Post Office,Delivery,North Eastern,North Tripura,Dharmanagar,Shillong HQ,Kriahnanagar,Tripura,India,799290
Teghari,,Branch Post Office,Delivery,North Eastern,North Tripura,Dharmanagar,Shillong HQ,Krishnanagar,Tripura,India,799290
Uttar Radhanagar,,Branch Post Office,Delivery,North Eastern,North Tripura,Dharmanagar,Shillong HQ,Krishnanagar,Tripura,India,799290
